{
    "created_at": "Wed Jan 18 06:37:41 +0000 2023",
    "id": 1615599288544788480,
    "id_str": "1615599288544788480",
    "text": "RT @withorpe: When tories sold off Royal Mail 16 priority investors were created. One allocated most shares was Capital Group, employer of…",
    "source": "<a href=\"http://twitter.com/download/android\" rel=\"nofollow\">Twitter for Android</a>",
    "truncated": false,
    "in_reply_to_status_id": null,
    "in_reply_to_status_id_str": null,
    "in_reply_to_user_id": null,
    "in_reply_to_user_id_str": null,
    "in_reply_to_screen_name": null,
    "user": {
        "id": 1161317586,
        "id_str": "1161317586",
        "name": "Nathan Fry",
        "screen_name": "NathanFryLeeds",
        "location": null,
        "url": null,
        "description": null,
        "translator_type": "none",
        "protected": false,
        "verified": false,
        "verified_type": "blue",
        "followers_count": 119,
        "friends_count": 299,
        "listed_count": 1,
        "favourites_count": 49023,
        "statuses_count": 13594,
        "created_at": "Fri Feb 08 22:00:57 +0000 2013",
        "utc_offset": null,
        "time_zone": null,
        "geo_enabled": false,
        "lang": null,
        "contributors_enabled": false,
        "is_translator": false,
        "profile_background_color": "C0DEED",
        "profile_background_image_url": "http://abs.twimg.com/images/themes/theme1/bg.png",
        "profile_background_image_url_https": "https://abs.twimg.com/images/themes/theme1/bg.png",
        "profile_background_tile": false,
        "profile_link_color": "1DA1F2",
        "profile_sidebar_border_color": "C0DEED",
        "profile_sidebar_fill_color": "DDEEF6",
        "profile_text_color": "333333",
        "profile_use_background_image": true,
        "profile_image_url": "http://pbs.twimg.com/profile_images/1544611925488705539/jUkIHhzQ_normal.jpg",
        "profile_image_url_https": "https://pbs.twimg.com/profile_images/1544611925488705539/jUkIHhzQ_normal.jpg",
        "profile_banner_url": "https://pbs.twimg.com/profile_banners/1161317586/1648019074",
        "default_profile": true,
        "default_profile_image": false,
        "following": null,
        "follow_request_sent": null,
        "notifications": null,
        "withheld_in_countries": []
    },
    "geo": null,
    "coordinates": null,
    "place": null,
    "contributors": null,
    "retweeted_status": {
        "created_at": "Tue Jan 17 15:35:50 +0000 2023",
        "id": 1615372329659559939,
        "id_str": "1615372329659559939",
        "text": "When tories sold off Royal Mail 16 priority investors were created. One allocated most shares was Capital Group, em… https://t.co/IvGb5gVMWI",
        "source": "<a href=\"http://twitter.com/download/android\" rel=\"nofollow\">Twitter for Android</a>",
        "truncated": true,
        "in_reply_to_status_id": null,
        "in_reply_to_status_id_str": null,
        "in_reply_to_user_id": null,
        "in_reply_to_user_id_str": null,
        "in_reply_to_screen_name": null,
        "user": {
            "id": 1424045809981607937,
            "id_str": "1424045809981607937",
            "name": "Will Thorpe",
            "screen_name": "withorpe",
            "location": null,
            "url": null,
            "description": "we hang the petty thieves and appoint the great ones to public office - aesop",
            "translator_type": "none",
            "protected": false,
            "verified": false,
            "verified_type": "blue",
            "followers_count": 16553,
            "friends_count": 266,
            "listed_count": 29,
            "favourites_count": 4959,
            "statuses_count": 2861,
            "created_at": "Sat Aug 07 16:32:57 +0000 2021",
            "utc_offset": null,
            "time_zone": null,
            "geo_enabled": true,
            "lang": null,
            "contributors_enabled": false,
            "is_translator": false,
            "profile_background_color": "F5F8FA",
            "profile_background_image_url": "",
            "profile_background_image_url_https": "",
            "profile_background_tile": false,
            "profile_link_color": "1DA1F2",
            "profile_sidebar_border_color": "C0DEED",
            "profile_sidebar_fill_color": "DDEEF6",
            "profile_text_color": "333333",
            "profile_use_background_image": true,
            "profile_image_url": "http://pbs.twimg.com/profile_images/1424046515664871431/bH-gnNuK_normal.jpg",
            "profile_image_url_https": "https://pbs.twimg.com/profile_images/1424046515664871431/bH-gnNuK_normal.jpg",
            "profile_banner_url": "https://pbs.twimg.com/profile_banners/1424045809981607937/1673739649",
            "default_profile": true,
            "default_profile_image": false,
            "following": null,
            "follow_request_sent": null,
            "notifications": null,
            "withheld_in_countries": []
        },
        "geo": null,
        "coordinates": null,
        "place": null,
        "contributors": null,
        "is_quote_status": false,
        "extended_tweet": {
            "full_text": "When tories sold off Royal Mail 16 priority investors were created. One allocated most shares was Capital Group, employer of Philip May, which made up to £39m profit in 1st week. 2nd biggest went to BlackRock who made up to £27m &amp; later employed Osborne as adviser on £650k a yr",
            "display_text_range": [
                0,
                282
            ],
            "entities": {
                "hashtags": [],
                "urls": [],
                "user_mentions": [],
                "symbols": []
            }
        },
        "quote_count": 17,
        "reply_count": 13,
        "retweet_count": 659,
        "favorite_count": 978,
        "entities": {
            "hashtags": [],
            "urls": [
                {
                    "url": "https://t.co/IvGb5gVMWI",
                    "expanded_url": "https://twitter.com/i/web/status/1615372329659559939",
                    "display_url": "twitter.com/i/web/status/1…",
                    "indices": [
                        117,
                        140
                    ]
                }
            ],
            "user_mentions": [],
            "symbols": []
        },
        "favorited": false,
        "retweeted": false,
        "filter_level": "low",
        "lang": "en"
    },
    "is_quote_status": false,
    "quote_count": 0,
    "reply_count": 0,
    "retweet_count": 0,
    "favorite_count": 0,
    "entities": {
        "hashtags": [],
        "urls": [],
        "user_mentions": [
            {
                "screen_name": "withorpe",
                "name": "Will Thorpe",
                "id": 1424045809981607937,
                "id_str": "1424045809981607937",
                "indices": [
                    3,
                    12
                ]
            }
        ],
        "symbols": []
    },
    "favorited": false,
    "retweeted": false,
    "filter_level": "low",
    "lang": "en",
    "timestamp_ms": "1674023861429"
}