{
    "created_at": "Wed Jan 18 06:37:45 +0000 2023",
    "id": 1615599306152591361,
    "id_str": "1615599306152591361",
    "text": "RT @SpillerOfTea: Interesting how a bill that allows trans people to change paperwork more easily, a bill that passed with an 86-39 majorit…",
    "source": "<a href=\"http://twitter.com/download/android\" rel=\"nofollow\">Twitter for Android</a>",
    "truncated": false,
    "in_reply_to_status_id": null,
    "in_reply_to_status_id_str": null,
    "in_reply_to_user_id": null,
    "in_reply_to_user_id_str": null,
    "in_reply_to_screen_name": null,
    "user": {
        "id": 856536284688416768,
        "id_str": "856536284688416768",
        "name": "Sophie Robinson",
        "screen_name": "Medicatedfun",
        "location": "ToriesWorstNightmare",
        "url": null,
        "description": "BLM\nAnti tory\n#JohnsonOut\nIntersectional Feminist, Socialist, Pro Choice, Pro Vax.\nEat the rich",
        "translator_type": "none",
        "protected": false,
        "verified": false,
        "verified_type": "blue",
        "followers_count": 40,
        "friends_count": 878,
        "listed_count": 2,
        "favourites_count": 8582,
        "statuses_count": 573,
        "created_at": "Mon Apr 24 15:52:18 +0000 2017",
        "utc_offset": null,
        "time_zone": null,
        "geo_enabled": false,
        "lang": null,
        "contributors_enabled": false,
        "is_translator": false,
        "profile_background_color": "F5F8FA",
        "profile_background_image_url": "",
        "profile_background_image_url_https": "",
        "profile_background_tile": false,
        "profile_link_color": "1DA1F2",
        "profile_sidebar_border_color": "C0DEED",
        "profile_sidebar_fill_color": "DDEEF6",
        "profile_text_color": "333333",
        "profile_use_background_image": true,
        "profile_image_url": "http://pbs.twimg.com/profile_images/1277334450976817154/QV2bxRY9_normal.jpg",
        "profile_image_url_https": "https://pbs.twimg.com/profile_images/1277334450976817154/QV2bxRY9_normal.jpg",
        "profile_banner_url": "https://pbs.twimg.com/profile_banners/856536284688416768/1642885181",
        "default_profile": true,
        "default_profile_image": false,
        "following": null,
        "follow_request_sent": null,
        "notifications": null,
        "withheld_in_countries": []
    },
    "geo": null,
    "coordinates": null,
    "place": null,
    "contributors": null,
    "retweeted_status": {
        "created_at": "Tue Jan 17 08:08:55 +0000 2023",
        "id": 1615259859120754689,
        "id_str": "1615259859120754689",
        "text": "Interesting how a bill that allows trans people to change paperwork more easily, a bill that passed with an 86-39 m… https://t.co/pIbqoK9HhR",
        "source": "<a href=\"http://twitter.com/download/iphone\" rel=\"nofollow\">Twitter for iPhone</a>",
        "truncated": true,
        "in_reply_to_status_id": null,
        "in_reply_to_status_id_str": null,
        "in_reply_to_user_id": null,
        "in_reply_to_user_id_str": null,
        "in_reply_to_screen_name": null,
        "user": {
            "id": 980052164893650944,
            "id_str": "980052164893650944",
            "name": "Queer Brenda 🏳️‍🌈🏳️‍⚧️ (they/them)",
            "screen_name": "SpillerOfTea",
            "location": "Scotland",
            "url": null,
            "description": "Non-heterosexual, non-binary, none of your business (@fanciestbrenda@mastodon.lol)",
            "translator_type": "none",
            "protected": false,
            "verified": false,
            "verified_type": "blue",
            "followers_count": 54855,
            "friends_count": 320,
            "listed_count": 173,
            "favourites_count": 25704,
            "statuses_count": 20739,
            "created_at": "Sat Mar 31 12:00:19 +0000 2018",
            "utc_offset": null,
            "time_zone": null,
            "geo_enabled": false,
            "lang": null,
            "contributors_enabled": false,
            "is_translator": false,
            "profile_background_color": "000000",
            "profile_background_image_url": "http://abs.twimg.com/images/themes/theme1/bg.png",
            "profile_background_image_url_https": "https://abs.twimg.com/images/themes/theme1/bg.png",
            "profile_background_tile": false,
            "profile_link_color": "E81C4F",
            "profile_sidebar_border_color": "000000",
            "profile_sidebar_fill_color": "000000",
            "profile_text_color": "000000",
            "profile_use_background_image": false,
            "profile_image_url": "http://pbs.twimg.com/profile_images/1516532893480280067/4FxWDc_a_normal.jpg",
            "profile_image_url_https": "https://pbs.twimg.com/profile_images/1516532893480280067/4FxWDc_a_normal.jpg",
            "profile_banner_url": "https://pbs.twimg.com/profile_banners/980052164893650944/1643046911",
            "default_profile": false,
            "default_profile_image": false,
            "following": null,
            "follow_request_sent": null,
            "notifications": null,
            "withheld_in_countries": []
        },
        "geo": null,
        "coordinates": null,
        "place": null,
        "contributors": null,
        "is_quote_status": false,
        "extended_tweet": {
            "full_text": "Interesting how a bill that allows trans people to change paperwork more easily, a bill that passed with an 86-39 majority, is always described as ‘CONTROVERSIAL’ in the media, but when the Tories pass legislation to restrict our basic democratic rights they just fucking shrug.",
            "display_text_range": [
                0,
                278
            ],
            "entities": {
                "hashtags": [],
                "urls": [],
                "user_mentions": [],
                "symbols": []
            }
        },
        "quote_count": 11,
        "reply_count": 23,
        "retweet_count": 1984,
        "favorite_count": 11262,
        "entities": {
            "hashtags": [],
            "urls": [
                {
                    "url": "https://t.co/pIbqoK9HhR",
                    "expanded_url": "https://twitter.com/i/web/status/1615259859120754689",
                    "display_url": "twitter.com/i/web/status/1…",
                    "indices": [
                        117,
                        140
                    ]
                }
            ],
            "user_mentions": [],
            "symbols": []
        },
        "favorited": false,
        "retweeted": false,
        "filter_level": "low",
        "lang": "en"
    },
    "is_quote_status": false,
    "quote_count": 0,
    "reply_count": 0,
    "retweet_count": 0,
    "favorite_count": 0,
    "entities": {
        "hashtags": [],
        "urls": [],
        "user_mentions": [
            {
                "screen_name": "SpillerOfTea",
                "name": "Queer Brenda 🏳️‍🌈🏳️‍⚧️ (they/them)",
                "id": 980052164893650944,
                "id_str": "980052164893650944",
                "indices": [
                    3,
                    16
                ]
            }
        ],
        "symbols": []
    },
    "favorited": false,
    "retweeted": false,
    "filter_level": "low",
    "lang": "en",
    "timestamp_ms": "1674023865627"
}