{
    "created_at": "Wed Jan 18 06:37:50 +0000 2023",
    "id": 1615599325014523910,
    "id_str": "1615599325014523910",
    "text": "RT @MancDave79: Stop the ULEZ Extension\nProtest Saturday 28th January Trafalgar Square 12pm. \n\n#TheULEZScandal\nSadiq Khan made false statem…",
    "source": "<a href=\"http://twitter.com/download/android\" rel=\"nofollow\">Twitter for Android</a>",
    "truncated": false,
    "in_reply_to_status_id": null,
    "in_reply_to_status_id_str": null,
    "in_reply_to_user_id": null,
    "in_reply_to_user_id_str": null,
    "in_reply_to_screen_name": null,
    "user": {
        "id": 906102418248749058,
        "id_str": "906102418248749058",
        "name": "Elspeth Macpherson",
        "screen_name": "ElspethMacpher7",
        "location": null,
        "url": null,
        "description": null,
        "translator_type": "none",
        "protected": false,
        "verified": false,
        "verified_type": "blue",
        "followers_count": 1672,
        "friends_count": 839,
        "listed_count": 6,
        "favourites_count": 253169,
        "statuses_count": 143960,
        "created_at": "Fri Sep 08 10:30:25 +0000 2017",
        "utc_offset": null,
        "time_zone": null,
        "geo_enabled": true,
        "lang": null,
        "contributors_enabled": false,
        "is_translator": false,
        "profile_background_color": "F5F8FA",
        "profile_background_image_url": "",
        "profile_background_image_url_https": "",
        "profile_background_tile": false,
        "profile_link_color": "1DA1F2",
        "profile_sidebar_border_color": "C0DEED",
        "profile_sidebar_fill_color": "DDEEF6",
        "profile_text_color": "333333",
        "profile_use_background_image": true,
        "profile_image_url": "http://abs.twimg.com/sticky/default_profile_images/default_profile_normal.png",
        "profile_image_url_https": "https://abs.twimg.com/sticky/default_profile_images/default_profile_normal.png",
        "default_profile": true,
        "default_profile_image": false,
        "following": null,
        "follow_request_sent": null,
        "notifications": null,
        "withheld_in_countries": []
    },
    "geo": null,
    "coordinates": null,
    "place": null,
    "contributors": null,
    "retweeted_status": {
        "created_at": "Tue Jan 17 10:15:24 +0000 2023",
        "id": 1615291692344647680,
        "id_str": "1615291692344647680",
        "text": "Stop the ULEZ Extension\nProtest Saturday 28th January Trafalgar Square 12pm. \n\n#TheULEZScandal\nSadiq Khan made fals… https://t.co/fCI47HrUID",
        "display_text_range": [
            0,
            140
        ],
        "source": "<a href=\"http://twitter.com/download/android\" rel=\"nofollow\">Twitter for Android</a>",
        "truncated": true,
        "in_reply_to_status_id": null,
        "in_reply_to_status_id_str": null,
        "in_reply_to_user_id": null,
        "in_reply_to_user_id_str": null,
        "in_reply_to_screen_name": null,
        "user": {
            "id": 914753403582066688,
            "id_str": "914753403582066688",
            "name": "MancDave 🐝 🏴󠁧󠁢󠁥󠁮󠁧󠁿🇬🇧✌🏻❤",
            "screen_name": "MancDave79",
            "location": "Here There and Everywhere ",
            "url": null,
            "description": "Patriot, Activist, Free Speech Advocate, soothsayer🔮, ProDemocracy, Better MH,\n❤MCR🐝🏴󠁧󠁢󠁥󠁮󠁧󠁿🇬🇧\n#JusticeForThe22 \n#FreeMelanieShaw\n#MEGA\n🗣📢 🙏💪❤",
            "translator_type": "none",
            "protected": false,
            "verified": false,
            "verified_type": "blue",
            "followers_count": 553,
            "friends_count": 2960,
            "listed_count": 0,
            "favourites_count": 2839,
            "statuses_count": 2308,
            "created_at": "Mon Oct 02 07:26:21 +0000 2017",
            "utc_offset": null,
            "time_zone": null,
            "geo_enabled": false,
            "lang": null,
            "contributors_enabled": false,
            "is_translator": false,
            "profile_background_color": "F5F8FA",
            "profile_background_image_url": "",
            "profile_background_image_url_https": "",
            "profile_background_tile": false,
            "profile_link_color": "1DA1F2",
            "profile_sidebar_border_color": "C0DEED",
            "profile_sidebar_fill_color": "DDEEF6",
            "profile_text_color": "333333",
            "profile_use_background_image": true,
            "profile_image_url": "http://pbs.twimg.com/profile_images/1385899058829664256/hM7Uxwfr_normal.jpg",
            "profile_image_url_https": "https://pbs.twimg.com/profile_images/1385899058829664256/hM7Uxwfr_normal.jpg",
            "profile_banner_url": "https://pbs.twimg.com/profile_banners/914753403582066688/1673344441",
            "default_profile": true,
            "default_profile_image": false,
            "following": null,
            "follow_request_sent": null,
            "notifications": null,
            "withheld_in_countries": []
        },
        "geo": null,
        "coordinates": null,
        "place": null,
        "contributors": null,
        "is_quote_status": false,
        "extended_tweet": {
            "full_text": "Stop the ULEZ Extension\nProtest Saturday 28th January Trafalgar Square 12pm. \n\n#TheULEZScandal\nSadiq Khan made false statements to London Assembly, &amp; manipulated the consultation results by excluding 1000s of responses. 200+ pages of internal emails &amp; doc's being released today. https://t.co/XtiE5npfXy",
            "display_text_range": [
                0,
                287
            ],
            "entities": {
                "hashtags": [
                    {
                        "text": "TheULEZScandal",
                        "indices": [
                            79,
                            94
                        ]
                    }
                ],
                "urls": [],
                "user_mentions": [],
                "symbols": [],
                "media": [
                    {
                        "id": 1615291690318794752,
                        "id_str": "1615291690318794752",
                        "indices": [
                            288,
                            311
                        ],
                        "media_url": "http://pbs.twimg.com/media/FmqrO_IXkAA_gEq.jpg",
                        "media_url_https": "https://pbs.twimg.com/media/FmqrO_IXkAA_gEq.jpg",
                        "url": "https://t.co/XtiE5npfXy",
                        "display_url": "pic.twitter.com/XtiE5npfXy",
                        "expanded_url": "https://twitter.com/MancDave79/status/1615291692344647680/photo/1",
                        "type": "photo",
                        "sizes": {
                            "thumb": {
                                "w": 150,
                                "h": 150,
                                "resize": "crop"
                            },
                            "medium": {
                                "w": 711,
                                "h": 1024,
                                "resize": "fit"
                            },
                            "large": {
                                "w": 711,
                                "h": 1024,
                                "resize": "fit"
                            },
                            "small": {
                                "w": 472,
                                "h": 680,
                                "resize": "fit"
                            }
                        }
                    }
                ]
            },
            "extended_entities": {
                "media": [
                    {
                        "id": 1615291690318794752,
                        "id_str": "1615291690318794752",
                        "indices": [
                            288,
                            311
                        ],
                        "media_url": "http://pbs.twimg.com/media/FmqrO_IXkAA_gEq.jpg",
                        "media_url_https": "https://pbs.twimg.com/media/FmqrO_IXkAA_gEq.jpg",
                        "url": "https://t.co/XtiE5npfXy",
                        "display_url": "pic.twitter.com/XtiE5npfXy",
                        "expanded_url": "https://twitter.com/MancDave79/status/1615291692344647680/photo/1",
                        "type": "photo",
                        "sizes": {
                            "thumb": {
                                "w": 150,
                                "h": 150,
                                "resize": "crop"
                            },
                            "medium": {
                                "w": 711,
                                "h": 1024,
                                "resize": "fit"
                            },
                            "large": {
                                "w": 711,
                                "h": 1024,
                                "resize": "fit"
                            },
                            "small": {
                                "w": 472,
                                "h": 680,
                                "resize": "fit"
                            }
                        }
                    }
                ]
            }
        },
        "quote_count": 0,
        "reply_count": 0,
        "retweet_count": 7,
        "favorite_count": 15,
        "entities": {
            "hashtags": [
                {
                    "text": "TheULEZScandal",
                    "indices": [
                        79,
                        94
                    ]
                }
            ],
            "urls": [
                {
                    "url": "https://t.co/fCI47HrUID",
                    "expanded_url": "https://twitter.com/i/web/status/1615291692344647680",
                    "display_url": "twitter.com/i/web/status/1…",
                    "indices": [
                        117,
                        140
                    ]
                }
            ],
            "user_mentions": [],
            "symbols": []
        },
        "favorited": false,
        "retweeted": false,
        "possibly_sensitive": false,
        "filter_level": "low",
        "lang": "en"
    },
    "is_quote_status": false,
    "quote_count": 0,
    "reply_count": 0,
    "retweet_count": 0,
    "favorite_count": 0,
    "entities": {
        "hashtags": [
            {
                "text": "TheULEZScandal",
                "indices": [
                    95,
                    110
                ]
            }
        ],
        "urls": [],
        "user_mentions": [
            {
                "screen_name": "MancDave79",
                "name": "MancDave 🐝 🏴󠁧󠁢󠁥󠁮󠁧󠁿🇬🇧✌🏻❤",
                "id": 914753403582066688,
                "id_str": "914753403582066688",
                "indices": [
                    3,
                    14
                ]
            }
        ],
        "symbols": []
    },
    "favorited": false,
    "retweeted": false,
    "filter_level": "low",
    "lang": "en",
    "timestamp_ms": "1674023870124"
}