{
    "created_at": "Wed Jan 18 06:37:44 +0000 2023",
    "id": 1615599300964405248,
    "id_str": "1615599300964405248",
    "text": "RT @yuwelphoria: #UKYEONG: 𝗕𝗘𝗚𝗚𝗜𝗡𝗚 𝗫 𝗗𝗘𝗠𝗔𝗡𝗗𝗜𝗡𝗚\n\naggressive kisses of ukyeong &gt;&gt;&gt;&gt; yeong never really had to beg because uk has always been…",
    "source": "<a href=\"http://twitter.com/download/iphone\" rel=\"nofollow\">Twitter for iPhone</a>",
    "truncated": false,
    "in_reply_to_status_id": null,
    "in_reply_to_status_id_str": null,
    "in_reply_to_user_id": null,
    "in_reply_to_user_id_str": null,
    "in_reply_to_screen_name": null,
    "user": {
        "id": 1898672911,
        "id_str": "1898672911",
        "name": "repeatinglitanies",
        "screen_name": "repeatlitanies",
        "location": null,
        "url": null,
        "description": "cast Jessie Mei Li as Delirium in the Sandman season 2, pls! I’m repeatinglitanies on tumblr",
        "translator_type": "none",
        "protected": false,
        "verified": false,
        "verified_type": "blue",
        "followers_count": 284,
        "friends_count": 215,
        "listed_count": 5,
        "favourites_count": 25418,
        "statuses_count": 26041,
        "created_at": "Mon Sep 23 23:04:48 +0000 2013",
        "utc_offset": null,
        "time_zone": null,
        "geo_enabled": false,
        "lang": null,
        "contributors_enabled": false,
        "is_translator": false,
        "profile_background_color": "C0DEED",
        "profile_background_image_url": "http://abs.twimg.com/images/themes/theme1/bg.png",
        "profile_background_image_url_https": "https://abs.twimg.com/images/themes/theme1/bg.png",
        "profile_background_tile": false,
        "profile_link_color": "1DA1F2",
        "profile_sidebar_border_color": "C0DEED",
        "profile_sidebar_fill_color": "DDEEF6",
        "profile_text_color": "333333",
        "profile_use_background_image": true,
        "profile_image_url": "http://pbs.twimg.com/profile_images/412937239765598209/OMkrUC0s_normal.jpeg",
        "profile_image_url_https": "https://pbs.twimg.com/profile_images/412937239765598209/OMkrUC0s_normal.jpeg",
        "profile_banner_url": "https://pbs.twimg.com/profile_banners/1898672911/1387286986",
        "default_profile": true,
        "default_profile_image": false,
        "following": null,
        "follow_request_sent": null,
        "notifications": null,
        "withheld_in_countries": []
    },
    "geo": null,
    "coordinates": null,
    "place": null,
    "contributors": null,
    "retweeted_status": {
        "created_at": "Wed Jan 18 03:26:30 +0000 2023",
        "id": 1615551175461588993,
        "id_str": "1615551175461588993",
        "text": "#UKYEONG: 𝗕𝗘𝗚𝗚𝗜𝗡𝗚 𝗫 𝗗𝗘𝗠𝗔𝗡𝗗𝗜𝗡𝗚\n\naggressive kisses of ukyeong &gt;&gt;&gt;&gt; yeong never really had to beg because uk has alway… https://t.co/mvIjWa8rwD",
        "display_text_range": [
            0,
            140
        ],
        "source": "<a href=\"http://twitter.com/download/android\" rel=\"nofollow\">Twitter for Android</a>",
        "truncated": true,
        "in_reply_to_status_id": null,
        "in_reply_to_status_id_str": null,
        "in_reply_to_user_id": null,
        "in_reply_to_user_id_str": null,
        "in_reply_to_screen_name": null,
        "user": {
            "id": 1491002947441872901,
            "id_str": "1491002947441872901",
            "name": "yuwel ❄️🍀",
            "screen_name": "yuwelphoria",
            "location": "filo",
            "url": null,
            "description": "INTJ • hyebeom | hyungjoo | bboing | younjae | au writer | 4ever stuck in lawschool, happiness & alchemy of souls era 🍀",
            "translator_type": "none",
            "protected": false,
            "verified": false,
            "verified_type": "blue",
            "followers_count": 3288,
            "friends_count": 532,
            "listed_count": 28,
            "favourites_count": 16039,
            "statuses_count": 13770,
            "created_at": "Tue Feb 08 10:56:30 +0000 2022",
            "utc_offset": null,
            "time_zone": null,
            "geo_enabled": false,
            "lang": null,
            "contributors_enabled": false,
            "is_translator": false,
            "profile_background_color": "F5F8FA",
            "profile_background_image_url": "",
            "profile_background_image_url_https": "",
            "profile_background_tile": false,
            "profile_link_color": "1DA1F2",
            "profile_sidebar_border_color": "C0DEED",
            "profile_sidebar_fill_color": "DDEEF6",
            "profile_text_color": "333333",
            "profile_use_background_image": true,
            "profile_image_url": "http://pbs.twimg.com/profile_images/1612145642658500608/t5-BcF4K_normal.jpg",
            "profile_image_url_https": "https://pbs.twimg.com/profile_images/1612145642658500608/t5-BcF4K_normal.jpg",
            "profile_banner_url": "https://pbs.twimg.com/profile_banners/1491002947441872901/1673282716",
            "default_profile": true,
            "default_profile_image": false,
            "following": null,
            "follow_request_sent": null,
            "notifications": null,
            "withheld_in_countries": []
        },
        "geo": null,
        "coordinates": null,
        "place": null,
        "contributors": null,
        "is_quote_status": false,
        "extended_tweet": {
            "full_text": "#UKYEONG: 𝗕𝗘𝗚𝗚𝗜𝗡𝗚 𝗫 𝗗𝗘𝗠𝗔𝗡𝗗𝗜𝗡𝗚\n\naggressive kisses of ukyeong &gt;&gt;&gt;&gt; yeong never really had to beg because uk has always been &amp; will always be down bad for her. 🦋🦋\n\nTHEY ATE...each other 🛐\n\n#LEEJAEWOOK X #GOYOUNJUNG\n#YOUNJAE #JANGUK #CHOYEONG #AlchemyOfSouls2 https://t.co/EkLH3QWkNW",
            "display_text_range": [
                0,
                271
            ],
            "entities": {
                "hashtags": [
                    {
                        "text": "UKYEONG",
                        "indices": [
                            0,
                            8
                        ]
                    },
                    {
                        "text": "LEEJAEWOOK",
                        "indices": [
                            202,
                            213
                        ]
                    },
                    {
                        "text": "GOYOUNJUNG",
                        "indices": [
                            216,
                            227
                        ]
                    },
                    {
                        "text": "YOUNJAE",
                        "indices": [
                            228,
                            236
                        ]
                    },
                    {
                        "text": "JANGUK",
                        "indices": [
                            237,
                            244
                        ]
                    },
                    {
                        "text": "CHOYEONG",
                        "indices": [
                            245,
                            254
                        ]
                    },
                    {
                        "text": "AlchemyOfSouls2",
                        "indices": [
                            255,
                            271
                        ]
                    }
                ],
                "urls": [],
                "user_mentions": [],
                "symbols": [],
                "media": [
                    {
                        "id": 1615551140577574912,
                        "id_str": "1615551140577574912",
                        "indices": [
                            272,
                            295
                        ],
                        "additional_media_info": {
                            "monetizable": false
                        },
                        "media_url": "http://pbs.twimg.com/ext_tw_video_thumb/1615551140577574912/pu/img/kToZ-83W1_MPerWH.jpg",
                        "media_url_https": "https://pbs.twimg.com/ext_tw_video_thumb/1615551140577574912/pu/img/kToZ-83W1_MPerWH.jpg",
                        "url": "https://t.co/EkLH3QWkNW",
                        "display_url": "pic.twitter.com/EkLH3QWkNW",
                        "expanded_url": "https://twitter.com/yuwelphoria/status/1615551175461588993/video/1",
                        "type": "video",
                        "video_info": {
                            "aspect_ratio": [
                                1,
                                1
                            ],
                            "duration_millis": 9357,
                            "variants": [
                                {
                                    "content_type": "application/x-mpegURL",
                                    "url": "https://video.twimg.com/ext_tw_video/1615551140577574912/pu/pl/QaYpYowQ5ATcxX4o.m3u8?tag=12&container=fmp4"
                                },
                                {
                                    "bitrate": 832000,
                                    "content_type": "video/mp4",
                                    "url": "https://video.twimg.com/ext_tw_video/1615551140577574912/pu/vid/540x540/4eFCQ1Cn2Bl9pTcL.mp4?tag=12"
                                },
                                {
                                    "bitrate": 1280000,
                                    "content_type": "video/mp4",
                                    "url": "https://video.twimg.com/ext_tw_video/1615551140577574912/pu/vid/720x720/gsW73fIwY52BG3IP.mp4?tag=12"
                                },
                                {
                                    "bitrate": 432000,
                                    "content_type": "video/mp4",
                                    "url": "https://video.twimg.com/ext_tw_video/1615551140577574912/pu/vid/320x320/cgmH4klwczn-vc3M.mp4?tag=12"
                                }
                            ]
                        },
                        "sizes": {
                            "thumb": {
                                "w": 150,
                                "h": 150,
                                "resize": "crop"
                            },
                            "small": {
                                "w": 680,
                                "h": 680,
                                "resize": "fit"
                            },
                            "medium": {
                                "w": 720,
                                "h": 720,
                                "resize": "fit"
                            },
                            "large": {
                                "w": 720,
                                "h": 720,
                                "resize": "fit"
                            }
                        }
                    }
                ]
            },
            "extended_entities": {
                "media": [
                    {
                        "id": 1615551140577574912,
                        "id_str": "1615551140577574912",
                        "indices": [
                            272,
                            295
                        ],
                        "additional_media_info": {
                            "monetizable": false
                        },
                        "media_url": "http://pbs.twimg.com/ext_tw_video_thumb/1615551140577574912/pu/img/kToZ-83W1_MPerWH.jpg",
                        "media_url_https": "https://pbs.twimg.com/ext_tw_video_thumb/1615551140577574912/pu/img/kToZ-83W1_MPerWH.jpg",
                        "url": "https://t.co/EkLH3QWkNW",
                        "display_url": "pic.twitter.com/EkLH3QWkNW",
                        "expanded_url": "https://twitter.com/yuwelphoria/status/1615551175461588993/video/1",
                        "type": "video",
                        "video_info": {
                            "aspect_ratio": [
                                1,
                                1
                            ],
                            "duration_millis": 9357,
                            "variants": [
                                {
                                    "content_type": "application/x-mpegURL",
                                    "url": "https://video.twimg.com/ext_tw_video/1615551140577574912/pu/pl/QaYpYowQ5ATcxX4o.m3u8?tag=12&container=fmp4"
                                },
                                {
                                    "bitrate": 832000,
                                    "content_type": "video/mp4",
                                    "url": "https://video.twimg.com/ext_tw_video/1615551140577574912/pu/vid/540x540/4eFCQ1Cn2Bl9pTcL.mp4?tag=12"
                                },
                                {
                                    "bitrate": 1280000,
                                    "content_type": "video/mp4",
                                    "url": "https://video.twimg.com/ext_tw_video/1615551140577574912/pu/vid/720x720/gsW73fIwY52BG3IP.mp4?tag=12"
                                },
                                {
                                    "bitrate": 432000,
                                    "content_type": "video/mp4",
                                    "url": "https://video.twimg.com/ext_tw_video/1615551140577574912/pu/vid/320x320/cgmH4klwczn-vc3M.mp4?tag=12"
                                }
                            ]
                        },
                        "sizes": {
                            "thumb": {
                                "w": 150,
                                "h": 150,
                                "resize": "crop"
                            },
                            "small": {
                                "w": 680,
                                "h": 680,
                                "resize": "fit"
                            },
                            "medium": {
                                "w": 720,
                                "h": 720,
                                "resize": "fit"
                            },
                            "large": {
                                "w": 720,
                                "h": 720,
                                "resize": "fit"
                            }
                        }
                    }
                ]
            }
        },
        "quote_count": 1,
        "reply_count": 2,
        "retweet_count": 45,
        "favorite_count": 229,
        "entities": {
            "hashtags": [
                {
                    "text": "UKYEONG",
                    "indices": [
                        0,
                        8
                    ]
                }
            ],
            "urls": [
                {
                    "url": "https://t.co/mvIjWa8rwD",
                    "expanded_url": "https://twitter.com/i/web/status/1615551175461588993",
                    "display_url": "twitter.com/i/web/status/1…",
                    "indices": [
                        129,
                        152
                    ]
                }
            ],
            "user_mentions": [],
            "symbols": []
        },
        "favorited": false,
        "retweeted": false,
        "possibly_sensitive": false,
        "filter_level": "low",
        "lang": "en"
    },
    "is_quote_status": false,
    "quote_count": 0,
    "reply_count": 0,
    "retweet_count": 0,
    "favorite_count": 0,
    "entities": {
        "hashtags": [
            {
                "text": "UKYEONG",
                "indices": [
                    17,
                    25
                ]
            }
        ],
        "urls": [],
        "user_mentions": [
            {
                "screen_name": "yuwelphoria",
                "name": "yuwel ❄️🍀",
                "id": 1491002947441872901,
                "id_str": "1491002947441872901",
                "indices": [
                    3,
                    15
                ]
            }
        ],
        "symbols": []
    },
    "favorited": false,
    "retweeted": false,
    "filter_level": "low",
    "lang": "en",
    "timestamp_ms": "1674023864390"
}