{
    "created_at": "Wed Jan 18 06:37:40 +0000 2023",
    "id": 1615599285738807300,
    "id_str": "1615599285738807300",
    "text": "RESTOCK Air Jordan 1 Low on Kickz\n\nDE: https://t.co/8EdTnPZ3Fr\nFR: https://t.co/tNwtMQOO1N\nIT:… https://t.co/aq1JJRFlu2",
    "display_text_range": [
        0,
        140
    ],
    "source": "<a href=\"https://www.raffle-sneakers.com\" rel=\"nofollow\">Raffle-Sneakers</a>",
    "truncated": true,
    "in_reply_to_status_id": null,
    "in_reply_to_status_id_str": null,
    "in_reply_to_user_id": null,
    "in_reply_to_user_id_str": null,
    "in_reply_to_screen_name": null,
    "user": {
        "id": 1246784952982745088,
        "id_str": "1246784952982745088",
        "name": "Raffle Sneakers | Restock Alerts & Raffle lists",
        "screen_name": "raffle_sneakers",
        "location": "Worldwide",
        "url": "https://www.raffle-sneakers.com/",
        "description": "The ultimate website to find every sneakers raffle worldwide. Tweets contain affiliate links.",
        "translator_type": "none",
        "protected": false,
        "verified": false,
        "verified_type": "blue",
        "followers_count": 27777,
        "friends_count": 0,
        "listed_count": 96,
        "favourites_count": 2240,
        "statuses_count": 83733,
        "created_at": "Sun Apr 05 13:01:21 +0000 2020",
        "utc_offset": null,
        "time_zone": null,
        "geo_enabled": false,
        "lang": null,
        "contributors_enabled": false,
        "is_translator": false,
        "profile_background_color": "F5F8FA",
        "profile_background_image_url": "",
        "profile_background_image_url_https": "",
        "profile_background_tile": false,
        "profile_link_color": "1DA1F2",
        "profile_sidebar_border_color": "C0DEED",
        "profile_sidebar_fill_color": "DDEEF6",
        "profile_text_color": "333333",
        "profile_use_background_image": true,
        "profile_image_url": "http://pbs.twimg.com/profile_images/1246785708024610816/8z5CGbuv_normal.jpg",
        "profile_image_url_https": "https://pbs.twimg.com/profile_images/1246785708024610816/8z5CGbuv_normal.jpg",
        "profile_banner_url": "https://pbs.twimg.com/profile_banners/1246784952982745088/1586095294",
        "default_profile": true,
        "default_profile_image": false,
        "following": null,
        "follow_request_sent": null,
        "notifications": null,
        "withheld_in_countries": []
    },
    "geo": null,
    "coordinates": null,
    "place": null,
    "contributors": null,
    "is_quote_status": false,
    "extended_tweet": {
        "full_text": "RESTOCK Air Jordan 1 Low on Kickz\n\nDE: https://t.co/8EdTnPZ3Fr\nFR: https://t.co/tNwtMQOO1N\nIT: https://t.co/lKQoKJpI6h\nNL: https://t.co/9Io1L83ZPs\nUK: https://t.co/nWalPRPJox https://t.co/nF2bwYLbxA",
        "display_text_range": [
            0,
            174
        ],
        "entities": {
            "hashtags": [],
            "urls": [
                {
                    "url": "https://t.co/8EdTnPZ3Fr",
                    "expanded_url": "http://rflsnk.link/C1_grona",
                    "display_url": "rflsnk.link/C1_grona",
                    "indices": [
                        39,
                        62
                    ]
                },
                {
                    "url": "https://t.co/tNwtMQOO1N",
                    "expanded_url": "http://rflsnk.link/nksjkXNX",
                    "display_url": "rflsnk.link/nksjkXNX",
                    "indices": [
                        67,
                        90
                    ]
                },
                {
                    "url": "https://t.co/lKQoKJpI6h",
                    "expanded_url": "http://rflsnk.link/mund1izC",
                    "display_url": "rflsnk.link/mund1izC",
                    "indices": [
                        95,
                        118
                    ]
                },
                {
                    "url": "https://t.co/9Io1L83ZPs",
                    "expanded_url": "http://rflsnk.link/4oyV62Hb",
                    "display_url": "rflsnk.link/4oyV62Hb",
                    "indices": [
                        123,
                        146
                    ]
                },
                {
                    "url": "https://t.co/nWalPRPJox",
                    "expanded_url": "http://rflsnk.link/jdMLKBEi",
                    "display_url": "rflsnk.link/jdMLKBEi",
                    "indices": [
                        151,
                        174
                    ]
                }
            ],
            "user_mentions": [],
            "symbols": [],
            "media": [
                {
                    "id": 1615599283348045824,
                    "id_str": "1615599283348045824",
                    "indices": [
                        175,
                        198
                    ],
                    "media_url": "http://pbs.twimg.com/media/FmvC_QdWAAAiU7y.jpg",
                    "media_url_https": "https://pbs.twimg.com/media/FmvC_QdWAAAiU7y.jpg",
                    "url": "https://t.co/nF2bwYLbxA",
                    "display_url": "pic.twitter.com/nF2bwYLbxA",
                    "expanded_url": "https://twitter.com/raffle_sneakers/status/1615599285738807300/photo/1",
                    "type": "photo",
                    "sizes": {
                        "large": {
                            "w": 1312,
                            "h": 608,
                            "resize": "fit"
                        },
                        "thumb": {
                            "w": 150,
                            "h": 150,
                            "resize": "crop"
                        },
                        "small": {
                            "w": 680,
                            "h": 315,
                            "resize": "fit"
                        },
                        "medium": {
                            "w": 1200,
                            "h": 556,
                            "resize": "fit"
                        }
                    }
                }
            ]
        },
        "extended_entities": {
            "media": [
                {
                    "id": 1615599283348045824,
                    "id_str": "1615599283348045824",
                    "indices": [
                        175,
                        198
                    ],
                    "media_url": "http://pbs.twimg.com/media/FmvC_QdWAAAiU7y.jpg",
                    "media_url_https": "https://pbs.twimg.com/media/FmvC_QdWAAAiU7y.jpg",
                    "url": "https://t.co/nF2bwYLbxA",
                    "display_url": "pic.twitter.com/nF2bwYLbxA",
                    "expanded_url": "https://twitter.com/raffle_sneakers/status/1615599285738807300/photo/1",
                    "type": "photo",
                    "sizes": {
                        "large": {
                            "w": 1312,
                            "h": 608,
                            "resize": "fit"
                        },
                        "thumb": {
                            "w": 150,
                            "h": 150,
                            "resize": "crop"
                        },
                        "small": {
                            "w": 680,
                            "h": 315,
                            "resize": "fit"
                        },
                        "medium": {
                            "w": 1200,
                            "h": 556,
                            "resize": "fit"
                        }
                    }
                }
            ]
        }
    },
    "quote_count": 0,
    "reply_count": 0,
    "retweet_count": 0,
    "favorite_count": 0,
    "entities": {
        "hashtags": [],
        "urls": [
            {
                "url": "https://t.co/8EdTnPZ3Fr",
                "expanded_url": "http://rflsnk.link/C1_grona",
                "display_url": "rflsnk.link/C1_grona",
                "indices": [
                    39,
                    62
                ]
            },
            {
                "url": "https://t.co/tNwtMQOO1N",
                "expanded_url": "http://rflsnk.link/nksjkXNX",
                "display_url": "rflsnk.link/nksjkXNX",
                "indices": [
                    67,
                    90
                ]
            },
            {
                "url": "https://t.co/aq1JJRFlu2",
                "expanded_url": "https://twitter.com/i/web/status/1615599285738807300",
                "display_url": "twitter.com/i/web/status/1…",
                "indices": [
                    96,
                    119
                ]
            }
        ],
        "user_mentions": [],
        "symbols": []
    },
    "favorited": false,
    "retweeted": false,
    "possibly_sensitive": false,
    "filter_level": "low",
    "lang": "en",
    "timestamp_ms": "1674023860760"
}