{
    "created_at": "Wed Jan 18 06:37:44 +0000 2023",
    "id": 1615599301673058306,
    "id_str": "1615599301673058306",
    "text": "@GMB just listening to your discussion that “cakes in the office are harmful”. It’s my birthday today so am taking… https://t.co/ixer3G124w",
    "source": "<a href=\"http://twitter.com/download/iphone\" rel=\"nofollow\">Twitter for iPhone</a>",
    "truncated": true,
    "in_reply_to_status_id": null,
    "in_reply_to_status_id_str": null,
    "in_reply_to_user_id": 19424427,
    "in_reply_to_user_id_str": "19424427",
    "in_reply_to_screen_name": "GMB",
    "user": {
        "id": 826653306,
        "id_str": "826653306",
        "name": "Verena Cole",
        "screen_name": "verenacoleweber",
        "location": "Bristol, England",
        "url": null,
        "description": null,
        "translator_type": "none",
        "protected": false,
        "verified": false,
        "verified_type": "blue",
        "followers_count": 2,
        "friends_count": 7,
        "listed_count": 0,
        "favourites_count": 12,
        "statuses_count": 17,
        "created_at": "Sun Sep 16 07:03:55 +0000 2012",
        "utc_offset": null,
        "time_zone": null,
        "geo_enabled": true,
        "lang": null,
        "contributors_enabled": false,
        "is_translator": false,
        "profile_background_color": "C0DEED",
        "profile_background_image_url": "http://abs.twimg.com/images/themes/theme1/bg.png",
        "profile_background_image_url_https": "https://abs.twimg.com/images/themes/theme1/bg.png",
        "profile_background_tile": false,
        "profile_link_color": "1DA1F2",
        "profile_sidebar_border_color": "C0DEED",
        "profile_sidebar_fill_color": "DDEEF6",
        "profile_text_color": "333333",
        "profile_use_background_image": true,
        "profile_image_url": "http://pbs.twimg.com/profile_images/1154812510220017664/q-c7UuRJ_normal.jpg",
        "profile_image_url_https": "https://pbs.twimg.com/profile_images/1154812510220017664/q-c7UuRJ_normal.jpg",
        "default_profile": true,
        "default_profile_image": false,
        "following": null,
        "follow_request_sent": null,
        "notifications": null,
        "withheld_in_countries": []
    },
    "geo": null,
    "coordinates": null,
    "place": {
        "id": "25d3e991f5637f5a",
        "url": "https://api.twitter.com/1.1/geo/id/25d3e991f5637f5a.json",
        "place_type": "admin",
        "name": "South West",
        "full_name": "South West, England",
        "country_code": "GB",
        "country": "United Kingdom",
        "bounding_box": {
            "type": "Polygon",
            "coordinates": [
                [
                    [
                        -6.368504,
                        49.882472
                    ],
                    [
                        -6.368504,
                        52.112542
                    ],
                    [
                        -1.485734,
                        52.112542
                    ],
                    [
                        -1.485734,
                        49.882472
                    ]
                ]
            ]
        },
        "attributes": {}
    },
    "contributors": null,
    "is_quote_status": false,
    "extended_tweet": {
        "full_text": "@GMB just listening to your discussion that “cakes in the office are harmful”. It’s my birthday today so am taking cakes in as an act of defiance!",
        "display_text_range": [
            0,
            146
        ],
        "entities": {
            "hashtags": [],
            "urls": [],
            "user_mentions": [
                {
                    "screen_name": "GMB",
                    "name": "Good Morning Britain",
                    "id": 19424427,
                    "id_str": "19424427",
                    "indices": [
                        0,
                        4
                    ]
                }
            ],
            "symbols": []
        }
    },
    "quote_count": 0,
    "reply_count": 0,
    "retweet_count": 0,
    "favorite_count": 0,
    "entities": {
        "hashtags": [],
        "urls": [
            {
                "url": "https://t.co/ixer3G124w",
                "expanded_url": "https://twitter.com/i/web/status/1615599301673058306",
                "display_url": "twitter.com/i/web/status/1…",
                "indices": [
                    116,
                    139
                ]
            }
        ],
        "user_mentions": [
            {
                "screen_name": "GMB",
                "name": "Good Morning Britain",
                "id": 19424427,
                "id_str": "19424427",
                "indices": [
                    0,
                    4
                ]
            }
        ],
        "symbols": []
    },
    "favorited": false,
    "retweeted": false,
    "filter_level": "low",
    "lang": "en",
    "timestamp_ms": "1674023864559"
}