{
    "created_at": "Wed Jan 18 06:37:52 +0000 2023",
    "id": 1615599336557002753,
    "id_str": "1615599336557002753",
    "text": "Least miserable breakfast in England",
    "source": "<a href=\"http://twitter.com/download/android\" rel=\"nofollow\">Twitter for Android</a>",
    "truncated": false,
    "in_reply_to_status_id": 1615598844695248897,
    "in_reply_to_status_id_str": "1615598844695248897",
    "in_reply_to_user_id": 1516932532469698562,
    "in_reply_to_user_id_str": "1516932532469698562",
    "in_reply_to_screen_name": "PGTAiden",
    "user": {
        "id": 1516932532469698562,
        "id_str": "1516932532469698562",
        "name": "Aiden.",
        "screen_name": "PGTAiden",
        "location": null,
        "url": null,
        "description": "PGTAiden aka PGTips Aiden aka AidEnglandFlag aka Rupert Murdoch's puppetmaster",
        "translator_type": "none",
        "protected": false,
        "verified": false,
        "verified_type": "blue",
        "followers_count": 294,
        "friends_count": 254,
        "listed_count": 0,
        "favourites_count": 16685,
        "statuses_count": 11480,
        "created_at": "Thu Apr 21 00:11:23 +0000 2022",
        "utc_offset": null,
        "time_zone": null,
        "geo_enabled": true,
        "lang": null,
        "contributors_enabled": false,
        "is_translator": false,
        "profile_background_color": "F5F8FA",
        "profile_background_image_url": "",
        "profile_background_image_url_https": "",
        "profile_background_tile": false,
        "profile_link_color": "1DA1F2",
        "profile_sidebar_border_color": "C0DEED",
        "profile_sidebar_fill_color": "DDEEF6",
        "profile_text_color": "333333",
        "profile_use_background_image": true,
        "profile_image_url": "http://pbs.twimg.com/profile_images/1614994203074871298/8yKhldLQ_normal.jpg",
        "profile_image_url_https": "https://pbs.twimg.com/profile_images/1614994203074871298/8yKhldLQ_normal.jpg",
        "profile_banner_url": "https://pbs.twimg.com/profile_banners/1516932532469698562/1673134622",
        "default_profile": true,
        "default_profile_image": false,
        "following": null,
        "follow_request_sent": null,
        "notifications": null,
        "withheld_in_countries": []
    },
    "geo": null,
    "coordinates": null,
    "place": null,
    "contributors": null,
    "is_quote_status": false,
    "quote_count": 0,
    "reply_count": 0,
    "retweet_count": 0,
    "favorite_count": 0,
    "entities": {
        "hashtags": [],
        "urls": [],
        "user_mentions": [],
        "symbols": []
    },
    "favorited": false,
    "retweeted": false,
    "filter_level": "low",
    "lang": "en",
    "timestamp_ms": "1674023872876"
}