{
    "created_at": "Wed Jan 18 06:37:49 +0000 2023",
    "id": 1615599321709166592,
    "id_str": "1615599321709166592",
    "text": "If you've not seen it yet then check out https://t.co/KtmRcV9wuO - Live CCTV images from every motorway! (via @MotorwayCameras)",
    "source": "<a href=\"https://www.MotorwayCameras.co.uk\" rel=\"nofollow\">Motorway Cameras</a>",
    "truncated": false,
    "in_reply_to_status_id": null,
    "in_reply_to_status_id_str": null,
    "in_reply_to_user_id": null,
    "in_reply_to_user_id_str": null,
    "in_reply_to_screen_name": null,
    "user": {
        "id": 351154087,
        "id_str": "351154087",
        "name": "ahsan",
        "screen_name": "ahsanan786",
        "location": null,
        "url": null,
        "description": null,
        "translator_type": "none",
        "protected": false,
        "verified": false,
        "verified_type": "blue",
        "followers_count": 3,
        "friends_count": 24,
        "listed_count": 0,
        "favourites_count": 1,
        "statuses_count": 1,
        "created_at": "Mon Aug 08 21:29:26 +0000 2011",
        "utc_offset": null,
        "time_zone": null,
        "geo_enabled": false,
        "lang": null,
        "contributors_enabled": false,
        "is_translator": false,
        "profile_background_color": "C0DEED",
        "profile_background_image_url": "http://abs.twimg.com/images/themes/theme1/bg.png",
        "profile_background_image_url_https": "https://abs.twimg.com/images/themes/theme1/bg.png",
        "profile_background_tile": false,
        "profile_link_color": "1DA1F2",
        "profile_sidebar_border_color": "C0DEED",
        "profile_sidebar_fill_color": "DDEEF6",
        "profile_text_color": "333333",
        "profile_use_background_image": true,
        "profile_image_url": "http://abs.twimg.com/sticky/default_profile_images/default_profile_normal.png",
        "profile_image_url_https": "https://abs.twimg.com/sticky/default_profile_images/default_profile_normal.png",
        "default_profile": true,
        "default_profile_image": false,
        "following": null,
        "follow_request_sent": null,
        "notifications": null,
        "withheld_in_countries": []
    },
    "geo": null,
    "coordinates": null,
    "place": null,
    "contributors": null,
    "is_quote_status": false,
    "quote_count": 0,
    "reply_count": 0,
    "retweet_count": 0,
    "favorite_count": 0,
    "entities": {
        "hashtags": [],
        "urls": [
            {
                "url": "https://t.co/KtmRcV9wuO",
                "expanded_url": "https://www.MotorwayCameras.co.uk",
                "display_url": "MotorwayCameras.co.uk",
                "indices": [
                    41,
                    64
                ]
            }
        ],
        "user_mentions": [
            {
                "screen_name": "MotorwayCameras",
                "name": "Motorway Cameras",
                "id": 233611355,
                "id_str": "233611355",
                "indices": [
                    110,
                    126
                ]
            }
        ],
        "symbols": []
    },
    "favorited": false,
    "retweeted": false,
    "possibly_sensitive": false,
    "filter_level": "low",
    "lang": "en",
    "timestamp_ms": "1674023869336"
}