{
    "created_at": "Wed Jan 18 06:37:51 +0000 2023",
    "id": 1615599330597167104,
    "id_str": "1615599330597167104",
    "text": "RT @isolawilde306: Sunak's wife avoided tax by using non dom status.  Ex chancellor Nadhim Zahawi has evaded millions in tax.   Covid VIP l…",
    "source": "<a href=\"http://twitter.com/download/iphone\" rel=\"nofollow\">Twitter for iPhone</a>",
    "truncated": false,
    "in_reply_to_status_id": null,
    "in_reply_to_status_id_str": null,
    "in_reply_to_user_id": null,
    "in_reply_to_user_id_str": null,
    "in_reply_to_screen_name": null,
    "user": {
        "id": 1545439899498827777,
        "id_str": "1545439899498827777",
        "name": "Judith Campbell",
        "screen_name": "andstillirise57",
        "location": "Edinburgh, Scotland",
        "url": "http://hopefromheartache.com",
        "description": "Narcissistic Trauma-Informed Coach at Hope from Heartache. Not walking on eggshells anymore!!!",
        "translator_type": "none",
        "protected": false,
        "verified": false,
        "verified_type": "blue",
        "followers_count": 873,
        "friends_count": 789,
        "listed_count": 1,
        "favourites_count": 28532,
        "statuses_count": 15294,
        "created_at": "Fri Jul 08 16:09:59 +0000 2022",
        "utc_offset": null,
        "time_zone": null,
        "geo_enabled": false,
        "lang": null,
        "contributors_enabled": false,
        "is_translator": false,
        "profile_background_color": "F5F8FA",
        "profile_background_image_url": "",
        "profile_background_image_url_https": "",
        "profile_background_tile": false,
        "profile_link_color": "1DA1F2",
        "profile_sidebar_border_color": "C0DEED",
        "profile_sidebar_fill_color": "DDEEF6",
        "profile_text_color": "333333",
        "profile_use_background_image": true,
        "profile_image_url": "http://pbs.twimg.com/profile_images/1545440066755088385/FiVet9rC_normal.png",
        "profile_image_url_https": "https://pbs.twimg.com/profile_images/1545440066755088385/FiVet9rC_normal.png",
        "default_profile": true,
        "default_profile_image": false,
        "following": null,
        "follow_request_sent": null,
        "notifications": null,
        "withheld_in_countries": []
    },
    "geo": null,
    "coordinates": null,
    "place": null,
    "contributors": null,
    "retweeted_status": {
        "created_at": "Tue Jan 17 11:38:51 +0000 2023",
        "id": 1615312693019447296,
        "id_str": "1615312693019447296",
        "text": "Sunak's wife avoided tax by using non dom status.  Ex chancellor Nadhim Zahawi has evaded millions in tax.   Covid… https://t.co/785aQ1ACAP",
        "source": "<a href=\"https://mobile.twitter.com\" rel=\"nofollow\">Twitter Web App</a>",
        "truncated": true,
        "in_reply_to_status_id": null,
        "in_reply_to_status_id_str": null,
        "in_reply_to_user_id": null,
        "in_reply_to_user_id_str": null,
        "in_reply_to_screen_name": null,
        "user": {
            "id": 1499688826662535170,
            "id_str": "1499688826662535170",
            "name": "Isola Wilde",
            "screen_name": "isolawilde306",
            "location": "London",
            "url": null,
            "description": "Camus lover. Taxpayers should NOT pay for Johnson's legal fees re Partygate. ERG dangerous. Abolish House of Liars.  DUP must vanish. What a brave man is Harry!",
            "translator_type": "none",
            "protected": false,
            "verified": false,
            "verified_type": "blue",
            "followers_count": 1194,
            "friends_count": 2163,
            "listed_count": 0,
            "favourites_count": 10657,
            "statuses_count": 6849,
            "created_at": "Fri Mar 04 10:11:31 +0000 2022",
            "utc_offset": null,
            "time_zone": null,
            "geo_enabled": false,
            "lang": null,
            "contributors_enabled": false,
            "is_translator": false,
            "profile_background_color": "F5F8FA",
            "profile_background_image_url": "",
            "profile_background_image_url_https": "",
            "profile_background_tile": false,
            "profile_link_color": "1DA1F2",
            "profile_sidebar_border_color": "C0DEED",
            "profile_sidebar_fill_color": "DDEEF6",
            "profile_text_color": "333333",
            "profile_use_background_image": true,
            "profile_image_url": "http://pbs.twimg.com/profile_images/1535197782910414848/Sa2a1hq8_normal.jpg",
            "profile_image_url_https": "https://pbs.twimg.com/profile_images/1535197782910414848/Sa2a1hq8_normal.jpg",
            "default_profile": true,
            "default_profile_image": false,
            "following": null,
            "follow_request_sent": null,
            "notifications": null,
            "withheld_in_countries": []
        },
        "geo": null,
        "coordinates": null,
        "place": null,
        "contributors": null,
        "is_quote_status": false,
        "extended_tweet": {
            "full_text": "Sunak's wife avoided tax by using non dom status.  Ex chancellor Nadhim Zahawi has evaded millions in tax.   Covid VIP lane made Michelle Mone and others rich. Yet the state of the country is the fault of teachers, nurses and railworkers.  Why are we not out on the streets?  Why?",
            "display_text_range": [
                0,
                280
            ],
            "entities": {
                "hashtags": [],
                "urls": [],
                "user_mentions": [],
                "symbols": []
            }
        },
        "quote_count": 45,
        "reply_count": 91,
        "retweet_count": 1947,
        "favorite_count": 3969,
        "entities": {
            "hashtags": [],
            "urls": [
                {
                    "url": "https://t.co/785aQ1ACAP",
                    "expanded_url": "https://twitter.com/i/web/status/1615312693019447296",
                    "display_url": "twitter.com/i/web/status/1…",
                    "indices": [
                        116,
                        139
                    ]
                }
            ],
            "user_mentions": [],
            "symbols": []
        },
        "favorited": false,
        "retweeted": false,
        "filter_level": "low",
        "lang": "en"
    },
    "is_quote_status": false,
    "quote_count": 0,
    "reply_count": 0,
    "retweet_count": 0,
    "favorite_count": 0,
    "entities": {
        "hashtags": [],
        "urls": [],
        "user_mentions": [
            {
                "screen_name": "isolawilde306",
                "name": "Isola Wilde",
                "id": 1499688826662535170,
                "id_str": "1499688826662535170",
                "indices": [
                    3,
                    17
                ]
            }
        ],
        "symbols": []
    },
    "favorited": false,
    "retweeted": false,
    "filter_level": "low",
    "lang": "en",
    "timestamp_ms": "1674023871455"
}