{
    "created_at": "Wed Jan 18 06:37:42 +0000 2023",
    "id": 1615599292244283393,
    "id_str": "1615599292244283393",
    "text": "RT @MeidasTouch: This is not satire: Republicans in Wyoming are considering BANNING electric vehicles to protect the oil and gas industry a…",
    "source": "<a href=\"http://twitter.com/download/iphone\" rel=\"nofollow\">Twitter for iPhone</a>",
    "truncated": false,
    "in_reply_to_status_id": null,
    "in_reply_to_status_id_str": null,
    "in_reply_to_user_id": null,
    "in_reply_to_user_id_str": null,
    "in_reply_to_screen_name": null,
    "user": {
        "id": 841870274,
        "id_str": "841870274",
        "name": "Mara",
        "screen_name": "pafromar",
        "location": null,
        "url": null,
        "description": null,
        "translator_type": "none",
        "protected": false,
        "verified": false,
        "verified_type": "blue",
        "followers_count": 19,
        "friends_count": 157,
        "listed_count": 0,
        "favourites_count": 5880,
        "statuses_count": 1929,
        "created_at": "Sun Sep 23 15:07:46 +0000 2012",
        "utc_offset": null,
        "time_zone": null,
        "geo_enabled": false,
        "lang": null,
        "contributors_enabled": false,
        "is_translator": false,
        "profile_background_color": "C0DEED",
        "profile_background_image_url": "http://abs.twimg.com/images/themes/theme1/bg.png",
        "profile_background_image_url_https": "https://abs.twimg.com/images/themes/theme1/bg.png",
        "profile_background_tile": false,
        "profile_link_color": "1DA1F2",
        "profile_sidebar_border_color": "C0DEED",
        "profile_sidebar_fill_color": "DDEEF6",
        "profile_text_color": "333333",
        "profile_use_background_image": true,
        "profile_image_url": "http://abs.twimg.com/sticky/default_profile_images/default_profile_normal.png",
        "profile_image_url_https": "https://abs.twimg.com/sticky/default_profile_images/default_profile_normal.png",
        "default_profile": true,
        "default_profile_image": false,
        "following": null,
        "follow_request_sent": null,
        "notifications": null,
        "withheld_in_countries": []
    },
    "geo": null,
    "coordinates": null,
    "place": null,
    "contributors": null,
    "retweeted_status": {
        "created_at": "Tue Jan 17 16:19:58 +0000 2023",
        "id": 1615383436604346368,
        "id_str": "1615383436604346368",
        "text": "This is not satire: Republicans in Wyoming are considering BANNING electric vehicles to protect the oil and gas ind… https://t.co/y4tyGh8fcr",
        "source": "<a href=\"https://mobile.twitter.com\" rel=\"nofollow\">Twitter Web App</a>",
        "truncated": true,
        "in_reply_to_status_id": null,
        "in_reply_to_status_id_str": null,
        "in_reply_to_user_id": null,
        "in_reply_to_user_id_str": null,
        "in_reply_to_screen_name": null,
        "user": {
            "id": 1243560408025198593,
            "id_str": "1243560408025198593",
            "name": "MeidasTouch",
            "screen_name": "MeidasTouch",
            "location": null,
            "url": null,
            "description": "Producing the most influential and impactful pro-democracy content in the world. Meidas Media Network. MeidasTouch PAC. Meidas Merch. Because TRUTH is golden.",
            "translator_type": "none",
            "protected": false,
            "verified": true,
            "verified_type": "blue",
            "followers_count": 1019805,
            "friends_count": 1856,
            "listed_count": 4774,
            "favourites_count": 44595,
            "statuses_count": 82391,
            "created_at": "Fri Mar 27 15:28:09 +0000 2020",
            "utc_offset": null,
            "time_zone": null,
            "geo_enabled": true,
            "lang": null,
            "contributors_enabled": false,
            "is_translator": false,
            "profile_background_color": "F5F8FA",
            "profile_background_image_url": "",
            "profile_background_image_url_https": "",
            "profile_background_tile": false,
            "profile_link_color": "1DA1F2",
            "profile_sidebar_border_color": "C0DEED",
            "profile_sidebar_fill_color": "DDEEF6",
            "profile_text_color": "333333",
            "profile_use_background_image": true,
            "profile_image_url": "http://pbs.twimg.com/profile_images/1594082385347215360/NnuN19pl_normal.jpg",
            "profile_image_url_https": "https://pbs.twimg.com/profile_images/1594082385347215360/NnuN19pl_normal.jpg",
            "profile_banner_url": "https://pbs.twimg.com/profile_banners/1243560408025198593/1668893833",
            "default_profile": true,
            "default_profile_image": false,
            "following": null,
            "follow_request_sent": null,
            "notifications": null,
            "withheld_in_countries": []
        },
        "geo": null,
        "coordinates": null,
        "place": null,
        "contributors": null,
        "is_quote_status": false,
        "extended_tweet": {
            "full_text": "This is not satire: Republicans in Wyoming are considering BANNING electric vehicles to protect the oil and gas industry and troll states like California and New York that have embraced EVs.\n\nThe Republican Party has lost its mind.",
            "display_text_range": [
                0,
                231
            ],
            "entities": {
                "hashtags": [],
                "urls": [],
                "user_mentions": [],
                "symbols": []
            }
        },
        "quote_count": 178,
        "reply_count": 1061,
        "retweet_count": 3602,
        "favorite_count": 17667,
        "entities": {
            "hashtags": [],
            "urls": [
                {
                    "url": "https://t.co/y4tyGh8fcr",
                    "expanded_url": "https://twitter.com/i/web/status/1615383436604346368",
                    "display_url": "twitter.com/i/web/status/1…",
                    "indices": [
                        117,
                        140
                    ]
                }
            ],
            "user_mentions": [],
            "symbols": []
        },
        "favorited": false,
        "retweeted": false,
        "filter_level": "low",
        "lang": "en"
    },
    "is_quote_status": false,
    "quote_count": 0,
    "reply_count": 0,
    "retweet_count": 0,
    "favorite_count": 0,
    "entities": {
        "hashtags": [],
        "urls": [],
        "user_mentions": [
            {
                "screen_name": "MeidasTouch",
                "name": "MeidasTouch",
                "id": 1243560408025198593,
                "id_str": "1243560408025198593",
                "indices": [
                    3,
                    15
                ]
            }
        ],
        "symbols": []
    },
    "favorited": false,
    "retweeted": false,
    "filter_level": "low",
    "lang": "en",
    "timestamp_ms": "1674023862311"
}