{
    "created_at": "Wed Jan 18 06:37:52 +0000 2023",
    "id": 1615599336464986113,
    "id_str": "1615599336464986113",
    "text": "RT @bmay: I don’t understand how Boris Johnson can publish any memoirs as all he ever does is claim he can’t remember anything. 🤷🏻‍♂️",
    "source": "<a href=\"https://mobile.twitter.com\" rel=\"nofollow\">Twitter Web App</a>",
    "truncated": false,
    "in_reply_to_status_id": null,
    "in_reply_to_status_id_str": null,
    "in_reply_to_user_id": null,
    "in_reply_to_user_id_str": null,
    "in_reply_to_screen_name": null,
    "user": {
        "id": 1508039327032479744,
        "id_str": "1508039327032479744",
        "name": "The Jazman",
        "screen_name": "Jazzie1964",
        "location": "Discombobulated",
        "url": null,
        "description": "Cat whisperer. Never Kissed A Tory (I think - eeewww!)",
        "translator_type": "none",
        "protected": false,
        "verified": false,
        "verified_type": "blue",
        "followers_count": 136,
        "friends_count": 21,
        "listed_count": 0,
        "favourites_count": 39402,
        "statuses_count": 6107,
        "created_at": "Sun Mar 27 11:12:58 +0000 2022",
        "utc_offset": null,
        "time_zone": null,
        "geo_enabled": false,
        "lang": null,
        "contributors_enabled": false,
        "is_translator": false,
        "profile_background_color": "F5F8FA",
        "profile_background_image_url": "",
        "profile_background_image_url_https": "",
        "profile_background_tile": false,
        "profile_link_color": "1DA1F2",
        "profile_sidebar_border_color": "C0DEED",
        "profile_sidebar_fill_color": "DDEEF6",
        "profile_text_color": "333333",
        "profile_use_background_image": true,
        "profile_image_url": "http://pbs.twimg.com/profile_images/1533382360636465153/wz8MYJ3H_normal.jpg",
        "profile_image_url_https": "https://pbs.twimg.com/profile_images/1533382360636465153/wz8MYJ3H_normal.jpg",
        "profile_banner_url": "https://pbs.twimg.com/profile_banners/1508039327032479744/1654421820",
        "default_profile": true,
        "default_profile_image": false,
        "following": null,
        "follow_request_sent": null,
        "notifications": null,
        "withheld_in_countries": []
    },
    "geo": null,
    "coordinates": null,
    "place": null,
    "contributors": null,
    "retweeted_status": {
        "created_at": "Tue Jan 17 17:14:45 +0000 2023",
        "id": 1615397223709147156,
        "id_str": "1615397223709147156",
        "text": "I don’t understand how Boris Johnson can publish any memoirs as all he ever does is claim he can’t remember anything. 🤷🏻‍♂️",
        "source": "<a href=\"http://twitter.com/download/iphone\" rel=\"nofollow\">Twitter for iPhone</a>",
        "truncated": false,
        "in_reply_to_status_id": null,
        "in_reply_to_status_id_str": null,
        "in_reply_to_user_id": null,
        "in_reply_to_user_id_str": null,
        "in_reply_to_screen_name": null,
        "user": {
            "id": 12321952,
            "id_str": "12321952",
            "name": "Brendan May",
            "screen_name": "bmay",
            "location": "Mainly London/Singapore",
            "url": null,
            "description": "Climate change is real and happening now🔥🌍  Brexit is a total disaster, as widely predicted 🤦🏻‍♂️  Music lover 🎹  Forever European🇪🇺 I listen to experts.",
            "translator_type": "none",
            "protected": false,
            "verified": false,
            "verified_type": "blue",
            "followers_count": 80512,
            "friends_count": 6654,
            "listed_count": 484,
            "favourites_count": 52188,
            "statuses_count": 56162,
            "created_at": "Wed Jan 16 16:00:06 +0000 2008",
            "utc_offset": null,
            "time_zone": null,
            "geo_enabled": false,
            "lang": null,
            "contributors_enabled": false,
            "is_translator": false,
            "profile_background_color": "000000",
            "profile_background_image_url": "http://abs.twimg.com/images/themes/theme12/bg.gif",
            "profile_background_image_url_https": "https://abs.twimg.com/images/themes/theme12/bg.gif",
            "profile_background_tile": false,
            "profile_link_color": "1B95E0",
            "profile_sidebar_border_color": "000000",
            "profile_sidebar_fill_color": "000000",
            "profile_text_color": "000000",
            "profile_use_background_image": false,
            "profile_image_url": "http://pbs.twimg.com/profile_images/1578769396528545792/Pn2H6T6o_normal.jpg",
            "profile_image_url_https": "https://pbs.twimg.com/profile_images/1578769396528545792/Pn2H6T6o_normal.jpg",
            "profile_banner_url": "https://pbs.twimg.com/profile_banners/12321952/1665242625",
            "default_profile": false,
            "default_profile_image": false,
            "following": null,
            "follow_request_sent": null,
            "notifications": null,
            "withheld_in_countries": []
        },
        "geo": null,
        "coordinates": null,
        "place": null,
        "contributors": null,
        "is_quote_status": false,
        "quote_count": 26,
        "reply_count": 7,
        "retweet_count": 539,
        "favorite_count": 4118,
        "entities": {
            "hashtags": [],
            "urls": [],
            "user_mentions": [],
            "symbols": []
        },
        "favorited": false,
        "retweeted": false,
        "filter_level": "low",
        "lang": "en"
    },
    "is_quote_status": false,
    "quote_count": 0,
    "reply_count": 0,
    "retweet_count": 0,
    "favorite_count": 0,
    "entities": {
        "hashtags": [],
        "urls": [],
        "user_mentions": [
            {
                "screen_name": "bmay",
                "name": "Brendan May",
                "id": 12321952,
                "id_str": "12321952",
                "indices": [
                    3,
                    8
                ]
            }
        ],
        "symbols": []
    },
    "favorited": false,
    "retweeted": false,
    "filter_level": "low",
    "lang": "en",
    "timestamp_ms": "1674023872854"
}