{
    "created_at": "Wed Jan 18 06:37:51 +0000 2023",
    "id": 1615599332622831619,
    "id_str": "1615599332622831619",
    "text": "either i ripped my stitch OR the surgeon completely missed my opening and sutured a random place on my cheek😭 why i… https://t.co/1x5KFSVjso",
    "source": "<a href=\"http://twitter.com/download/iphone\" rel=\"nofollow\">Twitter for iPhone</a>",
    "truncated": true,
    "in_reply_to_status_id": null,
    "in_reply_to_status_id_str": null,
    "in_reply_to_user_id": null,
    "in_reply_to_user_id_str": null,
    "in_reply_to_screen_name": null,
    "user": {
        "id": 1612636886626877441,
        "id_str": "1612636886626877441",
        "name": "nini HALAZIA🏆🪶",
        "screen_name": "HWASANGLUVS",
        "location": null,
        "url": null,
        "description": "#YEOSANG: you’re my bitch now (literally)",
        "translator_type": "none",
        "protected": false,
        "verified": false,
        "verified_type": "blue",
        "followers_count": 46,
        "friends_count": 94,
        "listed_count": 1,
        "favourites_count": 571,
        "statuses_count": 412,
        "created_at": "Tue Jan 10 02:26:19 +0000 2023",
        "utc_offset": null,
        "time_zone": null,
        "geo_enabled": false,
        "lang": null,
        "contributors_enabled": false,
        "is_translator": false,
        "profile_background_color": "F5F8FA",
        "profile_background_image_url": "",
        "profile_background_image_url_https": "",
        "profile_background_tile": false,
        "profile_link_color": "1DA1F2",
        "profile_sidebar_border_color": "C0DEED",
        "profile_sidebar_fill_color": "DDEEF6",
        "profile_text_color": "333333",
        "profile_use_background_image": true,
        "profile_image_url": "http://pbs.twimg.com/profile_images/1612642102306807809/TN5nwBUa_normal.jpg",
        "profile_image_url_https": "https://pbs.twimg.com/profile_images/1612642102306807809/TN5nwBUa_normal.jpg",
        "profile_banner_url": "https://pbs.twimg.com/profile_banners/1612636886626877441/1673318888",
        "default_profile": true,
        "default_profile_image": false,
        "following": null,
        "follow_request_sent": null,
        "notifications": null,
        "withheld_in_countries": []
    },
    "geo": null,
    "coordinates": null,
    "place": null,
    "contributors": null,
    "is_quote_status": false,
    "extended_tweet": {
        "full_text": "either i ripped my stitch OR the surgeon completely missed my opening and sutured a random place on my cheek😭 why is the hole right next to it and not underneath it i’m fckn freaking out now😭💀",
        "display_text_range": [
            0,
            192
        ],
        "entities": {
            "hashtags": [],
            "urls": [],
            "user_mentions": [],
            "symbols": []
        }
    },
    "quote_count": 0,
    "reply_count": 0,
    "retweet_count": 0,
    "favorite_count": 0,
    "entities": {
        "hashtags": [],
        "urls": [
            {
                "url": "https://t.co/1x5KFSVjso",
                "expanded_url": "https://twitter.com/i/web/status/1615599332622831619",
                "display_url": "twitter.com/i/web/status/1…",
                "indices": [
                    117,
                    140
                ]
            }
        ],
        "user_mentions": [],
        "symbols": []
    },
    "favorited": false,
    "retweeted": false,
    "filter_level": "low",
    "lang": "en",
    "timestamp_ms": "1674023871938"
}