{
    "created_at": "Wed Jan 18 06:37:41 +0000 2023",
    "id": 1615599289937592320,
    "id_str": "1615599289937592320",
    "text": "RT @kishanreddybjp: Hon'ble Prime Minister Shri @narendramodi has always been a strong proponent for 'Jan Bhagidari', dating back to his da…",
    "source": "<a href=\"http://twitter.com/download/android\" rel=\"nofollow\">Twitter for Android</a>",
    "truncated": false,
    "in_reply_to_status_id": null,
    "in_reply_to_status_id_str": null,
    "in_reply_to_user_id": null,
    "in_reply_to_user_id_str": null,
    "in_reply_to_screen_name": null,
    "user": {
        "id": 1491413400462577675,
        "id_str": "1491413400462577675",
        "name": "Ruhi Sinha",
        "screen_name": "Ruhisinha67",
        "location": "Bihar, India",
        "url": null,
        "description": "▶Sweet as heaven😘😘hot as hell🔥🔥\n▶Black lover❤❤\n▶foodie 🍰🍰🍫🍫\n▶Classy and fabulous 😎😎\n▶Moody 💤💤",
        "translator_type": "none",
        "protected": false,
        "verified": false,
        "verified_type": "blue",
        "followers_count": 108,
        "friends_count": 216,
        "listed_count": 0,
        "favourites_count": 52753,
        "statuses_count": 31507,
        "created_at": "Wed Feb 09 14:07:35 +0000 2022",
        "utc_offset": null,
        "time_zone": null,
        "geo_enabled": false,
        "lang": null,
        "contributors_enabled": false,
        "is_translator": false,
        "profile_background_color": "F5F8FA",
        "profile_background_image_url": "",
        "profile_background_image_url_https": "",
        "profile_background_tile": false,
        "profile_link_color": "1DA1F2",
        "profile_sidebar_border_color": "C0DEED",
        "profile_sidebar_fill_color": "DDEEF6",
        "profile_text_color": "333333",
        "profile_use_background_image": true,
        "profile_image_url": "http://pbs.twimg.com/profile_images/1539476848295284736/hxs25f8K_normal.jpg",
        "profile_image_url_https": "https://pbs.twimg.com/profile_images/1539476848295284736/hxs25f8K_normal.jpg",
        "profile_banner_url": "https://pbs.twimg.com/profile_banners/1491413400462577675/1644421346",
        "default_profile": true,
        "default_profile_image": false,
        "following": null,
        "follow_request_sent": null,
        "notifications": null,
        "withheld_in_countries": []
    },
    "geo": null,
    "coordinates": null,
    "place": null,
    "contributors": null,
    "retweeted_status": {
        "created_at": "Tue Jan 17 13:10:43 +0000 2023",
        "id": 1615335812429942785,
        "id_str": "1615335812429942785",
        "text": "Hon'ble Prime Minister Shri @narendramodi has always been a strong proponent for 'Jan Bhagidari', dating back to hi… https://t.co/XYe443vNqp",
        "display_text_range": [
            0,
            140
        ],
        "source": "<a href=\"https://mobile.twitter.com\" rel=\"nofollow\">Twitter Web App</a>",
        "truncated": true,
        "in_reply_to_status_id": null,
        "in_reply_to_status_id_str": null,
        "in_reply_to_user_id": null,
        "in_reply_to_user_id_str": null,
        "in_reply_to_screen_name": null,
        "user": {
            "id": 160509668,
            "id_str": "160509668",
            "name": "G Kishan Reddy",
            "screen_name": "kishanreddybjp",
            "location": "Hyderabad, Telangana.",
            "url": "https://www.facebook.com/gkishanreddy/",
            "description": "Union Minister For Culture, Tourism And Development Of North Eastern Region (DoNER), Government of India | MP - Secunderabad",
            "translator_type": "none",
            "protected": false,
            "verified": true,
            "verified_type": "government",
            "followers_count": 355312,
            "friends_count": 785,
            "listed_count": 462,
            "favourites_count": 56502,
            "statuses_count": 39700,
            "created_at": "Mon Jun 28 11:05:12 +0000 2010",
            "utc_offset": null,
            "time_zone": null,
            "geo_enabled": true,
            "lang": null,
            "contributors_enabled": false,
            "is_translator": false,
            "profile_background_color": "C0DEED",
            "profile_background_image_url": "http://abs.twimg.com/images/themes/theme1/bg.png",
            "profile_background_image_url_https": "https://abs.twimg.com/images/themes/theme1/bg.png",
            "profile_background_tile": true,
            "profile_link_color": "FF691F",
            "profile_sidebar_border_color": "C0DEED",
            "profile_sidebar_fill_color": "DDEEF6",
            "profile_text_color": "333333",
            "profile_use_background_image": false,
            "profile_image_url": "http://pbs.twimg.com/profile_images/1567019708574232576/Aa9AaESQ_normal.jpg",
            "profile_image_url_https": "https://pbs.twimg.com/profile_images/1567019708574232576/Aa9AaESQ_normal.jpg",
            "profile_banner_url": "https://pbs.twimg.com/profile_banners/160509668/1669878406",
            "default_profile": false,
            "default_profile_image": false,
            "following": null,
            "follow_request_sent": null,
            "notifications": null,
            "withheld_in_countries": []
        },
        "geo": null,
        "coordinates": null,
        "place": null,
        "contributors": null,
        "is_quote_status": false,
        "extended_tweet": {
            "full_text": "Hon'ble Prime Minister Shri @narendramodi has always been a strong proponent for 'Jan Bhagidari', dating back to his days as Chief Minister of Gujarat. His belief in empowering citizens to participate in governance gives impetus to making India a more vibrant democracy. https://t.co/dErWGXZBOd",
            "display_text_range": [
                0,
                270
            ],
            "entities": {
                "hashtags": [],
                "urls": [],
                "user_mentions": [
                    {
                        "screen_name": "narendramodi",
                        "name": "Narendra Modi",
                        "id": 18839785,
                        "id_str": "18839785",
                        "indices": [
                            28,
                            41
                        ]
                    }
                ],
                "symbols": [],
                "media": [
                    {
                        "id": 1615334971157409792,
                        "id_str": "1615334971157409792",
                        "indices": [
                            271,
                            294
                        ],
                        "additional_media_info": {
                            "monetizable": false
                        },
                        "media_url": "http://pbs.twimg.com/ext_tw_video_thumb/1615334971157409792/pu/img/to3vCuunlKBosta2.jpg",
                        "media_url_https": "https://pbs.twimg.com/ext_tw_video_thumb/1615334971157409792/pu/img/to3vCuunlKBosta2.jpg",
                        "url": "https://t.co/dErWGXZBOd",
                        "display_url": "pic.twitter.com/dErWGXZBOd",
                        "expanded_url": "https://twitter.com/kishanreddybjp/status/1615335812429942785/video/1",
                        "type": "video",
                        "video_info": {
                            "aspect_ratio": [
                                1,
                                1
                            ],
                            "duration_millis": 24449,
                            "variants": [
                                {
                                    "content_type": "application/x-mpegURL",
                                    "url": "https://video.twimg.com/ext_tw_video/1615334971157409792/pu/pl/ePXmclL_kQM3-_Tw.m3u8?tag=12&container=fmp4"
                                },
                                {
                                    "bitrate": 832000,
                                    "content_type": "video/mp4",
                                    "url": "https://video.twimg.com/ext_tw_video/1615334971157409792/pu/vid/540x540/l4ohBI5GlxlGPbRg.mp4?tag=12"
                                },
                                {
                                    "bitrate": 432000,
                                    "content_type": "video/mp4",
                                    "url": "https://video.twimg.com/ext_tw_video/1615334971157409792/pu/vid/320x320/cDaQOCAQVL9VB15R.mp4?tag=12"
                                }
                            ]
                        },
                        "sizes": {
                            "medium": {
                                "w": 540,
                                "h": 540,
                                "resize": "fit"
                            },
                            "thumb": {
                                "w": 150,
                                "h": 150,
                                "resize": "crop"
                            },
                            "large": {
                                "w": 540,
                                "h": 540,
                                "resize": "fit"
                            },
                            "small": {
                                "w": 540,
                                "h": 540,
                                "resize": "fit"
                            }
                        }
                    }
                ]
            },
            "extended_entities": {
                "media": [
                    {
                        "id": 1615334971157409792,
                        "id_str": "1615334971157409792",
                        "indices": [
                            271,
                            294
                        ],
                        "additional_media_info": {
                            "monetizable": false
                        },
                        "media_url": "http://pbs.twimg.com/ext_tw_video_thumb/1615334971157409792/pu/img/to3vCuunlKBosta2.jpg",
                        "media_url_https": "https://pbs.twimg.com/ext_tw_video_thumb/1615334971157409792/pu/img/to3vCuunlKBosta2.jpg",
                        "url": "https://t.co/dErWGXZBOd",
                        "display_url": "pic.twitter.com/dErWGXZBOd",
                        "expanded_url": "https://twitter.com/kishanreddybjp/status/1615335812429942785/video/1",
                        "type": "video",
                        "video_info": {
                            "aspect_ratio": [
                                1,
                                1
                            ],
                            "duration_millis": 24449,
                            "variants": [
                                {
                                    "content_type": "application/x-mpegURL",
                                    "url": "https://video.twimg.com/ext_tw_video/1615334971157409792/pu/pl/ePXmclL_kQM3-_Tw.m3u8?tag=12&container=fmp4"
                                },
                                {
                                    "bitrate": 832000,
                                    "content_type": "video/mp4",
                                    "url": "https://video.twimg.com/ext_tw_video/1615334971157409792/pu/vid/540x540/l4ohBI5GlxlGPbRg.mp4?tag=12"
                                },
                                {
                                    "bitrate": 432000,
                                    "content_type": "video/mp4",
                                    "url": "https://video.twimg.com/ext_tw_video/1615334971157409792/pu/vid/320x320/cDaQOCAQVL9VB15R.mp4?tag=12"
                                }
                            ]
                        },
                        "sizes": {
                            "medium": {
                                "w": 540,
                                "h": 540,
                                "resize": "fit"
                            },
                            "thumb": {
                                "w": 150,
                                "h": 150,
                                "resize": "crop"
                            },
                            "large": {
                                "w": 540,
                                "h": 540,
                                "resize": "fit"
                            },
                            "small": {
                                "w": 540,
                                "h": 540,
                                "resize": "fit"
                            }
                        }
                    }
                ]
            }
        },
        "quote_count": 0,
        "reply_count": 4,
        "retweet_count": 177,
        "favorite_count": 251,
        "entities": {
            "hashtags": [],
            "urls": [
                {
                    "url": "https://t.co/XYe443vNqp",
                    "expanded_url": "https://twitter.com/i/web/status/1615335812429942785",
                    "display_url": "twitter.com/i/web/status/1…",
                    "indices": [
                        117,
                        140
                    ]
                }
            ],
            "user_mentions": [
                {
                    "screen_name": "narendramodi",
                    "name": "Narendra Modi",
                    "id": 18839785,
                    "id_str": "18839785",
                    "indices": [
                        28,
                        41
                    ]
                }
            ],
            "symbols": []
        },
        "favorited": false,
        "retweeted": false,
        "possibly_sensitive": false,
        "filter_level": "low",
        "lang": "en"
    },
    "is_quote_status": false,
    "quote_count": 0,
    "reply_count": 0,
    "retweet_count": 0,
    "favorite_count": 0,
    "entities": {
        "hashtags": [],
        "urls": [],
        "user_mentions": [
            {
                "screen_name": "kishanreddybjp",
                "name": "G Kishan Reddy",
                "id": 160509668,
                "id_str": "160509668",
                "indices": [
                    3,
                    18
                ]
            },
            {
                "screen_name": "narendramodi",
                "name": "Narendra Modi",
                "id": 18839785,
                "id_str": "18839785",
                "indices": [
                    48,
                    61
                ]
            }
        ],
        "symbols": []
    },
    "favorited": false,
    "retweeted": false,
    "filter_level": "low",
    "lang": "en",
    "timestamp_ms": "1674023861761"
}