{
    "created_at": "Wed Jan 18 06:37:46 +0000 2023",
    "id": 1615599311362068481,
    "id_str": "1615599311362068481",
    "text": "@Glad_Legends my friend @AndrewS77611080 was only 13 when he met @AndraesMick and lightning, Andrew was an shy teen… https://t.co/GDPqNKIPBf",
    "display_text_range": [
        0,
        140
    ],
    "source": "<a href=\"http://twitter.com/download/android\" rel=\"nofollow\">Twitter for Android</a>",
    "truncated": true,
    "in_reply_to_status_id": null,
    "in_reply_to_status_id_str": null,
    "in_reply_to_user_id": 1503288275422924811,
    "in_reply_to_user_id_str": "1503288275422924811",
    "in_reply_to_screen_name": "Glad_Legends",
    "user": {
        "id": 1259502422910738432,
        "id_str": "1259502422910738432",
        "name": "The_Dann11Hard",
        "screen_name": "Dann11Hard",
        "location": "Livingston, Scotland",
        "url": null,
        "description": "41 years old bitch or diva in her high heels, appreciates her celebrity friends and normal friends and family",
        "translator_type": "none",
        "protected": false,
        "verified": false,
        "verified_type": "blue",
        "followers_count": 14,
        "friends_count": 75,
        "listed_count": 0,
        "favourites_count": 75,
        "statuses_count": 907,
        "created_at": "Sun May 10 15:16:14 +0000 2020",
        "utc_offset": null,
        "time_zone": null,
        "geo_enabled": true,
        "lang": null,
        "contributors_enabled": false,
        "is_translator": false,
        "profile_background_color": "F5F8FA",
        "profile_background_image_url": "",
        "profile_background_image_url_https": "",
        "profile_background_tile": false,
        "profile_link_color": "1DA1F2",
        "profile_sidebar_border_color": "C0DEED",
        "profile_sidebar_fill_color": "DDEEF6",
        "profile_text_color": "333333",
        "profile_use_background_image": true,
        "profile_image_url": "http://pbs.twimg.com/profile_images/1293393256731090951/Jf7JTk6J_normal.jpg",
        "profile_image_url_https": "https://pbs.twimg.com/profile_images/1293393256731090951/Jf7JTk6J_normal.jpg",
        "profile_banner_url": "https://pbs.twimg.com/profile_banners/1259502422910738432/1666451352",
        "default_profile": true,
        "default_profile_image": false,
        "following": null,
        "follow_request_sent": null,
        "notifications": null,
        "withheld_in_countries": []
    },
    "geo": null,
    "coordinates": null,
    "place": {
        "id": "5e4b1ac03bb37936",
        "url": "https://api.twitter.com/1.1/geo/id/5e4b1ac03bb37936.json",
        "place_type": "city",
        "name": "Dedridge",
        "full_name": "Dedridge, Scotland",
        "country_code": "GB",
        "country": "United Kingdom",
        "bounding_box": {
            "type": "Polygon",
            "coordinates": [
                [
                    [
                        -3.534345,
                        55.869352
                    ],
                    [
                        -3.534345,
                        55.890019
                    ],
                    [
                        -3.480903,
                        55.890019
                    ],
                    [
                        -3.480903,
                        55.869352
                    ]
                ]
            ]
        },
        "attributes": {}
    },
    "contributors": null,
    "is_quote_status": false,
    "extended_tweet": {
        "full_text": "@Glad_Legends my friend @AndrewS77611080 was only 13 when he met @AndraesMick and lightning, Andrew was an shy teenager, he got bench pressed by Cobra and got an kiss on the lips from lightning (his 1st proper kiss) photos 25 years later, they were reunited. https://t.co/GKv8NClqyq",
        "display_text_range": [
            0,
            258
        ],
        "entities": {
            "hashtags": [],
            "urls": [],
            "user_mentions": [
                {
                    "screen_name": "Glad_Legends",
                    "name": "Gladiators Legends",
                    "id": 1503288275422924811,
                    "id_str": "1503288275422924811",
                    "indices": [
                        0,
                        13
                    ]
                },
                {
                    "screen_name": "AndrewS77611080",
                    "name": "AndrewStevenson007",
                    "id": 1166105661266173953,
                    "id_str": "1166105661266173953",
                    "indices": [
                        24,
                        40
                    ]
                },
                {
                    "screen_name": "AndraesMick",
                    "name": "Mick Willson cobra",
                    "id": 841575831520587776,
                    "id_str": "841575831520587776",
                    "indices": [
                        65,
                        77
                    ]
                }
            ],
            "symbols": [],
            "media": [
                {
                    "id": 1615599306752270336,
                    "id_str": "1615599306752270336",
                    "indices": [
                        259,
                        282
                    ],
                    "media_url": "http://pbs.twimg.com/media/FmvDAnpWIAAXgX5.jpg",
                    "media_url_https": "https://pbs.twimg.com/media/FmvDAnpWIAAXgX5.jpg",
                    "url": "https://t.co/GKv8NClqyq",
                    "display_url": "pic.twitter.com/GKv8NClqyq",
                    "expanded_url": "https://twitter.com/Dann11Hard/status/1615599311362068481/photo/1",
                    "type": "photo",
                    "sizes": {
                        "small": {
                            "w": 480,
                            "h": 640,
                            "resize": "fit"
                        },
                        "thumb": {
                            "w": 150,
                            "h": 150,
                            "resize": "crop"
                        },
                        "medium": {
                            "w": 480,
                            "h": 640,
                            "resize": "fit"
                        },
                        "large": {
                            "w": 480,
                            "h": 640,
                            "resize": "fit"
                        }
                    }
                },
                {
                    "id": 1615599309231165446,
                    "id_str": "1615599309231165446",
                    "indices": [
                        259,
                        282
                    ],
                    "media_url": "http://pbs.twimg.com/media/FmvDAw4XEAYlLRP.jpg",
                    "media_url_https": "https://pbs.twimg.com/media/FmvDAw4XEAYlLRP.jpg",
                    "url": "https://t.co/GKv8NClqyq",
                    "display_url": "pic.twitter.com/GKv8NClqyq",
                    "expanded_url": "https://twitter.com/Dann11Hard/status/1615599311362068481/photo/1",
                    "type": "photo",
                    "sizes": {
                        "thumb": {
                            "w": 150,
                            "h": 150,
                            "resize": "crop"
                        },
                        "small": {
                            "w": 300,
                            "h": 356,
                            "resize": "fit"
                        },
                        "large": {
                            "w": 300,
                            "h": 356,
                            "resize": "fit"
                        },
                        "medium": {
                            "w": 300,
                            "h": 356,
                            "resize": "fit"
                        }
                    }
                }
            ]
        },
        "extended_entities": {
            "media": [
                {
                    "id": 1615599306752270336,
                    "id_str": "1615599306752270336",
                    "indices": [
                        259,
                        282
                    ],
                    "media_url": "http://pbs.twimg.com/media/FmvDAnpWIAAXgX5.jpg",
                    "media_url_https": "https://pbs.twimg.com/media/FmvDAnpWIAAXgX5.jpg",
                    "url": "https://t.co/GKv8NClqyq",
                    "display_url": "pic.twitter.com/GKv8NClqyq",
                    "expanded_url": "https://twitter.com/Dann11Hard/status/1615599311362068481/photo/1",
                    "type": "photo",
                    "sizes": {
                        "small": {
                            "w": 480,
                            "h": 640,
                            "resize": "fit"
                        },
                        "thumb": {
                            "w": 150,
                            "h": 150,
                            "resize": "crop"
                        },
                        "medium": {
                            "w": 480,
                            "h": 640,
                            "resize": "fit"
                        },
                        "large": {
                            "w": 480,
                            "h": 640,
                            "resize": "fit"
                        }
                    }
                },
                {
                    "id": 1615599309231165446,
                    "id_str": "1615599309231165446",
                    "indices": [
                        259,
                        282
                    ],
                    "media_url": "http://pbs.twimg.com/media/FmvDAw4XEAYlLRP.jpg",
                    "media_url_https": "https://pbs.twimg.com/media/FmvDAw4XEAYlLRP.jpg",
                    "url": "https://t.co/GKv8NClqyq",
                    "display_url": "pic.twitter.com/GKv8NClqyq",
                    "expanded_url": "https://twitter.com/Dann11Hard/status/1615599311362068481/photo/1",
                    "type": "photo",
                    "sizes": {
                        "thumb": {
                            "w": 150,
                            "h": 150,
                            "resize": "crop"
                        },
                        "small": {
                            "w": 300,
                            "h": 356,
                            "resize": "fit"
                        },
                        "large": {
                            "w": 300,
                            "h": 356,
                            "resize": "fit"
                        },
                        "medium": {
                            "w": 300,
                            "h": 356,
                            "resize": "fit"
                        }
                    }
                }
            ]
        }
    },
    "quote_count": 0,
    "reply_count": 0,
    "retweet_count": 0,
    "favorite_count": 0,
    "entities": {
        "hashtags": [],
        "urls": [
            {
                "url": "https://t.co/GDPqNKIPBf",
                "expanded_url": "https://twitter.com/i/web/status/1615599311362068481",
                "display_url": "twitter.com/i/web/status/1…",
                "indices": [
                    117,
                    140
                ]
            }
        ],
        "user_mentions": [
            {
                "screen_name": "Glad_Legends",
                "name": "Gladiators Legends",
                "id": 1503288275422924811,
                "id_str": "1503288275422924811",
                "indices": [
                    0,
                    13
                ]
            },
            {
                "screen_name": "AndrewS77611080",
                "name": "AndrewStevenson007",
                "id": 1166105661266173953,
                "id_str": "1166105661266173953",
                "indices": [
                    24,
                    40
                ]
            },
            {
                "screen_name": "AndraesMick",
                "name": "Mick Willson cobra",
                "id": 841575831520587776,
                "id_str": "841575831520587776",
                "indices": [
                    65,
                    77
                ]
            }
        ],
        "symbols": []
    },
    "favorited": false,
    "retweeted": false,
    "possibly_sensitive": false,
    "filter_level": "low",
    "lang": "en",
    "timestamp_ms": "1674023866869"
}