{
    "created_at": "Wed Jan 18 06:37:46 +0000 2023",
    "id": 1615599310703411200,
    "id_str": "1615599310703411200",
    "text": "RT @RogersHistory: The reaction to teachers striking vs rail workers striking is interesting isn't it. It says a lot about the view of educ…",
    "source": "<a href=\"http://twitter.com/download/iphone\" rel=\"nofollow\">Twitter for iPhone</a>",
    "truncated": false,
    "in_reply_to_status_id": null,
    "in_reply_to_status_id_str": null,
    "in_reply_to_user_id": null,
    "in_reply_to_user_id_str": null,
    "in_reply_to_screen_name": null,
    "user": {
        "id": 615270424,
        "id_str": "615270424",
        "name": "Patrick Condren",
        "screen_name": "PatCondren",
        "location": "Coleraine, Northern Ireland",
        "url": null,
        "description": "Building Surveyor. FE/HE Lecturer. Man United fan. European. All views my own 😎🇪🇺 🇺🇦",
        "translator_type": "none",
        "protected": false,
        "verified": false,
        "verified_type": "blue",
        "followers_count": 842,
        "friends_count": 3468,
        "listed_count": 5,
        "favourites_count": 9188,
        "statuses_count": 11500,
        "created_at": "Fri Jun 22 15:29:23 +0000 2012",
        "utc_offset": null,
        "time_zone": null,
        "geo_enabled": true,
        "lang": null,
        "contributors_enabled": false,
        "is_translator": false,
        "profile_background_color": "C0DEED",
        "profile_background_image_url": "http://abs.twimg.com/images/themes/theme1/bg.png",
        "profile_background_image_url_https": "https://abs.twimg.com/images/themes/theme1/bg.png",
        "profile_background_tile": false,
        "profile_link_color": "1DA1F2",
        "profile_sidebar_border_color": "C0DEED",
        "profile_sidebar_fill_color": "DDEEF6",
        "profile_text_color": "333333",
        "profile_use_background_image": true,
        "profile_image_url": "http://pbs.twimg.com/profile_images/1499129802288209923/Tef7wpBD_normal.jpg",
        "profile_image_url_https": "https://pbs.twimg.com/profile_images/1499129802288209923/Tef7wpBD_normal.jpg",
        "profile_banner_url": "https://pbs.twimg.com/profile_banners/615270424/1379595044",
        "default_profile": true,
        "default_profile_image": false,
        "following": null,
        "follow_request_sent": null,
        "notifications": null,
        "withheld_in_countries": []
    },
    "geo": null,
    "coordinates": null,
    "place": null,
    "contributors": null,
    "retweeted_status": {
        "created_at": "Tue Jan 17 20:03:45 +0000 2023",
        "id": 1615439752345579520,
        "id_str": "1615439752345579520",
        "text": "The reaction to teachers striking vs rail workers striking is interesting isn't it. It says a lot about the view of… https://t.co/VY97lkC6TQ",
        "source": "<a href=\"https://mobile.twitter.com\" rel=\"nofollow\">Twitter Web App</a>",
        "truncated": true,
        "in_reply_to_status_id": null,
        "in_reply_to_status_id_str": null,
        "in_reply_to_user_id": null,
        "in_reply_to_user_id_str": null,
        "in_reply_to_screen_name": null,
        "user": {
            "id": 1294853347,
            "id_str": "1294853347",
            "name": "Tom Rogers",
            "screen_name": "RogersHistory",
            "location": "Manchester, England",
            "url": "http://www.rogershistory.com",
            "description": "Founder and director of @teachmeeticons @ttradio2022 and @edudateofficial, still (supply) teaching. Subscribe: http://shorturl.at/xBQ01",
            "translator_type": "none",
            "protected": false,
            "verified": false,
            "verified_type": "blue",
            "followers_count": 59538,
            "friends_count": 9360,
            "listed_count": 441,
            "favourites_count": 151872,
            "statuses_count": 67226,
            "created_at": "Sun Mar 24 11:17:15 +0000 2013",
            "utc_offset": null,
            "time_zone": null,
            "geo_enabled": true,
            "lang": null,
            "contributors_enabled": false,
            "is_translator": false,
            "profile_background_color": "89C9FA",
            "profile_background_image_url": "http://abs.twimg.com/images/themes/theme1/bg.png",
            "profile_background_image_url_https": "https://abs.twimg.com/images/themes/theme1/bg.png",
            "profile_background_tile": false,
            "profile_link_color": "3B94D9",
            "profile_sidebar_border_color": "000000",
            "profile_sidebar_fill_color": "000000",
            "profile_text_color": "000000",
            "profile_use_background_image": true,
            "profile_image_url": "http://pbs.twimg.com/profile_images/1585647539898167296/gKE-sn-2_normal.jpg",
            "profile_image_url_https": "https://pbs.twimg.com/profile_images/1585647539898167296/gKE-sn-2_normal.jpg",
            "profile_banner_url": "https://pbs.twimg.com/profile_banners/1294853347/1624118890",
            "default_profile": false,
            "default_profile_image": false,
            "following": null,
            "follow_request_sent": null,
            "notifications": null,
            "withheld_in_countries": []
        },
        "geo": null,
        "coordinates": null,
        "place": null,
        "contributors": null,
        "is_quote_status": false,
        "extended_tweet": {
            "full_text": "The reaction to teachers striking vs rail workers striking is interesting isn't it. It says a lot about the view of education/teachers that seems to be embedded across the UK - very different value placed on it as opposed to many other countries around the world.",
            "display_text_range": [
                0,
                263
            ],
            "entities": {
                "hashtags": [],
                "urls": [],
                "user_mentions": [],
                "symbols": []
            }
        },
        "quote_count": 0,
        "reply_count": 9,
        "retweet_count": 15,
        "favorite_count": 210,
        "entities": {
            "hashtags": [],
            "urls": [
                {
                    "url": "https://t.co/VY97lkC6TQ",
                    "expanded_url": "https://twitter.com/i/web/status/1615439752345579520",
                    "display_url": "twitter.com/i/web/status/1…",
                    "indices": [
                        117,
                        140
                    ]
                }
            ],
            "user_mentions": [],
            "symbols": []
        },
        "favorited": false,
        "retweeted": false,
        "filter_level": "low",
        "lang": "en"
    },
    "is_quote_status": false,
    "quote_count": 0,
    "reply_count": 0,
    "retweet_count": 0,
    "favorite_count": 0,
    "entities": {
        "hashtags": [],
        "urls": [],
        "user_mentions": [
            {
                "screen_name": "RogersHistory",
                "name": "Tom Rogers",
                "id": 1294853347,
                "id_str": "1294853347",
                "indices": [
                    3,
                    17
                ]
            }
        ],
        "symbols": []
    },
    "favorited": false,
    "retweeted": false,
    "filter_level": "low",
    "lang": "en",
    "timestamp_ms": "1674023866712"
}