{
    "created_at": "Wed Jan 18 06:37:44 +0000 2023",
    "id": 1615599300914073601,
    "id_str": "1615599300914073601",
    "text": "This is making my day.",
    "source": "<a href=\"http://twitter.com/download/iphone\" rel=\"nofollow\">Twitter for iPhone</a>",
    "truncated": false,
    "in_reply_to_status_id": null,
    "in_reply_to_status_id_str": null,
    "in_reply_to_user_id": null,
    "in_reply_to_user_id_str": null,
    "in_reply_to_screen_name": null,
    "user": {
        "id": 1336244785393393664,
        "id_str": "1336244785393393664",
        "name": "Kris EN- Love ⚔️ in EN-Pire.",
        "screen_name": "tobewellisgoal",
        "location": "She/Her in the USA",
        "url": null,
        "description": "OT7 Fan Account. ✌🏾",
        "translator_type": "none",
        "protected": false,
        "verified": false,
        "verified_type": "blue",
        "followers_count": 318,
        "friends_count": 759,
        "listed_count": 1,
        "favourites_count": 21856,
        "statuses_count": 17340,
        "created_at": "Tue Dec 08 09:44:06 +0000 2020",
        "utc_offset": null,
        "time_zone": null,
        "geo_enabled": true,
        "lang": null,
        "contributors_enabled": false,
        "is_translator": false,
        "profile_background_color": "F5F8FA",
        "profile_background_image_url": "",
        "profile_background_image_url_https": "",
        "profile_background_tile": false,
        "profile_link_color": "1DA1F2",
        "profile_sidebar_border_color": "C0DEED",
        "profile_sidebar_fill_color": "DDEEF6",
        "profile_text_color": "333333",
        "profile_use_background_image": true,
        "profile_image_url": "http://pbs.twimg.com/profile_images/1592904722062663681/9yJ9uMx__normal.jpg",
        "profile_image_url_https": "https://pbs.twimg.com/profile_images/1592904722062663681/9yJ9uMx__normal.jpg",
        "profile_banner_url": "https://pbs.twimg.com/profile_banners/1336244785393393664/1668613094",
        "default_profile": true,
        "default_profile_image": false,
        "following": null,
        "follow_request_sent": null,
        "notifications": null,
        "withheld_in_countries": []
    },
    "geo": null,
    "coordinates": null,
    "place": null,
    "contributors": null,
    "quoted_status_id": 1615576230731948034,
    "quoted_status_id_str": "1615576230731948034",
    "quoted_status": {
        "created_at": "Wed Jan 18 05:06:04 +0000 2023",
        "id": 1615576230731948034,
        "id_str": "1615576230731948034",
        "text": "i just hope the boys especially jay is reading all these articles abt Milano fashion week featuring enhypen cause i… https://t.co/HDjyJ059dR",
        "display_text_range": [
            0,
            140
        ],
        "source": "<a href=\"http://twitter.com/download/android\" rel=\"nofollow\">Twitter for Android</a>",
        "truncated": true,
        "in_reply_to_status_id": null,
        "in_reply_to_status_id_str": null,
        "in_reply_to_user_id": null,
        "in_reply_to_user_id_str": null,
        "in_reply_to_screen_name": null,
        "user": {
            "id": 106498014,
            "id_str": "106498014",
            "name": "fio ⁷",
            "screen_name": "flower_koo",
            "location": "she / her ⋆ (DFI non armygene)",
            "url": null,
            "description": "bts & enhypen ⋆ fan account",
            "translator_type": "regular",
            "protected": false,
            "verified": false,
            "verified_type": "blue",
            "followers_count": 5014,
            "friends_count": 2922,
            "listed_count": 16,
            "favourites_count": 197162,
            "statuses_count": 130038,
            "created_at": "Tue Jan 19 19:19:52 +0000 2010",
            "utc_offset": null,
            "time_zone": null,
            "geo_enabled": false,
            "lang": null,
            "contributors_enabled": false,
            "is_translator": false,
            "profile_background_color": "FFFFFF",
            "profile_background_image_url": "http://abs.twimg.com/images/themes/theme17/bg.gif",
            "profile_background_image_url_https": "https://abs.twimg.com/images/themes/theme17/bg.gif",
            "profile_background_tile": true,
            "profile_link_color": "000000",
            "profile_sidebar_border_color": "FFFFFF",
            "profile_sidebar_fill_color": "FFFFFF",
            "profile_text_color": "000000",
            "profile_use_background_image": true,
            "profile_image_url": "http://pbs.twimg.com/profile_images/1561827771915042816/eSSSarTD_normal.jpg",
            "profile_image_url_https": "https://pbs.twimg.com/profile_images/1561827771915042816/eSSSarTD_normal.jpg",
            "profile_banner_url": "https://pbs.twimg.com/profile_banners/106498014/1673807402",
            "default_profile": false,
            "default_profile_image": false,
            "following": null,
            "follow_request_sent": null,
            "notifications": null,
            "withheld_in_countries": []
        },
        "geo": null,
        "coordinates": null,
        "place": null,
        "contributors": null,
        "is_quote_status": false,
        "extended_tweet": {
            "full_text": "i just hope the boys especially jay is reading all these articles abt Milano fashion week featuring enhypen cause i can imagine him freaking out abt vogue italia and the new york times writing about HIS GROUP and the impact they n his fans have idkkk im happy for him, for them 😭 https://t.co/qN73bJNVnd",
            "display_text_range": [
                0,
                279
            ],
            "entities": {
                "hashtags": [],
                "urls": [],
                "user_mentions": [],
                "symbols": [],
                "media": [
                    {
                        "id": 1615576225212235778,
                        "id_str": "1615576225212235778",
                        "indices": [
                            280,
                            303
                        ],
                        "media_url": "http://pbs.twimg.com/media/FmuuBGNXgAIRSO8.jpg",
                        "media_url_https": "https://pbs.twimg.com/media/FmuuBGNXgAIRSO8.jpg",
                        "url": "https://t.co/qN73bJNVnd",
                        "display_url": "pic.twitter.com/qN73bJNVnd",
                        "expanded_url": "https://twitter.com/flower_koo/status/1615576230731948034/photo/1",
                        "type": "photo",
                        "sizes": {
                            "thumb": {
                                "w": 150,
                                "h": 150,
                                "resize": "crop"
                            },
                            "small": {
                                "w": 446,
                                "h": 680,
                                "resize": "fit"
                            },
                            "medium": {
                                "w": 787,
                                "h": 1200,
                                "resize": "fit"
                            },
                            "large": {
                                "w": 1170,
                                "h": 1784,
                                "resize": "fit"
                            }
                        }
                    },
                    {
                        "id": 1615576228303347714,
                        "id_str": "1615576228303347714",
                        "indices": [
                            280,
                            303
                        ],
                        "media_url": "http://pbs.twimg.com/media/FmuuBRuWIAI6pUv.jpg",
                        "media_url_https": "https://pbs.twimg.com/media/FmuuBRuWIAI6pUv.jpg",
                        "url": "https://t.co/qN73bJNVnd",
                        "display_url": "pic.twitter.com/qN73bJNVnd",
                        "expanded_url": "https://twitter.com/flower_koo/status/1615576230731948034/photo/1",
                        "type": "photo",
                        "sizes": {
                            "thumb": {
                                "w": 150,
                                "h": 150,
                                "resize": "crop"
                            },
                            "small": {
                                "w": 680,
                                "h": 361,
                                "resize": "fit"
                            },
                            "large": {
                                "w": 1080,
                                "h": 574,
                                "resize": "fit"
                            },
                            "medium": {
                                "w": 1080,
                                "h": 574,
                                "resize": "fit"
                            }
                        }
                    }
                ]
            },
            "extended_entities": {
                "media": [
                    {
                        "id": 1615576225212235778,
                        "id_str": "1615576225212235778",
                        "indices": [
                            280,
                            303
                        ],
                        "media_url": "http://pbs.twimg.com/media/FmuuBGNXgAIRSO8.jpg",
                        "media_url_https": "https://pbs.twimg.com/media/FmuuBGNXgAIRSO8.jpg",
                        "url": "https://t.co/qN73bJNVnd",
                        "display_url": "pic.twitter.com/qN73bJNVnd",
                        "expanded_url": "https://twitter.com/flower_koo/status/1615576230731948034/photo/1",
                        "type": "photo",
                        "sizes": {
                            "thumb": {
                                "w": 150,
                                "h": 150,
                                "resize": "crop"
                            },
                            "small": {
                                "w": 446,
                                "h": 680,
                                "resize": "fit"
                            },
                            "medium": {
                                "w": 787,
                                "h": 1200,
                                "resize": "fit"
                            },
                            "large": {
                                "w": 1170,
                                "h": 1784,
                                "resize": "fit"
                            }
                        }
                    },
                    {
                        "id": 1615576228303347714,
                        "id_str": "1615576228303347714",
                        "indices": [
                            280,
                            303
                        ],
                        "media_url": "http://pbs.twimg.com/media/FmuuBRuWIAI6pUv.jpg",
                        "media_url_https": "https://pbs.twimg.com/media/FmuuBRuWIAI6pUv.jpg",
                        "url": "https://t.co/qN73bJNVnd",
                        "display_url": "pic.twitter.com/qN73bJNVnd",
                        "expanded_url": "https://twitter.com/flower_koo/status/1615576230731948034/photo/1",
                        "type": "photo",
                        "sizes": {
                            "thumb": {
                                "w": 150,
                                "h": 150,
                                "resize": "crop"
                            },
                            "small": {
                                "w": 680,
                                "h": 361,
                                "resize": "fit"
                            },
                            "large": {
                                "w": 1080,
                                "h": 574,
                                "resize": "fit"
                            },
                            "medium": {
                                "w": 1080,
                                "h": 574,
                                "resize": "fit"
                            }
                        }
                    }
                ]
            }
        },
        "quote_count": 0,
        "reply_count": 1,
        "retweet_count": 53,
        "favorite_count": 168,
        "entities": {
            "hashtags": [],
            "urls": [
                {
                    "url": "https://t.co/HDjyJ059dR",
                    "expanded_url": "https://twitter.com/i/web/status/1615576230731948034",
                    "display_url": "twitter.com/i/web/status/1…",
                    "indices": [
                        117,
                        140
                    ]
                }
            ],
            "user_mentions": [],
            "symbols": []
        },
        "favorited": false,
        "retweeted": false,
        "possibly_sensitive": false,
        "filter_level": "low",
        "lang": "en"
    },
    "quoted_status_permalink": {
        "url": "https://t.co/oJSOrHDjxP",
        "expanded": "https://twitter.com/flower_koo/status/1615576230731948034",
        "display": "twitter.com/flower_koo/sta…"
    },
    "is_quote_status": true,
    "quote_count": 0,
    "reply_count": 0,
    "retweet_count": 0,
    "favorite_count": 0,
    "entities": {
        "hashtags": [],
        "urls": [],
        "user_mentions": [],
        "symbols": []
    },
    "favorited": false,
    "retweeted": false,
    "filter_level": "low",
    "lang": "en",
    "timestamp_ms": "1674023864378"
}