{
    "created_at": "Wed Jan 18 06:37:47 +0000 2023",
    "id": 1615599312494555136,
    "id_str": "1615599312494555136",
    "text": "RT @SkyNews: \"He was relatively unknown until a few months ago, and yet Peter Obi has been propelled to frontrunner status in Nigeria's upc…",
    "source": "<a href=\"https://mobile.twitter.com\" rel=\"nofollow\">Twitter Web App</a>",
    "truncated": false,
    "in_reply_to_status_id": null,
    "in_reply_to_status_id_str": null,
    "in_reply_to_user_id": null,
    "in_reply_to_user_id_str": null,
    "in_reply_to_screen_name": null,
    "user": {
        "id": 1252922945334280193,
        "id_str": "1252922945334280193",
        "name": "Ijesha king 👑💖👑",
        "screen_name": "KingIjesha",
        "location": "United Kingdom ",
        "url": null,
        "description": "Entrepreneur.... Journalist... Model.. ... Movie Producer/Director . PETER OBI MOBILIZER...\n\nGet busy each day, remember there are record breakers... Break one.",
        "translator_type": "none",
        "protected": false,
        "verified": false,
        "verified_type": "blue",
        "followers_count": 285,
        "friends_count": 1631,
        "listed_count": 0,
        "favourites_count": 7707,
        "statuses_count": 4787,
        "created_at": "Wed Apr 22 11:31:40 +0000 2020",
        "utc_offset": null,
        "time_zone": null,
        "geo_enabled": false,
        "lang": null,
        "contributors_enabled": false,
        "is_translator": false,
        "profile_background_color": "F5F8FA",
        "profile_background_image_url": "",
        "profile_background_image_url_https": "",
        "profile_background_tile": false,
        "profile_link_color": "1DA1F2",
        "profile_sidebar_border_color": "C0DEED",
        "profile_sidebar_fill_color": "DDEEF6",
        "profile_text_color": "333333",
        "profile_use_background_image": true,
        "profile_image_url": "http://pbs.twimg.com/profile_images/1399304492756180992/dk7W8kjP_normal.jpg",
        "profile_image_url_https": "https://pbs.twimg.com/profile_images/1399304492756180992/dk7W8kjP_normal.jpg",
        "profile_banner_url": "https://pbs.twimg.com/profile_banners/1252922945334280193/1664481399",
        "default_profile": true,
        "default_profile_image": false,
        "following": null,
        "follow_request_sent": null,
        "notifications": null,
        "withheld_in_countries": []
    },
    "geo": null,
    "coordinates": null,
    "place": null,
    "contributors": null,
    "retweeted_status": {
        "created_at": "Tue Jan 17 21:38:18 +0000 2023",
        "id": 1615463547445583872,
        "id_str": "1615463547445583872",
        "text": "\"He was relatively unknown until a few months ago, and yet Peter Obi has been propelled to frontrunner status in Ni… https://t.co/1s94MUlGSx",
        "source": "<a href=\"https://twitter.com\" rel=\"nofollow\">Twitter for Advertisers</a>",
        "truncated": true,
        "in_reply_to_status_id": null,
        "in_reply_to_status_id_str": null,
        "in_reply_to_user_id": null,
        "in_reply_to_user_id_str": null,
        "in_reply_to_screen_name": null,
        "user": {
            "id": 7587032,
            "id_str": "7587032",
            "name": "Sky News",
            "screen_name": "SkyNews",
            "location": "London, UK",
            "url": "http://news.sky.com/",
            "description": "For breaking news @SkyNewsBreak. Watch live on Sky 501, Virgin Media HD 602, Freeview 233 and YouTube.\n\nDownload our app: http://onelink.to/skynews",
            "translator_type": "none",
            "protected": false,
            "verified": true,
            "verified_type": "business",
            "followers_count": 8310506,
            "friends_count": 22,
            "listed_count": 31560,
            "favourites_count": 1,
            "statuses_count": 567316,
            "created_at": "Thu Jul 19 14:42:53 +0000 2007",
            "utc_offset": null,
            "time_zone": null,
            "geo_enabled": false,
            "lang": null,
            "contributors_enabled": false,
            "is_translator": false,
            "profile_background_color": "000000",
            "profile_background_image_url": "http://abs.twimg.com/images/themes/theme1/bg.png",
            "profile_background_image_url_https": "https://abs.twimg.com/images/themes/theme1/bg.png",
            "profile_background_tile": false,
            "profile_link_color": "385FAC",
            "profile_sidebar_border_color": "000000",
            "profile_sidebar_fill_color": "EDEDED",
            "profile_text_color": "333333",
            "profile_use_background_image": true,
            "profile_image_url": "http://pbs.twimg.com/profile_images/1604907328242962433/P_79at43_normal.jpg",
            "profile_image_url_https": "https://pbs.twimg.com/profile_images/1604907328242962433/P_79at43_normal.jpg",
            "profile_banner_url": "https://pbs.twimg.com/profile_banners/7587032/1664187298",
            "default_profile": false,
            "default_profile_image": false,
            "following": null,
            "follow_request_sent": null,
            "notifications": null,
            "withheld_in_countries": []
        },
        "geo": null,
        "coordinates": null,
        "place": null,
        "contributors": null,
        "is_quote_status": false,
        "extended_tweet": {
            "full_text": "\"He was relatively unknown until a few months ago, and yet Peter Obi has been propelled to frontrunner status in Nigeria's upcoming election.\"\n\nSky's international affairs editor @DominicWaghorn sits down with the presidential candidate 👇",
            "display_text_range": [
                0,
                238
            ],
            "entities": {
                "hashtags": [],
                "urls": [],
                "user_mentions": [
                    {
                        "screen_name": "DominicWaghorn",
                        "name": "Dominic Waghorn",
                        "id": 91103484,
                        "id_str": "91103484",
                        "indices": [
                            179,
                            194
                        ]
                    }
                ],
                "symbols": []
            }
        },
        "quote_count": 89,
        "reply_count": 122,
        "retweet_count": 1848,
        "favorite_count": 2010,
        "entities": {
            "hashtags": [],
            "urls": [
                {
                    "url": "https://t.co/1s94MUlGSx",
                    "expanded_url": "https://twitter.com/i/web/status/1615463547445583872",
                    "display_url": "twitter.com/i/web/status/1…",
                    "indices": [
                        117,
                        140
                    ]
                }
            ],
            "user_mentions": [],
            "symbols": []
        },
        "favorited": false,
        "retweeted": false,
        "filter_level": "low",
        "lang": "en"
    },
    "is_quote_status": false,
    "quote_count": 0,
    "reply_count": 0,
    "retweet_count": 0,
    "favorite_count": 0,
    "entities": {
        "hashtags": [],
        "urls": [],
        "user_mentions": [
            {
                "screen_name": "SkyNews",
                "name": "Sky News",
                "id": 7587032,
                "id_str": "7587032",
                "indices": [
                    3,
                    11
                ]
            }
        ],
        "symbols": []
    },
    "favorited": false,
    "retweeted": false,
    "filter_level": "low",
    "lang": "en",
    "timestamp_ms": "1674023867139"
}