{
    "created_at": "Wed Jan 18 06:37:40 +0000 2023",
    "id": 1615599286523424769,
    "id_str": "1615599286523424769",
    "text": "RT @Carda_station: 🚨New partnership alert! 🚨\n\nWe are very happy to welcome @XRaceNFT in our #Metaverse 🥳\nOwners of these bikes #NFTs  can d…",
    "source": "<a href=\"https://mobile.twitter.com\" rel=\"nofollow\">Twitter Web App</a>",
    "truncated": false,
    "in_reply_to_status_id": null,
    "in_reply_to_status_id_str": null,
    "in_reply_to_user_id": null,
    "in_reply_to_user_id_str": null,
    "in_reply_to_screen_name": null,
    "user": {
        "id": 1543028066183655424,
        "id_str": "1543028066183655424",
        "name": "AZwarwolf10",
        "screen_name": "brittan62876147",
        "location": null,
        "url": null,
        "description": "female 30 United States\ndaughter of a sailor\n- loner -Stoner -Outkast gamer-\n-sam hart-(Mario kart love song)\n-karlaaa-(go ghost)",
        "translator_type": "none",
        "protected": false,
        "verified": false,
        "verified_type": "blue",
        "followers_count": 63,
        "friends_count": 84,
        "listed_count": 0,
        "favourites_count": 1945,
        "statuses_count": 1469,
        "created_at": "Sat Jul 02 00:25:46 +0000 2022",
        "utc_offset": null,
        "time_zone": null,
        "geo_enabled": false,
        "lang": null,
        "contributors_enabled": false,
        "is_translator": false,
        "profile_background_color": "F5F8FA",
        "profile_background_image_url": "",
        "profile_background_image_url_https": "",
        "profile_background_tile": false,
        "profile_link_color": "1DA1F2",
        "profile_sidebar_border_color": "C0DEED",
        "profile_sidebar_fill_color": "DDEEF6",
        "profile_text_color": "333333",
        "profile_use_background_image": true,
        "profile_image_url": "http://pbs.twimg.com/profile_images/1590275229766426624/TtTR4vQd_normal.jpg",
        "profile_image_url_https": "https://pbs.twimg.com/profile_images/1590275229766426624/TtTR4vQd_normal.jpg",
        "profile_banner_url": "https://pbs.twimg.com/profile_banners/1543028066183655424/1668652638",
        "default_profile": true,
        "default_profile_image": false,
        "following": null,
        "follow_request_sent": null,
        "notifications": null,
        "withheld_in_countries": []
    },
    "geo": null,
    "coordinates": null,
    "place": null,
    "contributors": null,
    "retweeted_status": {
        "created_at": "Wed Jan 18 05:43:09 +0000 2023",
        "id": 1615585567072309248,
        "id_str": "1615585567072309248",
        "text": "🚨New partnership alert! 🚨\n\nWe are very happy to welcome @XRaceNFT in our #Metaverse 🥳\nOwners of these bikes #NFTs… https://t.co/p2fSjaYQzc",
        "display_text_range": [
            0,
            140
        ],
        "source": "<a href=\"https://mobile.twitter.com\" rel=\"nofollow\">Twitter Web App</a>",
        "truncated": true,
        "in_reply_to_status_id": null,
        "in_reply_to_status_id_str": null,
        "in_reply_to_user_id": null,
        "in_reply_to_user_id_str": null,
        "in_reply_to_screen_name": null,
        "user": {
            "id": 1491432907705131013,
            "id_str": "1491432907705131013",
            "name": "Carda Station | Minting Now",
            "screen_name": "Carda_station",
            "location": "Metaverse",
            "url": "https://cardastation.com/",
            "description": "Moon based #metaverse built on #Cardano | Pre-alpha version is Live and open to everyone | 🚀 Minting Now 🚀 http://discord.gg/676AFuEgwE",
            "translator_type": "none",
            "protected": false,
            "verified": false,
            "verified_type": "blue",
            "followers_count": 4248,
            "friends_count": 212,
            "listed_count": 12,
            "favourites_count": 899,
            "statuses_count": 500,
            "created_at": "Wed Feb 09 15:25:15 +0000 2022",
            "utc_offset": null,
            "time_zone": null,
            "geo_enabled": false,
            "lang": null,
            "contributors_enabled": false,
            "is_translator": false,
            "profile_background_color": "F5F8FA",
            "profile_background_image_url": "",
            "profile_background_image_url_https": "",
            "profile_background_tile": false,
            "profile_link_color": "1DA1F2",
            "profile_sidebar_border_color": "C0DEED",
            "profile_sidebar_fill_color": "DDEEF6",
            "profile_text_color": "333333",
            "profile_use_background_image": true,
            "profile_image_url": "http://pbs.twimg.com/profile_images/1494287296048386053/XQr5CoTr_normal.jpg",
            "profile_image_url_https": "https://pbs.twimg.com/profile_images/1494287296048386053/XQr5CoTr_normal.jpg",
            "profile_banner_url": "https://pbs.twimg.com/profile_banners/1491432907705131013/1645100829",
            "default_profile": true,
            "default_profile_image": false,
            "following": null,
            "follow_request_sent": null,
            "notifications": null,
            "withheld_in_countries": []
        },
        "geo": null,
        "coordinates": null,
        "place": null,
        "contributors": null,
        "is_quote_status": false,
        "extended_tweet": {
            "full_text": "🚨New partnership alert! 🚨\n\nWe are very happy to welcome @XRaceNFT in our #Metaverse 🥳\nOwners of these bikes #NFTs  can drive around Carda Station and enter our racing game 🏁\n\nCheck out their Discord for their racing management platform,  arcade games and more 🔥 https://t.co/wBAMaAgkEC",
            "display_text_range": [
                0,
                261
            ],
            "entities": {
                "hashtags": [
                    {
                        "text": "Metaverse",
                        "indices": [
                            73,
                            83
                        ]
                    },
                    {
                        "text": "NFTs",
                        "indices": [
                            108,
                            113
                        ]
                    }
                ],
                "urls": [],
                "user_mentions": [
                    {
                        "screen_name": "XRaceNFT",
                        "name": "X-Race | Minting Now",
                        "id": 1452898645779509251,
                        "id_str": "1452898645779509251",
                        "indices": [
                            56,
                            65
                        ]
                    }
                ],
                "symbols": [],
                "media": [
                    {
                        "id": 1615580886178611200,
                        "id_str": "1615580886178611200",
                        "indices": [
                            262,
                            285
                        ],
                        "media_url": "http://pbs.twimg.com/media/FmuyQZqWQAAZeKV.jpg",
                        "media_url_https": "https://pbs.twimg.com/media/FmuyQZqWQAAZeKV.jpg",
                        "url": "https://t.co/wBAMaAgkEC",
                        "display_url": "pic.twitter.com/wBAMaAgkEC",
                        "expanded_url": "https://twitter.com/Carda_station/status/1615585567072309248/photo/1",
                        "type": "photo",
                        "sizes": {
                            "thumb": {
                                "w": 150,
                                "h": 150,
                                "resize": "crop"
                            },
                            "large": {
                                "w": 1000,
                                "h": 604,
                                "resize": "fit"
                            },
                            "small": {
                                "w": 680,
                                "h": 411,
                                "resize": "fit"
                            },
                            "medium": {
                                "w": 1000,
                                "h": 604,
                                "resize": "fit"
                            }
                        }
                    }
                ]
            },
            "extended_entities": {
                "media": [
                    {
                        "id": 1615580886178611200,
                        "id_str": "1615580886178611200",
                        "indices": [
                            262,
                            285
                        ],
                        "media_url": "http://pbs.twimg.com/media/FmuyQZqWQAAZeKV.jpg",
                        "media_url_https": "https://pbs.twimg.com/media/FmuyQZqWQAAZeKV.jpg",
                        "url": "https://t.co/wBAMaAgkEC",
                        "display_url": "pic.twitter.com/wBAMaAgkEC",
                        "expanded_url": "https://twitter.com/Carda_station/status/1615585567072309248/photo/1",
                        "type": "photo",
                        "sizes": {
                            "thumb": {
                                "w": 150,
                                "h": 150,
                                "resize": "crop"
                            },
                            "large": {
                                "w": 1000,
                                "h": 604,
                                "resize": "fit"
                            },
                            "small": {
                                "w": 680,
                                "h": 411,
                                "resize": "fit"
                            },
                            "medium": {
                                "w": 1000,
                                "h": 604,
                                "resize": "fit"
                            }
                        }
                    }
                ]
            }
        },
        "quote_count": 2,
        "reply_count": 0,
        "retweet_count": 3,
        "favorite_count": 12,
        "entities": {
            "hashtags": [
                {
                    "text": "Metaverse",
                    "indices": [
                        73,
                        83
                    ]
                },
                {
                    "text": "NFTs",
                    "indices": [
                        108,
                        113
                    ]
                }
            ],
            "urls": [
                {
                    "url": "https://t.co/p2fSjaYQzc",
                    "expanded_url": "https://twitter.com/i/web/status/1615585567072309248",
                    "display_url": "twitter.com/i/web/status/1…",
                    "indices": [
                        115,
                        138
                    ]
                }
            ],
            "user_mentions": [
                {
                    "screen_name": "XRaceNFT",
                    "name": "X-Race | Minting Now",
                    "id": 1452898645779509251,
                    "id_str": "1452898645779509251",
                    "indices": [
                        56,
                        65
                    ]
                }
            ],
            "symbols": []
        },
        "favorited": false,
        "retweeted": false,
        "possibly_sensitive": false,
        "filter_level": "low",
        "lang": "en"
    },
    "is_quote_status": false,
    "quote_count": 0,
    "reply_count": 0,
    "retweet_count": 0,
    "favorite_count": 0,
    "entities": {
        "hashtags": [
            {
                "text": "Metaverse",
                "indices": [
                    92,
                    102
                ]
            },
            {
                "text": "NFTs",
                "indices": [
                    127,
                    132
                ]
            }
        ],
        "urls": [],
        "user_mentions": [
            {
                "screen_name": "Carda_station",
                "name": "Carda Station | Minting Now",
                "id": 1491432907705131013,
                "id_str": "1491432907705131013",
                "indices": [
                    3,
                    17
                ]
            },
            {
                "screen_name": "XRaceNFT",
                "name": "X-Race | Minting Now",
                "id": 1452898645779509251,
                "id_str": "1452898645779509251",
                "indices": [
                    75,
                    84
                ]
            }
        ],
        "symbols": []
    },
    "favorited": false,
    "retweeted": false,
    "filter_level": "low",
    "lang": "en",
    "timestamp_ms": "1674023860947"
}