{
    "created_at": "Wed Jan 18 06:37:50 +0000 2023",
    "id": 1615599326234820609,
    "id_str": "1615599326234820609",
    "text": "RT @john4brexit: UK suffering from ‘catastrophic’ impact of Brexit, says Asda boss - The Independent- what utter tosh https://t.co/uD5QM5xM…",
    "source": "<a href=\"http://twitter.com/download/iphone\" rel=\"nofollow\">Twitter for iPhone</a>",
    "truncated": false,
    "in_reply_to_status_id": null,
    "in_reply_to_status_id_str": null,
    "in_reply_to_user_id": null,
    "in_reply_to_user_id_str": null,
    "in_reply_to_screen_name": null,
    "user": {
        "id": 1340968910536011779,
        "id_str": "1340968910536011779",
        "name": "John Conning",
        "screen_name": "conning_john",
        "location": null,
        "url": null,
        "description": "Retired",
        "translator_type": "none",
        "protected": false,
        "verified": false,
        "verified_type": "blue",
        "followers_count": 538,
        "friends_count": 124,
        "listed_count": 9,
        "favourites_count": 51139,
        "statuses_count": 64632,
        "created_at": "Mon Dec 21 10:36:13 +0000 2020",
        "utc_offset": null,
        "time_zone": null,
        "geo_enabled": false,
        "lang": null,
        "contributors_enabled": false,
        "is_translator": false,
        "profile_background_color": "F5F8FA",
        "profile_background_image_url": "",
        "profile_background_image_url_https": "",
        "profile_background_tile": false,
        "profile_link_color": "1DA1F2",
        "profile_sidebar_border_color": "C0DEED",
        "profile_sidebar_fill_color": "DDEEF6",
        "profile_text_color": "333333",
        "profile_use_background_image": true,
        "profile_image_url": "http://pbs.twimg.com/profile_images/1340978315172188161/qrOzAvW7_normal.jpg",
        "profile_image_url_https": "https://pbs.twimg.com/profile_images/1340978315172188161/qrOzAvW7_normal.jpg",
        "default_profile": true,
        "default_profile_image": false,
        "following": null,
        "follow_request_sent": null,
        "notifications": null,
        "withheld_in_countries": []
    },
    "geo": null,
    "coordinates": null,
    "place": null,
    "contributors": null,
    "retweeted_status": {
        "created_at": "Tue Jan 17 17:26:29 +0000 2023",
        "id": 1615400176570572800,
        "id_str": "1615400176570572800",
        "text": "UK suffering from ‘catastrophic’ impact of Brexit, says Asda boss - The Independent- what utter tosh https://t.co/uD5QM5xMG3",
        "source": "<a href=\"http://twitter.com/download/iphone\" rel=\"nofollow\">Twitter for iPhone</a>",
        "truncated": false,
        "in_reply_to_status_id": null,
        "in_reply_to_status_id_str": null,
        "in_reply_to_user_id": null,
        "in_reply_to_user_id_str": null,
        "in_reply_to_screen_name": null,
        "user": {
            "id": 714854344454238208,
            "id_str": "714854344454238208",
            "name": "John Longworth",
            "screen_name": "john4brexit",
            "location": "Yorkshire/London England",
            "url": "https://the-ibn.com",
            "description": "Chairman Independent Business Network of family businesses.Entrepreneur. member Regulatory Policy Cmmtt. Former MEP.Former DG British Chambers of Commerce.",
            "translator_type": "none",
            "protected": false,
            "verified": true,
            "verified_type": "blue",
            "followers_count": 22741,
            "friends_count": 605,
            "listed_count": 236,
            "favourites_count": 420,
            "statuses_count": 4395,
            "created_at": "Tue Mar 29 16:38:51 +0000 2016",
            "utc_offset": null,
            "time_zone": null,
            "geo_enabled": false,
            "lang": null,
            "contributors_enabled": false,
            "is_translator": false,
            "profile_background_color": "F5F8FA",
            "profile_background_image_url": "",
            "profile_background_image_url_https": "",
            "profile_background_tile": false,
            "profile_link_color": "1DA1F2",
            "profile_sidebar_border_color": "C0DEED",
            "profile_sidebar_fill_color": "DDEEF6",
            "profile_text_color": "333333",
            "profile_use_background_image": true,
            "profile_image_url": "http://pbs.twimg.com/profile_images/1118453190842884096/WEJTS0kB_normal.png",
            "profile_image_url_https": "https://pbs.twimg.com/profile_images/1118453190842884096/WEJTS0kB_normal.png",
            "profile_banner_url": "https://pbs.twimg.com/profile_banners/714854344454238208/1611420972",
            "default_profile": true,
            "default_profile_image": false,
            "following": null,
            "follow_request_sent": null,
            "notifications": null,
            "withheld_in_countries": []
        },
        "geo": null,
        "coordinates": null,
        "place": null,
        "contributors": null,
        "is_quote_status": false,
        "quote_count": 5,
        "reply_count": 122,
        "retweet_count": 21,
        "favorite_count": 103,
        "entities": {
            "hashtags": [],
            "urls": [
                {
                    "url": "https://t.co/uD5QM5xMG3",
                    "expanded_url": "https://apple.news/AdCkAojUuQ_2J_u4USQjc_g",
                    "display_url": "apple.news/AdCkAojUuQ_2J_…",
                    "indices": [
                        101,
                        124
                    ]
                }
            ],
            "user_mentions": [],
            "symbols": []
        },
        "favorited": false,
        "retweeted": false,
        "possibly_sensitive": false,
        "filter_level": "low",
        "lang": "en"
    },
    "is_quote_status": false,
    "quote_count": 0,
    "reply_count": 0,
    "retweet_count": 0,
    "favorite_count": 0,
    "entities": {
        "hashtags": [],
        "urls": [],
        "user_mentions": [
            {
                "screen_name": "john4brexit",
                "name": "John Longworth",
                "id": 714854344454238208,
                "id_str": "714854344454238208",
                "indices": [
                    3,
                    15
                ]
            }
        ],
        "symbols": []
    },
    "favorited": false,
    "retweeted": false,
    "filter_level": "low",
    "lang": "en",
    "timestamp_ms": "1674023870415"
}