{
    "created_at": "Wed Jan 18 06:37:48 +0000 2023",
    "id": 1615599317900824576,
    "id_str": "1615599317900824576",
    "text": "RT @omoelerinjare: \"Peter Obi has the organic support of the Nigerian Youths, no one has been paid to attend rallies, he has what it takes…",
    "source": "<a href=\"http://twitter.com/download/android\" rel=\"nofollow\">Twitter for Android</a>",
    "truncated": false,
    "in_reply_to_status_id": null,
    "in_reply_to_status_id_str": null,
    "in_reply_to_user_id": null,
    "in_reply_to_user_id_str": null,
    "in_reply_to_screen_name": null,
    "user": {
        "id": 260243849,
        "id_str": "260243849",
        "name": "NORTHERN ROYALTY",
        "screen_name": "sol_629",
        "location": "U.K/US/Nigeria.(Abuja City)",
        "url": null,
        "description": null,
        "translator_type": "none",
        "protected": false,
        "verified": false,
        "verified_type": "blue",
        "followers_count": 280,
        "friends_count": 1133,
        "listed_count": 1,
        "favourites_count": 2067,
        "statuses_count": 2262,
        "created_at": "Thu Mar 03 13:59:28 +0000 2011",
        "utc_offset": null,
        "time_zone": null,
        "geo_enabled": true,
        "lang": null,
        "contributors_enabled": false,
        "is_translator": false,
        "profile_background_color": "C0DEED",
        "profile_background_image_url": "http://abs.twimg.com/images/themes/theme1/bg.png",
        "profile_background_image_url_https": "https://abs.twimg.com/images/themes/theme1/bg.png",
        "profile_background_tile": false,
        "profile_link_color": "1DA1F2",
        "profile_sidebar_border_color": "C0DEED",
        "profile_sidebar_fill_color": "DDEEF6",
        "profile_text_color": "333333",
        "profile_use_background_image": true,
        "profile_image_url": "http://pbs.twimg.com/profile_images/1018775769017962498/GHqp6VZn_normal.jpg",
        "profile_image_url_https": "https://pbs.twimg.com/profile_images/1018775769017962498/GHqp6VZn_normal.jpg",
        "profile_banner_url": "https://pbs.twimg.com/profile_banners/260243849/1415914345",
        "default_profile": true,
        "default_profile_image": false,
        "following": null,
        "follow_request_sent": null,
        "notifications": null,
        "withheld_in_countries": []
    },
    "geo": null,
    "coordinates": null,
    "place": null,
    "contributors": null,
    "retweeted_status": {
        "created_at": "Tue Jan 17 07:16:40 +0000 2023",
        "id": 1615246710963314690,
        "id_str": "1615246710963314690",
        "text": "\"Peter Obi has the organic support of the Nigerian Youths, no one has been paid to attend rallies, he has what it t… https://t.co/SaMnRPhY4t",
        "display_text_range": [
            0,
            140
        ],
        "source": "<a href=\"http://twitter.com/download/android\" rel=\"nofollow\">Twitter for Android</a>",
        "truncated": true,
        "in_reply_to_status_id": null,
        "in_reply_to_status_id_str": null,
        "in_reply_to_user_id": null,
        "in_reply_to_user_id_str": null,
        "in_reply_to_screen_name": null,
        "user": {
            "id": 1037011222477123585,
            "id_str": "1037011222477123585",
            "name": "Peter Obi Stan supporter",
            "screen_name": "omoelerinjare",
            "location": "Abuja, Nigeria",
            "url": null,
            "description": "Treat every person no matter his creed or trait, as a special soul, that is the meaning of Humanity. Realist. Typical 🇳🇬.",
            "translator_type": "none",
            "protected": false,
            "verified": false,
            "verified_type": "blue",
            "followers_count": 10614,
            "friends_count": 3719,
            "listed_count": 12,
            "favourites_count": 120196,
            "statuses_count": 45182,
            "created_at": "Tue Sep 04 16:15:16 +0000 2018",
            "utc_offset": null,
            "time_zone": null,
            "geo_enabled": true,
            "lang": null,
            "contributors_enabled": false,
            "is_translator": false,
            "profile_background_color": "F5F8FA",
            "profile_background_image_url": "",
            "profile_background_image_url_https": "",
            "profile_background_tile": false,
            "profile_link_color": "1DA1F2",
            "profile_sidebar_border_color": "C0DEED",
            "profile_sidebar_fill_color": "DDEEF6",
            "profile_text_color": "333333",
            "profile_use_background_image": true,
            "profile_image_url": "http://pbs.twimg.com/profile_images/1538759176112984065/EXzmlbIQ_normal.jpg",
            "profile_image_url_https": "https://pbs.twimg.com/profile_images/1538759176112984065/EXzmlbIQ_normal.jpg",
            "profile_banner_url": "https://pbs.twimg.com/profile_banners/1037011222477123585/1668206742",
            "default_profile": true,
            "default_profile_image": false,
            "following": null,
            "follow_request_sent": null,
            "notifications": null,
            "withheld_in_countries": []
        },
        "geo": null,
        "coordinates": null,
        "place": null,
        "contributors": null,
        "is_quote_status": false,
        "extended_tweet": {
            "full_text": "\"Peter Obi has the organic support of the Nigerian Youths, no one has been paid to attend rallies, he has what it takes to end Nigeria's Problems\" Ireti Kingibe the senatorial candidate for Labour Party in the FCT!❤️❤️🙏🙏💯🇳🇬👏🥰🥰💫💫💥💥✨🫶🏆🏆 https://t.co/zBf12Tdger",
            "display_text_range": [
                0,
                234
            ],
            "entities": {
                "hashtags": [],
                "urls": [],
                "user_mentions": [],
                "symbols": [],
                "media": [
                    {
                        "id": 1615246482751234048,
                        "id_str": "1615246482751234048",
                        "indices": [
                            235,
                            258
                        ],
                        "additional_media_info": {
                            "monetizable": false
                        },
                        "media_url": "http://pbs.twimg.com/ext_tw_video_thumb/1615246482751234048/pu/img/imWlsGnsIEQ1D6jq.jpg",
                        "media_url_https": "https://pbs.twimg.com/ext_tw_video_thumb/1615246482751234048/pu/img/imWlsGnsIEQ1D6jq.jpg",
                        "url": "https://t.co/zBf12Tdger",
                        "display_url": "pic.twitter.com/zBf12Tdger",
                        "expanded_url": "https://twitter.com/omoelerinjare/status/1615246710963314690/video/1",
                        "type": "video",
                        "video_info": {
                            "aspect_ratio": [
                                16,
                                9
                            ],
                            "duration_millis": 84610,
                            "variants": [
                                {
                                    "bitrate": 256000,
                                    "content_type": "video/mp4",
                                    "url": "https://video.twimg.com/ext_tw_video/1615246482751234048/pu/vid/480x270/mEs6Mnnr_qz4RE4R.mp4?tag=12"
                                },
                                {
                                    "content_type": "application/x-mpegURL",
                                    "url": "https://video.twimg.com/ext_tw_video/1615246482751234048/pu/pl/1SNP_9QCIT1YwUbS.m3u8?tag=12&container=fmp4"
                                },
                                {
                                    "bitrate": 832000,
                                    "content_type": "video/mp4",
                                    "url": "https://video.twimg.com/ext_tw_video/1615246482751234048/pu/vid/640x360/jVW3ggWh6S-BuZSE.mp4?tag=12"
                                },
                                {
                                    "bitrate": 2176000,
                                    "content_type": "video/mp4",
                                    "url": "https://video.twimg.com/ext_tw_video/1615246482751234048/pu/vid/1280x720/Cm2suKU0SD4WrG0n.mp4?tag=12"
                                }
                            ]
                        },
                        "sizes": {
                            "thumb": {
                                "w": 150,
                                "h": 150,
                                "resize": "crop"
                            },
                            "medium": {
                                "w": 1200,
                                "h": 675,
                                "resize": "fit"
                            },
                            "small": {
                                "w": 680,
                                "h": 383,
                                "resize": "fit"
                            },
                            "large": {
                                "w": 1280,
                                "h": 720,
                                "resize": "fit"
                            }
                        }
                    }
                ]
            },
            "extended_entities": {
                "media": [
                    {
                        "id": 1615246482751234048,
                        "id_str": "1615246482751234048",
                        "indices": [
                            235,
                            258
                        ],
                        "additional_media_info": {
                            "monetizable": false
                        },
                        "media_url": "http://pbs.twimg.com/ext_tw_video_thumb/1615246482751234048/pu/img/imWlsGnsIEQ1D6jq.jpg",
                        "media_url_https": "https://pbs.twimg.com/ext_tw_video_thumb/1615246482751234048/pu/img/imWlsGnsIEQ1D6jq.jpg",
                        "url": "https://t.co/zBf12Tdger",
                        "display_url": "pic.twitter.com/zBf12Tdger",
                        "expanded_url": "https://twitter.com/omoelerinjare/status/1615246710963314690/video/1",
                        "type": "video",
                        "video_info": {
                            "aspect_ratio": [
                                16,
                                9
                            ],
                            "duration_millis": 84610,
                            "variants": [
                                {
                                    "bitrate": 256000,
                                    "content_type": "video/mp4",
                                    "url": "https://video.twimg.com/ext_tw_video/1615246482751234048/pu/vid/480x270/mEs6Mnnr_qz4RE4R.mp4?tag=12"
                                },
                                {
                                    "content_type": "application/x-mpegURL",
                                    "url": "https://video.twimg.com/ext_tw_video/1615246482751234048/pu/pl/1SNP_9QCIT1YwUbS.m3u8?tag=12&container=fmp4"
                                },
                                {
                                    "bitrate": 832000,
                                    "content_type": "video/mp4",
                                    "url": "https://video.twimg.com/ext_tw_video/1615246482751234048/pu/vid/640x360/jVW3ggWh6S-BuZSE.mp4?tag=12"
                                },
                                {
                                    "bitrate": 2176000,
                                    "content_type": "video/mp4",
                                    "url": "https://video.twimg.com/ext_tw_video/1615246482751234048/pu/vid/1280x720/Cm2suKU0SD4WrG0n.mp4?tag=12"
                                }
                            ]
                        },
                        "sizes": {
                            "thumb": {
                                "w": 150,
                                "h": 150,
                                "resize": "crop"
                            },
                            "medium": {
                                "w": 1200,
                                "h": 675,
                                "resize": "fit"
                            },
                            "small": {
                                "w": 680,
                                "h": 383,
                                "resize": "fit"
                            },
                            "large": {
                                "w": 1280,
                                "h": 720,
                                "resize": "fit"
                            }
                        }
                    }
                ]
            }
        },
        "quote_count": 5,
        "reply_count": 17,
        "retweet_count": 883,
        "favorite_count": 1922,
        "entities": {
            "hashtags": [],
            "urls": [
                {
                    "url": "https://t.co/SaMnRPhY4t",
                    "expanded_url": "https://twitter.com/i/web/status/1615246710963314690",
                    "display_url": "twitter.com/i/web/status/1…",
                    "indices": [
                        117,
                        140
                    ]
                }
            ],
            "user_mentions": [],
            "symbols": []
        },
        "favorited": false,
        "retweeted": false,
        "possibly_sensitive": false,
        "filter_level": "low",
        "lang": "en"
    },
    "is_quote_status": false,
    "quote_count": 0,
    "reply_count": 0,
    "retweet_count": 0,
    "favorite_count": 0,
    "entities": {
        "hashtags": [],
        "urls": [],
        "user_mentions": [
            {
                "screen_name": "omoelerinjare",
                "name": "Peter Obi Stan supporter",
                "id": 1037011222477123585,
                "id_str": "1037011222477123585",
                "indices": [
                    3,
                    17
                ]
            }
        ],
        "symbols": []
    },
    "favorited": false,
    "retweeted": false,
    "filter_level": "low",
    "lang": "en",
    "timestamp_ms": "1674023868428"
}