{
    "created_at": "Wed Jan 18 06:37:52 +0000 2023",
    "id": 1615599335718400001,
    "id_str": "1615599335718400001",
    "text": "RT @BuzzingPop: #Aespa is set to make history as the first K-pop act to perform at Governors Ball festival in New York. https://t.co/eLrm0Z…",
    "source": "<a href=\"http://twitter.com/download/iphone\" rel=\"nofollow\">Twitter for iPhone</a>",
    "truncated": false,
    "in_reply_to_status_id": null,
    "in_reply_to_status_id_str": null,
    "in_reply_to_user_id": null,
    "in_reply_to_user_id_str": null,
    "in_reply_to_screen_name": null,
    "user": {
        "id": 1514609579572695049,
        "id_str": "1514609579572695049",
        "name": "リキ",
        "screen_name": "nrnkriki",
        "location": null,
        "url": null,
        "description": "🫡",
        "translator_type": "none",
        "protected": false,
        "verified": false,
        "verified_type": "blue",
        "followers_count": 7,
        "friends_count": 89,
        "listed_count": 0,
        "favourites_count": 2931,
        "statuses_count": 459,
        "created_at": "Thu Apr 14 14:20:58 +0000 2022",
        "utc_offset": null,
        "time_zone": null,
        "geo_enabled": false,
        "lang": null,
        "contributors_enabled": false,
        "is_translator": false,
        "profile_background_color": "F5F8FA",
        "profile_background_image_url": "",
        "profile_background_image_url_https": "",
        "profile_background_tile": false,
        "profile_link_color": "1DA1F2",
        "profile_sidebar_border_color": "C0DEED",
        "profile_sidebar_fill_color": "DDEEF6",
        "profile_text_color": "333333",
        "profile_use_background_image": true,
        "profile_image_url": "http://pbs.twimg.com/profile_images/1597862835157340161/uNJv5iSR_normal.png",
        "profile_image_url_https": "https://pbs.twimg.com/profile_images/1597862835157340161/uNJv5iSR_normal.png",
        "profile_banner_url": "https://pbs.twimg.com/profile_banners/1514609579572695049/1669795165",
        "default_profile": true,
        "default_profile_image": false,
        "following": null,
        "follow_request_sent": null,
        "notifications": null,
        "withheld_in_countries": []
    },
    "geo": null,
    "coordinates": null,
    "place": null,
    "contributors": null,
    "retweeted_status": {
        "created_at": "Tue Jan 17 17:51:48 +0000 2023",
        "id": 1615406546590044167,
        "id_str": "1615406546590044167",
        "text": "#Aespa is set to make history as the first K-pop act to perform at Governors Ball festival in New York. https://t.co/eLrm0ZX3NZ",
        "display_text_range": [
            0,
            103
        ],
        "source": "<a href=\"http://twitter.com/download/iphone\" rel=\"nofollow\">Twitter for iPhone</a>",
        "truncated": false,
        "in_reply_to_status_id": null,
        "in_reply_to_status_id_str": null,
        "in_reply_to_user_id": null,
        "in_reply_to_user_id_str": null,
        "in_reply_to_screen_name": null,
        "user": {
            "id": 1153391118773604352,
            "id_str": "1153391118773604352",
            "name": "Buzzing Pop",
            "screen_name": "BuzzingPop",
            "location": null,
            "url": null,
            "description": "Your main hive with all the latest buzz. 🍯 Pop news, music charts, celebrity tea & more!  We don’t own any photos. Please DM or tweet us to remove them.",
            "translator_type": "none",
            "protected": false,
            "verified": false,
            "verified_type": "blue",
            "followers_count": 45056,
            "friends_count": 745,
            "listed_count": 124,
            "favourites_count": 28522,
            "statuses_count": 34276,
            "created_at": "Mon Jul 22 19:47:26 +0000 2019",
            "utc_offset": null,
            "time_zone": null,
            "geo_enabled": false,
            "lang": null,
            "contributors_enabled": false,
            "is_translator": false,
            "profile_background_color": "F5F8FA",
            "profile_background_image_url": "",
            "profile_background_image_url_https": "",
            "profile_background_tile": false,
            "profile_link_color": "1DA1F2",
            "profile_sidebar_border_color": "C0DEED",
            "profile_sidebar_fill_color": "DDEEF6",
            "profile_text_color": "333333",
            "profile_use_background_image": true,
            "profile_image_url": "http://pbs.twimg.com/profile_images/1482519386829340681/68Il6Wnp_normal.jpg",
            "profile_image_url_https": "https://pbs.twimg.com/profile_images/1482519386829340681/68Il6Wnp_normal.jpg",
            "profile_banner_url": "https://pbs.twimg.com/profile_banners/1153391118773604352/1642292478",
            "default_profile": true,
            "default_profile_image": false,
            "following": null,
            "follow_request_sent": null,
            "notifications": null,
            "withheld_in_countries": []
        },
        "geo": null,
        "coordinates": null,
        "place": null,
        "contributors": null,
        "is_quote_status": false,
        "quote_count": 4,
        "reply_count": 17,
        "retweet_count": 204,
        "favorite_count": 541,
        "entities": {
            "hashtags": [
                {
                    "text": "Aespa",
                    "indices": [
                        0,
                        6
                    ]
                }
            ],
            "urls": [],
            "user_mentions": [],
            "symbols": [],
            "media": [
                {
                    "id": 1615406543813414942,
                    "id_str": "1615406543813414942",
                    "indices": [
                        104,
                        127
                    ],
                    "media_url": "http://pbs.twimg.com/media/FmsTsVvXEB4ju0l.jpg",
                    "media_url_https": "https://pbs.twimg.com/media/FmsTsVvXEB4ju0l.jpg",
                    "url": "https://t.co/eLrm0ZX3NZ",
                    "display_url": "pic.twitter.com/eLrm0ZX3NZ",
                    "expanded_url": "https://twitter.com/BuzzingPop/status/1615406546590044167/photo/1",
                    "type": "photo",
                    "sizes": {
                        "thumb": {
                            "w": 150,
                            "h": 150,
                            "resize": "crop"
                        },
                        "medium": {
                            "w": 576,
                            "h": 360,
                            "resize": "fit"
                        },
                        "small": {
                            "w": 576,
                            "h": 360,
                            "resize": "fit"
                        },
                        "large": {
                            "w": 576,
                            "h": 360,
                            "resize": "fit"
                        }
                    }
                }
            ]
        },
        "extended_entities": {
            "media": [
                {
                    "id": 1615406543813414942,
                    "id_str": "1615406543813414942",
                    "indices": [
                        104,
                        127
                    ],
                    "media_url": "http://pbs.twimg.com/media/FmsTsVvXEB4ju0l.jpg",
                    "media_url_https": "https://pbs.twimg.com/media/FmsTsVvXEB4ju0l.jpg",
                    "url": "https://t.co/eLrm0ZX3NZ",
                    "display_url": "pic.twitter.com/eLrm0ZX3NZ",
                    "expanded_url": "https://twitter.com/BuzzingPop/status/1615406546590044167/photo/1",
                    "type": "photo",
                    "sizes": {
                        "thumb": {
                            "w": 150,
                            "h": 150,
                            "resize": "crop"
                        },
                        "medium": {
                            "w": 576,
                            "h": 360,
                            "resize": "fit"
                        },
                        "small": {
                            "w": 576,
                            "h": 360,
                            "resize": "fit"
                        },
                        "large": {
                            "w": 576,
                            "h": 360,
                            "resize": "fit"
                        }
                    }
                }
            ]
        },
        "favorited": false,
        "retweeted": false,
        "possibly_sensitive": false,
        "filter_level": "low",
        "lang": "en"
    },
    "is_quote_status": false,
    "quote_count": 0,
    "reply_count": 0,
    "retweet_count": 0,
    "favorite_count": 0,
    "entities": {
        "hashtags": [
            {
                "text": "Aespa",
                "indices": [
                    16,
                    22
                ]
            }
        ],
        "urls": [],
        "user_mentions": [
            {
                "screen_name": "BuzzingPop",
                "name": "Buzzing Pop",
                "id": 1153391118773604352,
                "id_str": "1153391118773604352",
                "indices": [
                    3,
                    14
                ]
            }
        ],
        "symbols": []
    },
    "favorited": false,
    "retweeted": false,
    "filter_level": "low",
    "lang": "en",
    "timestamp_ms": "1674023872676"
}