{
    "created_at": "Wed Jan 18 06:37:49 +0000 2023",
    "id": 1615599324414750724,
    "id_str": "1615599324414750724",
    "text": "RT @gchahal: WATCH: #BNNUK Reports.\n\nThe government declared a major incident in Jersey after several homes were left underwater due to flo…",
    "source": "<a href=\"http://twitter.com/download/android\" rel=\"nofollow\">Twitter for Android</a>",
    "truncated": false,
    "in_reply_to_status_id": null,
    "in_reply_to_status_id_str": null,
    "in_reply_to_user_id": null,
    "in_reply_to_user_id_str": null,
    "in_reply_to_screen_name": null,
    "user": {
        "id": 1496943157090660355,
        "id_str": "1496943157090660355",
        "name": "Brockenhexe 🎶🍀🐞",
        "screen_name": "petra_hartwig1",
        "location": "34123 Kassel ",
        "url": null,
        "description": "Sozialpädagogin in Rente aber immer noch an menschlichen Schicksalen interessiert  NO DM",
        "translator_type": "none",
        "protected": false,
        "verified": false,
        "verified_type": "blue",
        "followers_count": 4620,
        "friends_count": 4200,
        "listed_count": 10,
        "favourites_count": 440779,
        "statuses_count": 213333,
        "created_at": "Thu Feb 24 20:21:33 +0000 2022",
        "utc_offset": null,
        "time_zone": null,
        "geo_enabled": true,
        "lang": null,
        "contributors_enabled": false,
        "is_translator": false,
        "profile_background_color": "F5F8FA",
        "profile_background_image_url": "",
        "profile_background_image_url_https": "",
        "profile_background_tile": false,
        "profile_link_color": "1DA1F2",
        "profile_sidebar_border_color": "C0DEED",
        "profile_sidebar_fill_color": "DDEEF6",
        "profile_text_color": "333333",
        "profile_use_background_image": true,
        "profile_image_url": "http://pbs.twimg.com/profile_images/1606960757865955334/yqDmCHYp_normal.jpg",
        "profile_image_url_https": "https://pbs.twimg.com/profile_images/1606960757865955334/yqDmCHYp_normal.jpg",
        "default_profile": true,
        "default_profile_image": false,
        "following": null,
        "follow_request_sent": null,
        "notifications": null,
        "withheld_in_countries": []
    },
    "geo": null,
    "coordinates": null,
    "place": null,
    "contributors": null,
    "retweeted_status": {
        "created_at": "Wed Jan 18 06:34:28 +0000 2023",
        "id": 1615598481200275456,
        "id_str": "1615598481200275456",
        "text": "WATCH: #BNNUK Reports.\n\nThe government declared a major incident in Jersey after several homes were left underwater… https://t.co/o9wjeF6jVd",
        "display_text_range": [
            0,
            140
        ],
        "source": "<a href=\"https://mobile.twitter.com\" rel=\"nofollow\">Twitter Web App</a>",
        "truncated": true,
        "in_reply_to_status_id": null,
        "in_reply_to_status_id_str": null,
        "in_reply_to_user_id": null,
        "in_reply_to_user_id_str": null,
        "in_reply_to_screen_name": null,
        "user": {
            "id": 14372104,
            "id_str": "14372104",
            "name": "Gurbaksh Singh Chahal",
            "screen_name": "gchahal",
            "location": "Hong Kong | Bay Area, USA",
            "url": "https://bnn.network/about/",
            "description": "CEO, @Procurenet, @Medriva, @BNNBreaking Founder, @ChahalNonProfit | ✍️ @belimitlesscom Author | 3 wins $400MM+ | FT: I troll fake news media & bad politicians",
            "translator_type": "none",
            "protected": false,
            "verified": true,
            "verified_type": "blue",
            "followers_count": 512275,
            "friends_count": 123286,
            "listed_count": 1142,
            "favourites_count": 22031,
            "statuses_count": 105310,
            "created_at": "Sun Apr 13 01:22:47 +0000 2008",
            "utc_offset": null,
            "time_zone": null,
            "geo_enabled": true,
            "lang": null,
            "contributors_enabled": false,
            "is_translator": false,
            "profile_background_color": "000000",
            "profile_background_image_url": "http://abs.twimg.com/images/themes/theme6/bg.gif",
            "profile_background_image_url_https": "https://abs.twimg.com/images/themes/theme6/bg.gif",
            "profile_background_tile": false,
            "profile_link_color": "FF3300",
            "profile_sidebar_border_color": "86A4A6",
            "profile_sidebar_fill_color": "A0C5C7",
            "profile_text_color": "333333",
            "profile_use_background_image": true,
            "profile_image_url": "http://pbs.twimg.com/profile_images/1562487459576827905/33zQUAhZ_normal.jpg",
            "profile_image_url_https": "https://pbs.twimg.com/profile_images/1562487459576827905/33zQUAhZ_normal.jpg",
            "profile_banner_url": "https://pbs.twimg.com/profile_banners/14372104/1647082931",
            "default_profile": false,
            "default_profile_image": false,
            "following": null,
            "follow_request_sent": null,
            "notifications": null,
            "withheld_in_countries": []
        },
        "geo": null,
        "coordinates": null,
        "place": null,
        "contributors": null,
        "is_quote_status": false,
        "extended_tweet": {
            "full_text": "WATCH: #BNNUK Reports.\n\nThe government declared a major incident in Jersey after several homes were left underwater due to flooding across the island. \n\n#UK #Social https://t.co/eGfnL5bTQQ",
            "display_text_range": [
                0,
                164
            ],
            "entities": {
                "hashtags": [
                    {
                        "text": "BNNUK",
                        "indices": [
                            7,
                            13
                        ]
                    },
                    {
                        "text": "UK",
                        "indices": [
                            153,
                            156
                        ]
                    },
                    {
                        "text": "Social",
                        "indices": [
                            157,
                            164
                        ]
                    }
                ],
                "urls": [],
                "user_mentions": [],
                "symbols": [],
                "media": [
                    {
                        "id": 1615598252845584384,
                        "id_str": "1615598252845584384",
                        "indices": [
                            165,
                            188
                        ],
                        "additional_media_info": {
                            "monetizable": false
                        },
                        "media_url": "http://pbs.twimg.com/ext_tw_video_thumb/1615598252845584384/pu/img/OVRsRJlp8fKWad3E.jpg",
                        "media_url_https": "https://pbs.twimg.com/ext_tw_video_thumb/1615598252845584384/pu/img/OVRsRJlp8fKWad3E.jpg",
                        "url": "https://t.co/eGfnL5bTQQ",
                        "display_url": "pic.twitter.com/eGfnL5bTQQ",
                        "expanded_url": "https://twitter.com/gchahal/status/1615598481200275456/video/1",
                        "type": "video",
                        "video_info": {
                            "aspect_ratio": [
                                1,
                                1
                            ],
                            "duration_millis": 27310,
                            "variants": [
                                {
                                    "bitrate": 432000,
                                    "content_type": "video/mp4",
                                    "url": "https://video.twimg.com/ext_tw_video/1615598252845584384/pu/vid/320x320/PgVVDVggFeJfIR3Y.mp4?tag=12"
                                },
                                {
                                    "content_type": "application/x-mpegURL",
                                    "url": "https://video.twimg.com/ext_tw_video/1615598252845584384/pu/pl/PwLtY-Lur05BtJoA.m3u8?tag=12&container=fmp4"
                                },
                                {
                                    "bitrate": 832000,
                                    "content_type": "video/mp4",
                                    "url": "https://video.twimg.com/ext_tw_video/1615598252845584384/pu/vid/540x540/fV1TJUebD_QFFXlM.mp4?tag=12"
                                },
                                {
                                    "bitrate": 1280000,
                                    "content_type": "video/mp4",
                                    "url": "https://video.twimg.com/ext_tw_video/1615598252845584384/pu/vid/720x720/EgMOXVMJoWExj_lL.mp4?tag=12"
                                }
                            ]
                        },
                        "sizes": {
                            "thumb": {
                                "w": 150,
                                "h": 150,
                                "resize": "crop"
                            },
                            "large": {
                                "w": 1920,
                                "h": 1920,
                                "resize": "fit"
                            },
                            "small": {
                                "w": 680,
                                "h": 680,
                                "resize": "fit"
                            },
                            "medium": {
                                "w": 1200,
                                "h": 1200,
                                "resize": "fit"
                            }
                        }
                    }
                ]
            },
            "extended_entities": {
                "media": [
                    {
                        "id": 1615598252845584384,
                        "id_str": "1615598252845584384",
                        "indices": [
                            165,
                            188
                        ],
                        "additional_media_info": {
                            "monetizable": false
                        },
                        "media_url": "http://pbs.twimg.com/ext_tw_video_thumb/1615598252845584384/pu/img/OVRsRJlp8fKWad3E.jpg",
                        "media_url_https": "https://pbs.twimg.com/ext_tw_video_thumb/1615598252845584384/pu/img/OVRsRJlp8fKWad3E.jpg",
                        "url": "https://t.co/eGfnL5bTQQ",
                        "display_url": "pic.twitter.com/eGfnL5bTQQ",
                        "expanded_url": "https://twitter.com/gchahal/status/1615598481200275456/video/1",
                        "type": "video",
                        "video_info": {
                            "aspect_ratio": [
                                1,
                                1
                            ],
                            "duration_millis": 27310,
                            "variants": [
                                {
                                    "bitrate": 432000,
                                    "content_type": "video/mp4",
                                    "url": "https://video.twimg.com/ext_tw_video/1615598252845584384/pu/vid/320x320/PgVVDVggFeJfIR3Y.mp4?tag=12"
                                },
                                {
                                    "content_type": "application/x-mpegURL",
                                    "url": "https://video.twimg.com/ext_tw_video/1615598252845584384/pu/pl/PwLtY-Lur05BtJoA.m3u8?tag=12&container=fmp4"
                                },
                                {
                                    "bitrate": 832000,
                                    "content_type": "video/mp4",
                                    "url": "https://video.twimg.com/ext_tw_video/1615598252845584384/pu/vid/540x540/fV1TJUebD_QFFXlM.mp4?tag=12"
                                },
                                {
                                    "bitrate": 1280000,
                                    "content_type": "video/mp4",
                                    "url": "https://video.twimg.com/ext_tw_video/1615598252845584384/pu/vid/720x720/EgMOXVMJoWExj_lL.mp4?tag=12"
                                }
                            ]
                        },
                        "sizes": {
                            "thumb": {
                                "w": 150,
                                "h": 150,
                                "resize": "crop"
                            },
                            "large": {
                                "w": 1920,
                                "h": 1920,
                                "resize": "fit"
                            },
                            "small": {
                                "w": 680,
                                "h": 680,
                                "resize": "fit"
                            },
                            "medium": {
                                "w": 1200,
                                "h": 1200,
                                "resize": "fit"
                            }
                        }
                    }
                ]
            }
        },
        "quote_count": 0,
        "reply_count": 1,
        "retweet_count": 2,
        "favorite_count": 0,
        "entities": {
            "hashtags": [
                {
                    "text": "BNNUK",
                    "indices": [
                        7,
                        13
                    ]
                }
            ],
            "urls": [
                {
                    "url": "https://t.co/o9wjeF6jVd",
                    "expanded_url": "https://twitter.com/i/web/status/1615598481200275456",
                    "display_url": "twitter.com/i/web/status/1…",
                    "indices": [
                        117,
                        140
                    ]
                }
            ],
            "user_mentions": [],
            "symbols": []
        },
        "favorited": false,
        "retweeted": false,
        "possibly_sensitive": false,
        "filter_level": "low",
        "lang": "en"
    },
    "is_quote_status": false,
    "quote_count": 0,
    "reply_count": 0,
    "retweet_count": 0,
    "favorite_count": 0,
    "entities": {
        "hashtags": [
            {
                "text": "BNNUK",
                "indices": [
                    20,
                    26
                ]
            }
        ],
        "urls": [],
        "user_mentions": [
            {
                "screen_name": "gchahal",
                "name": "Gurbaksh Singh Chahal",
                "id": 14372104,
                "id_str": "14372104",
                "indices": [
                    3,
                    11
                ]
            }
        ],
        "symbols": []
    },
    "favorited": false,
    "retweeted": false,
    "filter_level": "low",
    "lang": "en",
    "timestamp_ms": "1674023869981"
}