{
    "created_at": "Wed Jan 18 06:37:41 +0000 2023",
    "id": 1615599290532896768,
    "id_str": "1615599290532896768",
    "text": "RT @RussellDunkeld: Terminally ill artist sketches 'undignified and shocking' scene in Royal Lancaster Infirmary A&amp;E before discharging him…",
    "source": "<a href=\"http://twitter.com/download/iphone\" rel=\"nofollow\">Twitter for iPhone</a>",
    "truncated": false,
    "in_reply_to_status_id": null,
    "in_reply_to_status_id_str": null,
    "in_reply_to_user_id": null,
    "in_reply_to_user_id_str": null,
    "in_reply_to_screen_name": null,
    "user": {
        "id": 278177631,
        "id_str": "278177631",
        "name": "David O'Regan 💚💙",
        "screen_name": "David_ukan",
        "location": "England, UK",
        "url": "http://www.linkedin.com/in/DirectorRCSEdFstMedicineGov",
        "description": "Past Director FST @RCSEd - cardiac surgeon Executive Director @MEDICINEGOV #BBASS #TeamPatient #MedLearn #TeamSurgical Council @HCSA",
        "translator_type": "none",
        "protected": false,
        "verified": false,
        "verified_type": "blue",
        "followers_count": 2428,
        "friends_count": 841,
        "listed_count": 54,
        "favourites_count": 23615,
        "statuses_count": 29744,
        "created_at": "Wed Apr 06 19:25:01 +0000 2011",
        "utc_offset": null,
        "time_zone": null,
        "geo_enabled": true,
        "lang": null,
        "contributors_enabled": false,
        "is_translator": false,
        "profile_background_color": "C0DEED",
        "profile_background_image_url": "http://abs.twimg.com/images/themes/theme1/bg.png",
        "profile_background_image_url_https": "https://abs.twimg.com/images/themes/theme1/bg.png",
        "profile_background_tile": false,
        "profile_link_color": "1DA1F2",
        "profile_sidebar_border_color": "C0DEED",
        "profile_sidebar_fill_color": "DDEEF6",
        "profile_text_color": "333333",
        "profile_use_background_image": true,
        "profile_image_url": "http://pbs.twimg.com/profile_images/1522693473937285121/QUSbd06X_normal.jpg",
        "profile_image_url_https": "https://pbs.twimg.com/profile_images/1522693473937285121/QUSbd06X_normal.jpg",
        "profile_banner_url": "https://pbs.twimg.com/profile_banners/278177631/1601468479",
        "default_profile": true,
        "default_profile_image": false,
        "following": null,
        "follow_request_sent": null,
        "notifications": null,
        "withheld_in_countries": []
    },
    "geo": null,
    "coordinates": null,
    "place": null,
    "contributors": null,
    "retweeted_status": {
        "created_at": "Tue Jan 17 21:38:38 +0000 2023",
        "id": 1615463630530650127,
        "id_str": "1615463630530650127",
        "text": "Terminally ill artist sketches 'undignified and shocking' scene in Royal Lancaster Infirmary A&amp;E before discharging… https://t.co/S2n2boumHI",
        "display_text_range": [
            0,
            140
        ],
        "source": "<a href=\"https://mobile.twitter.com\" rel=\"nofollow\">Twitter Web App</a>",
        "truncated": true,
        "in_reply_to_status_id": null,
        "in_reply_to_status_id_str": null,
        "in_reply_to_user_id": null,
        "in_reply_to_user_id_str": null,
        "in_reply_to_screen_name": null,
        "user": {
            "id": 609995889,
            "id_str": "609995889",
            "name": "Russell Dunkeld",
            "screen_name": "RussellDunkeld",
            "location": "Morecambe Bay",
            "url": "https://russelldunkeld.com/2015/03/03/the-nightmare-has-already-begun/",
            "description": "\"Supergagged\" Morecambe Bay NHS Whistleblower, now ungagged. RT's to stimulate discussion, NOT endorsements!",
            "translator_type": "none",
            "protected": false,
            "verified": false,
            "verified_type": "blue",
            "followers_count": 2066,
            "friends_count": 1618,
            "listed_count": 16,
            "favourites_count": 28334,
            "statuses_count": 20488,
            "created_at": "Sat Jun 16 11:29:58 +0000 2012",
            "utc_offset": null,
            "time_zone": null,
            "geo_enabled": false,
            "lang": null,
            "contributors_enabled": false,
            "is_translator": false,
            "profile_background_color": "000000",
            "profile_background_image_url": "http://abs.twimg.com/images/themes/theme1/bg.png",
            "profile_background_image_url_https": "https://abs.twimg.com/images/themes/theme1/bg.png",
            "profile_background_tile": false,
            "profile_link_color": "1B95E0",
            "profile_sidebar_border_color": "000000",
            "profile_sidebar_fill_color": "000000",
            "profile_text_color": "000000",
            "profile_use_background_image": false,
            "profile_image_url": "http://pbs.twimg.com/profile_images/947212664651968513/flFZvGb7_normal.jpg",
            "profile_image_url_https": "https://pbs.twimg.com/profile_images/947212664651968513/flFZvGb7_normal.jpg",
            "profile_banner_url": "https://pbs.twimg.com/profile_banners/609995889/1410828104",
            "default_profile": false,
            "default_profile_image": false,
            "following": null,
            "follow_request_sent": null,
            "notifications": null,
            "withheld_in_countries": []
        },
        "geo": null,
        "coordinates": null,
        "place": null,
        "contributors": null,
        "is_quote_status": false,
        "extended_tweet": {
            "full_text": "Terminally ill artist sketches 'undignified and shocking' scene in Royal Lancaster Infirmary A&amp;E before discharging himself, after waiting 12 hours without being treated. https://t.co/Uoak4Cr40a https://t.co/AMwypaPfCS",
            "display_text_range": [
                0,
                198
            ],
            "entities": {
                "hashtags": [],
                "urls": [
                    {
                        "url": "https://t.co/Uoak4Cr40a",
                        "expanded_url": "https://www.lancasterguardian.co.uk/news/people/terminally-ill-artist-sketches-undignified-and-shocking-scene-in-lancaster-ae-before-discharging-himself-3990474?fbclid=IwAR0ZGAhX9MYpS4ak0TlEmczheH9WYgGpIhQUbxVW4ZBrYZajfvTIi6vfph8",
                        "display_url": "lancasterguardian.co.uk/news/people/te…",
                        "indices": [
                            175,
                            198
                        ]
                    }
                ],
                "user_mentions": [],
                "symbols": [],
                "media": [
                    {
                        "id": 1615463301516873729,
                        "id_str": "1615463301516873729",
                        "indices": [
                            199,
                            222
                        ],
                        "media_url": "http://pbs.twimg.com/media/FmtHUEqX0AE1pem.jpg",
                        "media_url_https": "https://pbs.twimg.com/media/FmtHUEqX0AE1pem.jpg",
                        "url": "https://t.co/AMwypaPfCS",
                        "display_url": "pic.twitter.com/AMwypaPfCS",
                        "expanded_url": "https://twitter.com/RussellDunkeld/status/1615463630530650127/photo/1",
                        "type": "photo",
                        "sizes": {
                            "thumb": {
                                "w": 150,
                                "h": 150,
                                "resize": "crop"
                            },
                            "small": {
                                "w": 310,
                                "h": 465,
                                "resize": "fit"
                            },
                            "large": {
                                "w": 310,
                                "h": 465,
                                "resize": "fit"
                            },
                            "medium": {
                                "w": 310,
                                "h": 465,
                                "resize": "fit"
                            }
                        }
                    }
                ]
            },
            "extended_entities": {
                "media": [
                    {
                        "id": 1615463301516873729,
                        "id_str": "1615463301516873729",
                        "indices": [
                            199,
                            222
                        ],
                        "media_url": "http://pbs.twimg.com/media/FmtHUEqX0AE1pem.jpg",
                        "media_url_https": "https://pbs.twimg.com/media/FmtHUEqX0AE1pem.jpg",
                        "url": "https://t.co/AMwypaPfCS",
                        "display_url": "pic.twitter.com/AMwypaPfCS",
                        "expanded_url": "https://twitter.com/RussellDunkeld/status/1615463630530650127/photo/1",
                        "type": "photo",
                        "sizes": {
                            "thumb": {
                                "w": 150,
                                "h": 150,
                                "resize": "crop"
                            },
                            "small": {
                                "w": 310,
                                "h": 465,
                                "resize": "fit"
                            },
                            "large": {
                                "w": 310,
                                "h": 465,
                                "resize": "fit"
                            },
                            "medium": {
                                "w": 310,
                                "h": 465,
                                "resize": "fit"
                            }
                        }
                    }
                ]
            }
        },
        "quote_count": 0,
        "reply_count": 0,
        "retweet_count": 3,
        "favorite_count": 5,
        "entities": {
            "hashtags": [],
            "urls": [
                {
                    "url": "https://t.co/S2n2boumHI",
                    "expanded_url": "https://twitter.com/i/web/status/1615463630530650127",
                    "display_url": "twitter.com/i/web/status/1…",
                    "indices": [
                        121,
                        144
                    ]
                }
            ],
            "user_mentions": [],
            "symbols": []
        },
        "favorited": false,
        "retweeted": false,
        "possibly_sensitive": false,
        "filter_level": "low",
        "lang": "en"
    },
    "is_quote_status": false,
    "quote_count": 0,
    "reply_count": 0,
    "retweet_count": 0,
    "favorite_count": 0,
    "entities": {
        "hashtags": [],
        "urls": [],
        "user_mentions": [
            {
                "screen_name": "RussellDunkeld",
                "name": "Russell Dunkeld",
                "id": 609995889,
                "id_str": "609995889",
                "indices": [
                    3,
                    18
                ]
            }
        ],
        "symbols": []
    },
    "favorited": false,
    "retweeted": false,
    "filter_level": "low",
    "lang": "en",
    "timestamp_ms": "1674023861903"
}