{
    "created_at": "Wed Jan 18 06:37:48 +0000 2023",
    "id": 1615599317430984705,
    "id_str": "1615599317430984705",
    "text": "Another morning of treacherous conditions \nhttps://t.co/v37lj68lAp",
    "source": "<a href=\"https://about.twitter.com/products/tweetdeck\" rel=\"nofollow\">TweetDeck</a>",
    "truncated": false,
    "in_reply_to_status_id": null,
    "in_reply_to_status_id_str": null,
    "in_reply_to_user_id": null,
    "in_reply_to_user_id_str": null,
    "in_reply_to_screen_name": null,
    "user": {
        "id": 26507585,
        "id_str": "26507585",
        "name": "Liverpool Echo",
        "screen_name": "LivEchonews",
        "location": "Liverpool, UK",
        "url": "http://www.liverpoolecho.co.uk",
        "description": "The latest Liverpool news, sport, weather and events from the Liverpool Echo. We're also on Facebook http://fb.me/theliverpoolec…",
        "translator_type": "none",
        "protected": false,
        "verified": true,
        "verified_type": "business",
        "followers_count": 530252,
        "friends_count": 1404,
        "listed_count": 1956,
        "favourites_count": 3239,
        "statuses_count": 452061,
        "created_at": "Wed Mar 25 14:27:06 +0000 2009",
        "utc_offset": null,
        "time_zone": null,
        "geo_enabled": true,
        "lang": null,
        "contributors_enabled": false,
        "is_translator": false,
        "profile_background_color": "C0DEED",
        "profile_background_image_url": "http://abs.twimg.com/images/themes/theme1/bg.png",
        "profile_background_image_url_https": "https://abs.twimg.com/images/themes/theme1/bg.png",
        "profile_background_tile": false,
        "profile_link_color": "0084B4",
        "profile_sidebar_border_color": "FFFFFF",
        "profile_sidebar_fill_color": "DDEEF6",
        "profile_text_color": "333333",
        "profile_use_background_image": true,
        "profile_image_url": "http://pbs.twimg.com/profile_images/1572118038224199680/rHjHfmL9_normal.jpg",
        "profile_image_url_https": "https://pbs.twimg.com/profile_images/1572118038224199680/rHjHfmL9_normal.jpg",
        "profile_banner_url": "https://pbs.twimg.com/profile_banners/26507585/1672136424",
        "default_profile": false,
        "default_profile_image": false,
        "following": null,
        "follow_request_sent": null,
        "notifications": null,
        "withheld_in_countries": []
    },
    "geo": null,
    "coordinates": null,
    "place": null,
    "contributors": null,
    "is_quote_status": false,
    "quote_count": 0,
    "reply_count": 0,
    "retweet_count": 0,
    "favorite_count": 0,
    "entities": {
        "hashtags": [],
        "urls": [
            {
                "url": "https://t.co/v37lj68lAp",
                "expanded_url": "https://www.liverpoolecho.co.uk/news/liverpool-news/live-liverpool-snow-updates-met-25993756",
                "display_url": "liverpoolecho.co.uk/news/liverpool…",
                "indices": [
                    43,
                    66
                ]
            }
        ],
        "user_mentions": [],
        "symbols": []
    },
    "favorited": false,
    "retweeted": false,
    "possibly_sensitive": false,
    "filter_level": "low",
    "lang": "en",
    "timestamp_ms": "1674023868316"
}