{
    "created_at": "Wed Jan 18 06:37:46 +0000 2023",
    "id": 1615599310489661440,
    "id_str": "1615599310489661440",
    "text": "RT @keironm: The Brexit-backing Telegraph’s editorial admitted “almost nothing has been achieved”, and added “it’s time for the Leave camp…",
    "source": "<a href=\"https://mobile.twitter.com\" rel=\"nofollow\">Twitter Web App</a>",
    "truncated": false,
    "in_reply_to_status_id": null,
    "in_reply_to_status_id_str": null,
    "in_reply_to_user_id": null,
    "in_reply_to_user_id_str": null,
    "in_reply_to_screen_name": null,
    "user": {
        "id": 106731146,
        "id_str": "106731146",
        "name": "Roisin McAuley",
        "screen_name": "roisinmcauley",
        "location": "Belfast",
        "url": "http://www.roisinmcauley.com",
        "description": "Writer. Interested in  politics, ethics, books, music, golf...All opinions my own. RTs not necessarily endorsements.",
        "translator_type": "none",
        "protected": false,
        "verified": false,
        "verified_type": "blue",
        "followers_count": 1564,
        "friends_count": 2096,
        "listed_count": 27,
        "favourites_count": 16645,
        "statuses_count": 22098,
        "created_at": "Wed Jan 20 14:33:58 +0000 2010",
        "utc_offset": null,
        "time_zone": null,
        "geo_enabled": false,
        "lang": null,
        "contributors_enabled": false,
        "is_translator": false,
        "profile_background_color": "C0DEED",
        "profile_background_image_url": "http://abs.twimg.com/images/themes/theme1/bg.png",
        "profile_background_image_url_https": "https://abs.twimg.com/images/themes/theme1/bg.png",
        "profile_background_tile": false,
        "profile_link_color": "0084B4",
        "profile_sidebar_border_color": "C0DEED",
        "profile_sidebar_fill_color": "DDEEF6",
        "profile_text_color": "333333",
        "profile_use_background_image": true,
        "profile_image_url": "http://pbs.twimg.com/profile_images/1138502801691226114/-P5YRKw-_normal.png",
        "profile_image_url_https": "https://pbs.twimg.com/profile_images/1138502801691226114/-P5YRKw-_normal.png",
        "default_profile": false,
        "default_profile_image": false,
        "following": null,
        "follow_request_sent": null,
        "notifications": null,
        "withheld_in_countries": []
    },
    "geo": null,
    "coordinates": null,
    "place": null,
    "contributors": null,
    "retweeted_status": {
        "created_at": "Tue Jan 17 23:56:15 +0000 2023",
        "id": 1615498264890966016,
        "id_str": "1615498264890966016",
        "text": "The Brexit-backing Telegraph’s editorial admitted “almost nothing has been achieved”, and added “it’s time for the… https://t.co/CD3LYkRWe2",
        "source": "<a href=\"http://twitter.com/download/iphone\" rel=\"nofollow\">Twitter for iPhone</a>",
        "truncated": true,
        "in_reply_to_status_id": null,
        "in_reply_to_status_id_str": null,
        "in_reply_to_user_id": null,
        "in_reply_to_user_id_str": null,
        "in_reply_to_screen_name": null,
        "user": {
            "id": 25892926,
            "id_str": "25892926",
            "name": "Keiron Marsden 💭",
            "screen_name": "keironm",
            "location": "Filton & Bradley Stoke CLP 🌹",
            "url": "https://labouractive.net",
            "description": "Early-Retired Engineer • Husband • Dad • Dog lover • News junkie • @UKLabour🌹Social Democrat • #ClimateAction 🌍• 🇪🇺 • 🇺🇦 • RTs ≠ endorse • See my blog👇",
            "translator_type": "none",
            "protected": false,
            "verified": false,
            "verified_type": "blue",
            "followers_count": 4031,
            "friends_count": 4801,
            "listed_count": 6,
            "favourites_count": 13611,
            "statuses_count": 14744,
            "created_at": "Sun Mar 22 22:19:31 +0000 2009",
            "utc_offset": null,
            "time_zone": null,
            "geo_enabled": false,
            "lang": null,
            "contributors_enabled": false,
            "is_translator": false,
            "profile_background_color": "C0DEED",
            "profile_background_image_url": "http://abs.twimg.com/images/themes/theme1/bg.png",
            "profile_background_image_url_https": "https://abs.twimg.com/images/themes/theme1/bg.png",
            "profile_background_tile": false,
            "profile_link_color": "1DA1F2",
            "profile_sidebar_border_color": "C0DEED",
            "profile_sidebar_fill_color": "DDEEF6",
            "profile_text_color": "333333",
            "profile_use_background_image": true,
            "profile_image_url": "http://pbs.twimg.com/profile_images/1584682333432684552/weKlg8vc_normal.jpg",
            "profile_image_url_https": "https://pbs.twimg.com/profile_images/1584682333432684552/weKlg8vc_normal.jpg",
            "profile_banner_url": "https://pbs.twimg.com/profile_banners/25892926/1646761658",
            "default_profile": true,
            "default_profile_image": false,
            "following": null,
            "follow_request_sent": null,
            "notifications": null,
            "withheld_in_countries": []
        },
        "geo": null,
        "coordinates": null,
        "place": null,
        "contributors": null,
        "is_quote_status": false,
        "extended_tweet": {
            "full_text": "The Brexit-backing Telegraph’s editorial admitted “almost nothing has been achieved”, and added “it’s time for the Leave camp to start saying the unsayable: the Tories have made such a hash of Brexit that the project is probably now unsalvageable”. https://t.co/wjkqmV9tCp",
            "display_text_range": [
                0,
                272
            ],
            "entities": {
                "hashtags": [],
                "urls": [
                    {
                        "url": "https://t.co/wjkqmV9tCp",
                        "expanded_url": "https://www.independent.co.uk/news/uk/politics/brexit-doomed-boris-johnson-economy-b2263675.html",
                        "display_url": "independent.co.uk/news/uk/politi…",
                        "indices": [
                            249,
                            272
                        ]
                    }
                ],
                "user_mentions": [],
                "symbols": []
            }
        },
        "quote_count": 0,
        "reply_count": 0,
        "retweet_count": 9,
        "favorite_count": 13,
        "entities": {
            "hashtags": [],
            "urls": [
                {
                    "url": "https://t.co/CD3LYkRWe2",
                    "expanded_url": "https://twitter.com/i/web/status/1615498264890966016",
                    "display_url": "twitter.com/i/web/status/1…",
                    "indices": [
                        116,
                        139
                    ]
                }
            ],
            "user_mentions": [],
            "symbols": []
        },
        "favorited": false,
        "retweeted": false,
        "possibly_sensitive": false,
        "filter_level": "low",
        "lang": "en"
    },
    "is_quote_status": false,
    "quote_count": 0,
    "reply_count": 0,
    "retweet_count": 0,
    "favorite_count": 0,
    "entities": {
        "hashtags": [],
        "urls": [],
        "user_mentions": [
            {
                "screen_name": "keironm",
                "name": "Keiron Marsden 💭",
                "id": 25892926,
                "id_str": "25892926",
                "indices": [
                    3,
                    11
                ]
            }
        ],
        "symbols": []
    },
    "favorited": false,
    "retweeted": false,
    "filter_level": "low",
    "lang": "en",
    "timestamp_ms": "1674023866661"
}