{
    "created_at": "Wed Jan 18 06:37:41 +0000 2023",
    "id": 1615599288779956225,
    "id_str": "1615599288779956225",
    "text": "RT @Ybvc15: missyou Bright Vachirawit\n@bbrightvc #bbrightvc",
    "source": "<a href=\"http://twitter.com/download/android\" rel=\"nofollow\">Twitter for Android</a>",
    "truncated": false,
    "in_reply_to_status_id": null,
    "in_reply_to_status_id_str": null,
    "in_reply_to_user_id": null,
    "in_reply_to_user_id_str": null,
    "in_reply_to_screen_name": null,
    "user": {
        "id": 387225786,
        "id_str": "387225786",
        "name": "RainbowSunshineSuperstar🌈🌞⭐️☀️⭐️🌈",
        "screen_name": "BrightsDarling",
        "location": null,
        "url": null,
        "description": null,
        "translator_type": "none",
        "protected": false,
        "verified": false,
        "verified_type": "blue",
        "followers_count": 197,
        "friends_count": 1186,
        "listed_count": 0,
        "favourites_count": 195147,
        "statuses_count": 229871,
        "created_at": "Sat Oct 08 17:43:35 +0000 2011",
        "utc_offset": null,
        "time_zone": null,
        "geo_enabled": true,
        "lang": null,
        "contributors_enabled": false,
        "is_translator": false,
        "profile_background_color": "642D8B",
        "profile_background_image_url": "http://abs.twimg.com/images/themes/theme10/bg.gif",
        "profile_background_image_url_https": "https://abs.twimg.com/images/themes/theme10/bg.gif",
        "profile_background_tile": true,
        "profile_link_color": "FF0000",
        "profile_sidebar_border_color": "65B0DA",
        "profile_sidebar_fill_color": "7AC3EE",
        "profile_text_color": "3D1957",
        "profile_use_background_image": true,
        "profile_image_url": "http://pbs.twimg.com/profile_images/1612818616768155648/6M-2HKnw_normal.jpg",
        "profile_image_url_https": "https://pbs.twimg.com/profile_images/1612818616768155648/6M-2HKnw_normal.jpg",
        "profile_banner_url": "https://pbs.twimg.com/profile_banners/387225786/1661911007",
        "default_profile": false,
        "default_profile_image": false,
        "following": null,
        "follow_request_sent": null,
        "notifications": null,
        "withheld_in_countries": []
    },
    "geo": null,
    "coordinates": null,
    "place": null,
    "contributors": null,
    "retweeted_status": {
        "created_at": "Wed Jan 18 05:47:30 +0000 2023",
        "id": 1615586658501681152,
        "id_str": "1615586658501681152",
        "text": "missyou Bright Vachirawit\n@bbrightvc #bbrightvc",
        "source": "<a href=\"https://mobile.twitter.com\" rel=\"nofollow\">Twitter Web App</a>",
        "truncated": false,
        "in_reply_to_status_id": null,
        "in_reply_to_status_id_str": null,
        "in_reply_to_user_id": null,
        "in_reply_to_user_id_str": null,
        "in_reply_to_screen_name": null,
        "user": {
            "id": 1391716968370036739,
            "id_str": "1391716968370036739",
            "name": "adbbrightvc",
            "screen_name": "Ybvc15",
            "location": "กรุงเทพมหานคร, ประเทศไทย",
            "url": null,
            "description": "☀️ :)Brights 🤍 ~~ brightvc  ~~ 🤍 Focus Bright Vachirawit 🤍 ไบร์ทอยู่ที่ไหนตรงนั้นจะมีพี่อยู่เสมอ -_-  มีแต่ไบร์ทนะ เตือนก่อน #รีและทวิตเยอะมากจ้า#",
            "translator_type": "none",
            "protected": false,
            "verified": false,
            "verified_type": "blue",
            "followers_count": 615,
            "friends_count": 848,
            "listed_count": 0,
            "favourites_count": 26196,
            "statuses_count": 68546,
            "created_at": "Mon May 10 11:30:00 +0000 2021",
            "utc_offset": null,
            "time_zone": null,
            "geo_enabled": true,
            "lang": null,
            "contributors_enabled": false,
            "is_translator": false,
            "profile_background_color": "F5F8FA",
            "profile_background_image_url": "",
            "profile_background_image_url_https": "",
            "profile_background_tile": false,
            "profile_link_color": "1DA1F2",
            "profile_sidebar_border_color": "C0DEED",
            "profile_sidebar_fill_color": "DDEEF6",
            "profile_text_color": "333333",
            "profile_use_background_image": true,
            "profile_image_url": "http://pbs.twimg.com/profile_images/1586954913438842880/YxVcYEdm_normal.jpg",
            "profile_image_url_https": "https://pbs.twimg.com/profile_images/1586954913438842880/YxVcYEdm_normal.jpg",
            "profile_banner_url": "https://pbs.twimg.com/profile_banners/1391716968370036739/1644851387",
            "default_profile": true,
            "default_profile_image": false,
            "following": null,
            "follow_request_sent": null,
            "notifications": null,
            "withheld_in_countries": []
        },
        "geo": null,
        "coordinates": null,
        "place": null,
        "contributors": null,
        "quoted_status_id": 1574783547252039680,
        "quoted_status_id_str": "1574783547252039680",
        "quoted_status": {
            "created_at": "Tue Sep 27 15:30:30 +0000 2022",
            "id": 1574783547252039680,
            "id_str": "1574783547252039680",
            "text": "#Burberry brand ambassador @BbrightVc at the #BurberrySS23 show in London\n\n#BurberryShow #Burberry #BbrightVc https://t.co/c5ktEd4Z2V",
            "display_text_range": [
                0,
                109
            ],
            "source": "<a href=\"https://mobile.twitter.com\" rel=\"nofollow\">Twitter Web App</a>",
            "truncated": false,
            "in_reply_to_status_id": null,
            "in_reply_to_status_id_str": null,
            "in_reply_to_user_id": null,
            "in_reply_to_user_id_str": null,
            "in_reply_to_screen_name": null,
            "user": {
                "id": 47459700,
                "id_str": "47459700",
                "name": "Burberry",
                "screen_name": "Burberry",
                "location": "London, England",
                "url": "http://brby.co/bbh",
                "description": null,
                "translator_type": "none",
                "protected": false,
                "verified": true,
                "verified_type": "blue",
                "followers_count": 8219715,
                "friends_count": 11,
                "listed_count": 11994,
                "favourites_count": 275,
                "statuses_count": 13891,
                "created_at": "Mon Jun 15 22:09:41 +0000 2009",
                "utc_offset": null,
                "time_zone": null,
                "geo_enabled": true,
                "lang": null,
                "contributors_enabled": false,
                "is_translator": false,
                "profile_background_color": "E1D4CB",
                "profile_background_image_url": "http://abs.twimg.com/images/themes/theme1/bg.png",
                "profile_background_image_url_https": "https://abs.twimg.com/images/themes/theme1/bg.png",
                "profile_background_tile": false,
                "profile_link_color": "707070",
                "profile_sidebar_border_color": "FFFFFF",
                "profile_sidebar_fill_color": "FFFFFF",
                "profile_text_color": "000000",
                "profile_use_background_image": false,
                "profile_image_url": "http://pbs.twimg.com/profile_images/1590282989010829313/SEFoY8Ia_normal.jpg",
                "profile_image_url_https": "https://pbs.twimg.com/profile_images/1590282989010829313/SEFoY8Ia_normal.jpg",
                "profile_banner_url": "https://pbs.twimg.com/profile_banners/47459700/1672842732",
                "default_profile": false,
                "default_profile_image": false,
                "following": null,
                "follow_request_sent": null,
                "notifications": null,
                "withheld_in_countries": []
            },
            "geo": null,
            "coordinates": null,
            "place": null,
            "contributors": null,
            "is_quote_status": false,
            "quote_count": 1243,
            "reply_count": 1134,
            "retweet_count": 11404,
            "favorite_count": 22885,
            "entities": {
                "hashtags": [
                    {
                        "text": "Burberry",
                        "indices": [
                            0,
                            9
                        ]
                    },
                    {
                        "text": "BurberrySS23",
                        "indices": [
                            45,
                            58
                        ]
                    },
                    {
                        "text": "BurberryShow",
                        "indices": [
                            75,
                            88
                        ]
                    },
                    {
                        "text": "Burberry",
                        "indices": [
                            89,
                            98
                        ]
                    },
                    {
                        "text": "BbrightVc",
                        "indices": [
                            99,
                            109
                        ]
                    }
                ],
                "urls": [],
                "user_mentions": [
                    {
                        "screen_name": "bbrightvc",
                        "name": "bright",
                        "id": 2333223628,
                        "id_str": "2333223628",
                        "indices": [
                            27,
                            37
                        ]
                    }
                ],
                "symbols": [],
                "media": [
                    {
                        "id": 1574783162621763584,
                        "id_str": "1574783162621763584",
                        "indices": [
                            110,
                            133
                        ],
                        "additional_media_info": {
                            "monetizable": false
                        },
                        "media_url": "http://pbs.twimg.com/ext_tw_video_thumb/1574783162621763584/pu/img/ozMoznQW7OA181_F.jpg",
                        "media_url_https": "https://pbs.twimg.com/ext_tw_video_thumb/1574783162621763584/pu/img/ozMoznQW7OA181_F.jpg",
                        "url": "https://t.co/c5ktEd4Z2V",
                        "display_url": "pic.twitter.com/c5ktEd4Z2V",
                        "expanded_url": "https://twitter.com/Burberry/status/1574783547252039680/video/1",
                        "type": "photo",
                        "sizes": {
                            "thumb": {
                                "w": 150,
                                "h": 150,
                                "resize": "crop"
                            },
                            "small": {
                                "w": 383,
                                "h": 680,
                                "resize": "fit"
                            },
                            "medium": {
                                "w": 675,
                                "h": 1200,
                                "resize": "fit"
                            },
                            "large": {
                                "w": 1080,
                                "h": 1920,
                                "resize": "fit"
                            }
                        }
                    }
                ]
            },
            "extended_entities": {
                "media": [
                    {
                        "id": 1574783162621763584,
                        "id_str": "1574783162621763584",
                        "indices": [
                            110,
                            133
                        ],
                        "additional_media_info": {
                            "monetizable": false
                        },
                        "media_url": "http://pbs.twimg.com/ext_tw_video_thumb/1574783162621763584/pu/img/ozMoznQW7OA181_F.jpg",
                        "media_url_https": "https://pbs.twimg.com/ext_tw_video_thumb/1574783162621763584/pu/img/ozMoznQW7OA181_F.jpg",
                        "url": "https://t.co/c5ktEd4Z2V",
                        "display_url": "pic.twitter.com/c5ktEd4Z2V",
                        "expanded_url": "https://twitter.com/Burberry/status/1574783547252039680/video/1",
                        "type": "video",
                        "video_info": {
                            "aspect_ratio": [
                                9,
                                16
                            ],
                            "duration_millis": 10400,
                            "variants": [
                                {
                                    "bitrate": 950000,
                                    "content_type": "video/mp4",
                                    "url": "https://video.twimg.com/ext_tw_video/1574783162621763584/pu/vid/480x852/AEUDkzLl0a208wHu.mp4?tag=12"
                                },
                                {
                                    "bitrate": 632000,
                                    "content_type": "video/mp4",
                                    "url": "https://video.twimg.com/ext_tw_video/1574783162621763584/pu/vid/320x568/0fMvp3rrpT950vDG.mp4?tag=12"
                                },
                                {
                                    "bitrate": 2176000,
                                    "content_type": "video/mp4",
                                    "url": "https://video.twimg.com/ext_tw_video/1574783162621763584/pu/vid/720x1280/DzAFhNsOwXTdo4R8.mp4?tag=12"
                                },
                                {
                                    "content_type": "application/x-mpegURL",
                                    "url": "https://video.twimg.com/ext_tw_video/1574783162621763584/pu/pl/95twY1VU6bf3QlgX.m3u8?tag=12&container=fmp4"
                                }
                            ]
                        },
                        "sizes": {
                            "thumb": {
                                "w": 150,
                                "h": 150,
                                "resize": "crop"
                            },
                            "small": {
                                "w": 383,
                                "h": 680,
                                "resize": "fit"
                            },
                            "medium": {
                                "w": 675,
                                "h": 1200,
                                "resize": "fit"
                            },
                            "large": {
                                "w": 1080,
                                "h": 1920,
                                "resize": "fit"
                            }
                        }
                    }
                ]
            },
            "favorited": false,
            "retweeted": false,
            "possibly_sensitive": false,
            "filter_level": "low",
            "lang": "en"
        },
        "quoted_status_permalink": {
            "url": "https://t.co/siKTnCyicy",
            "expanded": "https://twitter.com/Burberry/status/1574783547252039680",
            "display": "twitter.com/Burberry/statu…"
        },
        "is_quote_status": true,
        "quote_count": 0,
        "reply_count": 1,
        "retweet_count": 10,
        "favorite_count": 2,
        "entities": {
            "hashtags": [
                {
                    "text": "bbrightvc",
                    "indices": [
                        37,
                        47
                    ]
                }
            ],
            "urls": [],
            "user_mentions": [
                {
                    "screen_name": "bbrightvc",
                    "name": "bright",
                    "id": 2333223628,
                    "id_str": "2333223628",
                    "indices": [
                        26,
                        36
                    ]
                }
            ],
            "symbols": []
        },
        "favorited": false,
        "retweeted": false,
        "filter_level": "low",
        "lang": "en"
    },
    "quoted_status_id": 1574783547252039680,
    "quoted_status_id_str": "1574783547252039680",
    "quoted_status": {
        "created_at": "Tue Sep 27 15:30:30 +0000 2022",
        "id": 1574783547252039680,
        "id_str": "1574783547252039680",
        "text": "#Burberry brand ambassador @BbrightVc at the #BurberrySS23 show in London\n\n#BurberryShow #Burberry #BbrightVc https://t.co/c5ktEd4Z2V",
        "display_text_range": [
            0,
            109
        ],
        "source": "<a href=\"https://mobile.twitter.com\" rel=\"nofollow\">Twitter Web App</a>",
        "truncated": false,
        "in_reply_to_status_id": null,
        "in_reply_to_status_id_str": null,
        "in_reply_to_user_id": null,
        "in_reply_to_user_id_str": null,
        "in_reply_to_screen_name": null,
        "user": {
            "id": 47459700,
            "id_str": "47459700",
            "name": "Burberry",
            "screen_name": "Burberry",
            "location": "London, England",
            "url": "http://brby.co/bbh",
            "description": null,
            "translator_type": "none",
            "protected": false,
            "verified": true,
            "verified_type": "blue",
            "followers_count": 8219715,
            "friends_count": 11,
            "listed_count": 11994,
            "favourites_count": 275,
            "statuses_count": 13891,
            "created_at": "Mon Jun 15 22:09:41 +0000 2009",
            "utc_offset": null,
            "time_zone": null,
            "geo_enabled": true,
            "lang": null,
            "contributors_enabled": false,
            "is_translator": false,
            "profile_background_color": "E1D4CB",
            "profile_background_image_url": "http://abs.twimg.com/images/themes/theme1/bg.png",
            "profile_background_image_url_https": "https://abs.twimg.com/images/themes/theme1/bg.png",
            "profile_background_tile": false,
            "profile_link_color": "707070",
            "profile_sidebar_border_color": "FFFFFF",
            "profile_sidebar_fill_color": "FFFFFF",
            "profile_text_color": "000000",
            "profile_use_background_image": false,
            "profile_image_url": "http://pbs.twimg.com/profile_images/1590282989010829313/SEFoY8Ia_normal.jpg",
            "profile_image_url_https": "https://pbs.twimg.com/profile_images/1590282989010829313/SEFoY8Ia_normal.jpg",
            "profile_banner_url": "https://pbs.twimg.com/profile_banners/47459700/1672842732",
            "default_profile": false,
            "default_profile_image": false,
            "following": null,
            "follow_request_sent": null,
            "notifications": null,
            "withheld_in_countries": []
        },
        "geo": null,
        "coordinates": null,
        "place": null,
        "contributors": null,
        "is_quote_status": false,
        "quote_count": 1243,
        "reply_count": 1134,
        "retweet_count": 11404,
        "favorite_count": 22885,
        "entities": {
            "hashtags": [
                {
                    "text": "Burberry",
                    "indices": [
                        0,
                        9
                    ]
                },
                {
                    "text": "BurberrySS23",
                    "indices": [
                        45,
                        58
                    ]
                },
                {
                    "text": "BurberryShow",
                    "indices": [
                        75,
                        88
                    ]
                },
                {
                    "text": "Burberry",
                    "indices": [
                        89,
                        98
                    ]
                },
                {
                    "text": "BbrightVc",
                    "indices": [
                        99,
                        109
                    ]
                }
            ],
            "urls": [],
            "user_mentions": [
                {
                    "screen_name": "bbrightvc",
                    "name": "bright",
                    "id": 2333223628,
                    "id_str": "2333223628",
                    "indices": [
                        27,
                        37
                    ]
                }
            ],
            "symbols": [],
            "media": [
                {
                    "id": 1574783162621763584,
                    "id_str": "1574783162621763584",
                    "indices": [
                        110,
                        133
                    ],
                    "additional_media_info": {
                        "monetizable": false
                    },
                    "media_url": "http://pbs.twimg.com/ext_tw_video_thumb/1574783162621763584/pu/img/ozMoznQW7OA181_F.jpg",
                    "media_url_https": "https://pbs.twimg.com/ext_tw_video_thumb/1574783162621763584/pu/img/ozMoznQW7OA181_F.jpg",
                    "url": "https://t.co/c5ktEd4Z2V",
                    "display_url": "pic.twitter.com/c5ktEd4Z2V",
                    "expanded_url": "https://twitter.com/Burberry/status/1574783547252039680/video/1",
                    "type": "photo",
                    "sizes": {
                        "thumb": {
                            "w": 150,
                            "h": 150,
                            "resize": "crop"
                        },
                        "small": {
                            "w": 383,
                            "h": 680,
                            "resize": "fit"
                        },
                        "medium": {
                            "w": 675,
                            "h": 1200,
                            "resize": "fit"
                        },
                        "large": {
                            "w": 1080,
                            "h": 1920,
                            "resize": "fit"
                        }
                    }
                }
            ]
        },
        "extended_entities": {
            "media": [
                {
                    "id": 1574783162621763584,
                    "id_str": "1574783162621763584",
                    "indices": [
                        110,
                        133
                    ],
                    "additional_media_info": {
                        "monetizable": false
                    },
                    "media_url": "http://pbs.twimg.com/ext_tw_video_thumb/1574783162621763584/pu/img/ozMoznQW7OA181_F.jpg",
                    "media_url_https": "https://pbs.twimg.com/ext_tw_video_thumb/1574783162621763584/pu/img/ozMoznQW7OA181_F.jpg",
                    "url": "https://t.co/c5ktEd4Z2V",
                    "display_url": "pic.twitter.com/c5ktEd4Z2V",
                    "expanded_url": "https://twitter.com/Burberry/status/1574783547252039680/video/1",
                    "type": "video",
                    "video_info": {
                        "aspect_ratio": [
                            9,
                            16
                        ],
                        "duration_millis": 10400,
                        "variants": [
                            {
                                "bitrate": 950000,
                                "content_type": "video/mp4",
                                "url": "https://video.twimg.com/ext_tw_video/1574783162621763584/pu/vid/480x852/AEUDkzLl0a208wHu.mp4?tag=12"
                            },
                            {
                                "bitrate": 632000,
                                "content_type": "video/mp4",
                                "url": "https://video.twimg.com/ext_tw_video/1574783162621763584/pu/vid/320x568/0fMvp3rrpT950vDG.mp4?tag=12"
                            },
                            {
                                "bitrate": 2176000,
                                "content_type": "video/mp4",
                                "url": "https://video.twimg.com/ext_tw_video/1574783162621763584/pu/vid/720x1280/DzAFhNsOwXTdo4R8.mp4?tag=12"
                            },
                            {
                                "content_type": "application/x-mpegURL",
                                "url": "https://video.twimg.com/ext_tw_video/1574783162621763584/pu/pl/95twY1VU6bf3QlgX.m3u8?tag=12&container=fmp4"
                            }
                        ]
                    },
                    "sizes": {
                        "thumb": {
                            "w": 150,
                            "h": 150,
                            "resize": "crop"
                        },
                        "small": {
                            "w": 383,
                            "h": 680,
                            "resize": "fit"
                        },
                        "medium": {
                            "w": 675,
                            "h": 1200,
                            "resize": "fit"
                        },
                        "large": {
                            "w": 1080,
                            "h": 1920,
                            "resize": "fit"
                        }
                    }
                }
            ]
        },
        "favorited": false,
        "retweeted": false,
        "possibly_sensitive": false,
        "filter_level": "low",
        "lang": "en"
    },
    "quoted_status_permalink": {
        "url": "https://t.co/siKTnCyicy",
        "expanded": "https://twitter.com/Burberry/status/1574783547252039680",
        "display": "twitter.com/Burberry/statu…"
    },
    "is_quote_status": true,
    "quote_count": 0,
    "reply_count": 0,
    "retweet_count": 0,
    "favorite_count": 0,
    "entities": {
        "hashtags": [
            {
                "text": "bbrightvc",
                "indices": [
                    49,
                    59
                ]
            }
        ],
        "urls": [],
        "user_mentions": [
            {
                "screen_name": "Ybvc15",
                "name": "adbbrightvc",
                "id": 1391716968370036739,
                "id_str": "1391716968370036739",
                "indices": [
                    3,
                    10
                ]
            },
            {
                "screen_name": "bbrightvc",
                "name": "bright",
                "id": 2333223628,
                "id_str": "2333223628",
                "indices": [
                    38,
                    48
                ]
            }
        ],
        "symbols": []
    },
    "favorited": false,
    "retweeted": false,
    "filter_level": "low",
    "lang": "en",
    "timestamp_ms": "1674023861485"
}