{
    "created_at": "Wed Jan 18 06:37:46 +0000 2023",
    "id": 1615599310921408512,
    "id_str": "1615599310921408512",
    "text": "Energy efficiency guide for landlords available free of charge https://t.co/JP2g3gd5LY",
    "source": "<a href=\"https://mobile.twitter.com\" rel=\"nofollow\">Twitter Web App</a>",
    "truncated": false,
    "in_reply_to_status_id": null,
    "in_reply_to_status_id_str": null,
    "in_reply_to_user_id": null,
    "in_reply_to_user_id_str": null,
    "in_reply_to_screen_name": null,
    "user": {
        "id": 211207803,
        "id_str": "211207803",
        "name": "Lynks Estate Agents",
        "screen_name": "Lynks_Estates",
        "location": "Manchester and North West",
        "url": "http://www.thelynks.co.uk",
        "description": "Lynks Estate Agents in one of Manchester's top Estate Agents. Sales, Rentals and property management throughout the North West.",
        "translator_type": "none",
        "protected": false,
        "verified": false,
        "verified_type": "blue",
        "followers_count": 2338,
        "friends_count": 1821,
        "listed_count": 46,
        "favourites_count": 812,
        "statuses_count": 45308,
        "created_at": "Tue Nov 02 16:38:44 +0000 2010",
        "utc_offset": null,
        "time_zone": null,
        "geo_enabled": true,
        "lang": null,
        "contributors_enabled": false,
        "is_translator": false,
        "profile_background_color": "131516",
        "profile_background_image_url": "http://abs.twimg.com/images/themes/theme14/bg.gif",
        "profile_background_image_url_https": "https://abs.twimg.com/images/themes/theme14/bg.gif",
        "profile_background_tile": true,
        "profile_link_color": "FC910F",
        "profile_sidebar_border_color": "FFFFFF",
        "profile_sidebar_fill_color": "EFEFEF",
        "profile_text_color": "333333",
        "profile_use_background_image": true,
        "profile_image_url": "http://pbs.twimg.com/profile_images/3565548140/c2b8b2b7a06a48fe1d8b1eef2c3a1caf_normal.jpeg",
        "profile_image_url_https": "https://pbs.twimg.com/profile_images/3565548140/c2b8b2b7a06a48fe1d8b1eef2c3a1caf_normal.jpeg",
        "profile_banner_url": "https://pbs.twimg.com/profile_banners/211207803/1614274486",
        "default_profile": false,
        "default_profile_image": false,
        "following": null,
        "follow_request_sent": null,
        "notifications": null,
        "withheld_in_countries": []
    },
    "geo": null,
    "coordinates": null,
    "place": null,
    "contributors": null,
    "is_quote_status": false,
    "quote_count": 0,
    "reply_count": 0,
    "retweet_count": 0,
    "favorite_count": 0,
    "entities": {
        "hashtags": [],
        "urls": [
            {
                "url": "https://t.co/JP2g3gd5LY",
                "expanded_url": "https://www.landlordtoday.co.uk/breaking-news/2023/1/energy-efficiency-guide-for-landlords-available-free-of-charge",
                "display_url": "landlordtoday.co.uk/breaking-news/…",
                "indices": [
                    63,
                    86
                ]
            }
        ],
        "user_mentions": [],
        "symbols": []
    },
    "favorited": false,
    "retweeted": false,
    "possibly_sensitive": false,
    "filter_level": "low",
    "lang": "en",
    "timestamp_ms": "1674023866764"
}