{
    "created_at": "Wed Jan 18 06:37:49 +0000 2023",
    "id": 1615599323986657280,
    "id_str": "1615599323986657280",
    "text": "RT @QueenMancunian: MANCHESTER UTD WILL WIN TODAY \n\nMANCHESTER UTD WILL WIN TODAY \n\nMANCHESTER UTD WILL WIN TODAY \n\nMANCHESTER UTD WILL WIN…",
    "source": "<a href=\"http://twitter.com/download/android\" rel=\"nofollow\">Twitter for Android</a>",
    "truncated": false,
    "in_reply_to_status_id": null,
    "in_reply_to_status_id_str": null,
    "in_reply_to_user_id": null,
    "in_reply_to_user_id_str": null,
    "in_reply_to_screen_name": null,
    "user": {
        "id": 1599559233275559936,
        "id_str": "1599559233275559936",
        "name": "Underrated SecondBorn U.S.B 🇬🇭 🔌",
        "screen_name": "SecondBorn__",
        "location": "socket 📍",
        "url": null,
        "description": "Ready 🚦 Fingers 🖐 Manchester City's 🤍💙 Blaugrana Culer ❤️💙",
        "translator_type": "none",
        "protected": false,
        "verified": false,
        "verified_type": "blue",
        "followers_count": 60,
        "friends_count": 67,
        "listed_count": 0,
        "favourites_count": 2257,
        "statuses_count": 3086,
        "created_at": "Mon Dec 05 00:20:46 +0000 2022",
        "utc_offset": null,
        "time_zone": null,
        "geo_enabled": false,
        "lang": null,
        "contributors_enabled": false,
        "is_translator": false,
        "profile_background_color": "F5F8FA",
        "profile_background_image_url": "",
        "profile_background_image_url_https": "",
        "profile_background_tile": false,
        "profile_link_color": "1DA1F2",
        "profile_sidebar_border_color": "C0DEED",
        "profile_sidebar_fill_color": "DDEEF6",
        "profile_text_color": "333333",
        "profile_use_background_image": true,
        "profile_image_url": "http://pbs.twimg.com/profile_images/1601721770964406277/tbRGvEtb_normal.jpg",
        "profile_image_url_https": "https://pbs.twimg.com/profile_images/1601721770964406277/tbRGvEtb_normal.jpg",
        "profile_banner_url": "https://pbs.twimg.com/profile_banners/1599559233275559936/1671257838",
        "default_profile": true,
        "default_profile_image": false,
        "following": null,
        "follow_request_sent": null,
        "notifications": null,
        "withheld_in_countries": []
    },
    "geo": null,
    "coordinates": null,
    "place": null,
    "contributors": null,
    "retweeted_status": {
        "created_at": "Wed Jan 18 06:31:48 +0000 2023",
        "id": 1615597807876071425,
        "id_str": "1615597807876071425",
        "text": "MANCHESTER UTD WILL WIN TODAY \n\nMANCHESTER UTD WILL WIN TODAY \n\nMANCHESTER UTD WILL WIN TODAY \n\nMANCHESTER UTD WILL… https://t.co/0ZTNt9COiV",
        "source": "<a href=\"http://twitter.com/download/iphone\" rel=\"nofollow\">Twitter for iPhone</a>",
        "truncated": true,
        "in_reply_to_status_id": null,
        "in_reply_to_status_id_str": null,
        "in_reply_to_user_id": null,
        "in_reply_to_user_id_str": null,
        "in_reply_to_screen_name": null,
        "user": {
            "id": 1479410867603218433,
            "id_str": "1479410867603218433",
            "name": "BRUNO FERNANDES COUSIN",
            "screen_name": "QueenMancunian",
            "location": null,
            "url": null,
            "description": "|Female that ♥️ Football | Banter account|Football Maniac⚽️ |Anything Manchester United | Die hard Utd fan|Manchester United is King and I’m the Queen 👑",
            "translator_type": "none",
            "protected": false,
            "verified": false,
            "verified_type": "blue",
            "followers_count": 14111,
            "friends_count": 5453,
            "listed_count": 5,
            "favourites_count": 67275,
            "statuses_count": 43203,
            "created_at": "Fri Jan 07 11:13:54 +0000 2022",
            "utc_offset": null,
            "time_zone": null,
            "geo_enabled": true,
            "lang": null,
            "contributors_enabled": false,
            "is_translator": false,
            "profile_background_color": "F5F8FA",
            "profile_background_image_url": "",
            "profile_background_image_url_https": "",
            "profile_background_tile": false,
            "profile_link_color": "1DA1F2",
            "profile_sidebar_border_color": "C0DEED",
            "profile_sidebar_fill_color": "DDEEF6",
            "profile_text_color": "333333",
            "profile_use_background_image": true,
            "profile_image_url": "http://pbs.twimg.com/profile_images/1548590287953567744/VDvvFIsX_normal.jpg",
            "profile_image_url_https": "https://pbs.twimg.com/profile_images/1548590287953567744/VDvvFIsX_normal.jpg",
            "profile_banner_url": "https://pbs.twimg.com/profile_banners/1479410867603218433/1641570681",
            "default_profile": true,
            "default_profile_image": false,
            "following": null,
            "follow_request_sent": null,
            "notifications": null,
            "withheld_in_countries": []
        },
        "geo": null,
        "coordinates": null,
        "place": null,
        "contributors": null,
        "is_quote_status": false,
        "extended_tweet": {
            "full_text": "MANCHESTER UTD WILL WIN TODAY \n\nMANCHESTER UTD WILL WIN TODAY \n\nMANCHESTER UTD WILL WIN TODAY \n\nMANCHESTER UTD WILL WIN TODAY \n\nMANCHESTER UTD WILL WIN TODAY \n\nMANCHESTER UTD WILL WIN TODAY \n\nMANCHESTER UTD WILL WIN TODAY \n\nMANCHESTER UTD WILL WIN TODAY \n\nPass it on ✍️",
            "display_text_range": [
                0,
                269
            ],
            "entities": {
                "hashtags": [],
                "urls": [],
                "user_mentions": [],
                "symbols": []
            }
        },
        "quote_count": 0,
        "reply_count": 5,
        "retweet_count": 14,
        "favorite_count": 45,
        "entities": {
            "hashtags": [],
            "urls": [
                {
                    "url": "https://t.co/0ZTNt9COiV",
                    "expanded_url": "https://twitter.com/i/web/status/1615597807876071425",
                    "display_url": "twitter.com/i/web/status/1…",
                    "indices": [
                        117,
                        140
                    ]
                }
            ],
            "user_mentions": [],
            "symbols": []
        },
        "favorited": false,
        "retweeted": false,
        "filter_level": "low",
        "lang": "en"
    },
    "is_quote_status": false,
    "quote_count": 0,
    "reply_count": 0,
    "retweet_count": 0,
    "favorite_count": 0,
    "entities": {
        "hashtags": [],
        "urls": [],
        "user_mentions": [
            {
                "screen_name": "QueenMancunian",
                "name": "BRUNO FERNANDES COUSIN",
                "id": 1479410867603218433,
                "id_str": "1479410867603218433",
                "indices": [
                    3,
                    18
                ]
            }
        ],
        "symbols": []
    },
    "favorited": false,
    "retweeted": false,
    "filter_level": "low",
    "lang": "en",
    "timestamp_ms": "1674023869879"
}