{
    "created_at": "Wed Jan 18 06:37:43 +0000 2023",
    "id": 1615599295196954624,
    "id_str": "1615599295196954624",
    "text": "RT @AnnMSinnott: For those who are interested, the UK Govt's Statement of Reasons on its invocation of S35, in order to halt Scot Govt's GR…",
    "source": "<a href=\"http://twitter.com/download/android\" rel=\"nofollow\">Twitter for Android</a>",
    "truncated": false,
    "in_reply_to_status_id": null,
    "in_reply_to_status_id_str": null,
    "in_reply_to_user_id": null,
    "in_reply_to_user_id_str": null,
    "in_reply_to_screen_name": null,
    "user": {
        "id": 1608555923298992128,
        "id_str": "1608555923298992128",
        "name": "Scott Williams",
        "screen_name": "ScottWi36248373",
        "location": null,
        "url": null,
        "description": null,
        "translator_type": "none",
        "protected": false,
        "verified": false,
        "verified_type": "blue",
        "followers_count": 21,
        "friends_count": 101,
        "listed_count": 0,
        "favourites_count": 101,
        "statuses_count": 194,
        "created_at": "Thu Dec 29 20:10:29 +0000 2022",
        "utc_offset": null,
        "time_zone": null,
        "geo_enabled": false,
        "lang": null,
        "contributors_enabled": false,
        "is_translator": false,
        "profile_background_color": "F5F8FA",
        "profile_background_image_url": "",
        "profile_background_image_url_https": "",
        "profile_background_tile": false,
        "profile_link_color": "1DA1F2",
        "profile_sidebar_border_color": "C0DEED",
        "profile_sidebar_fill_color": "DDEEF6",
        "profile_text_color": "333333",
        "profile_use_background_image": true,
        "profile_image_url": "http://pbs.twimg.com/profile_images/1608660887191142400/bE11HCng_normal.jpg",
        "profile_image_url_https": "https://pbs.twimg.com/profile_images/1608660887191142400/bE11HCng_normal.jpg",
        "profile_banner_url": "https://pbs.twimg.com/profile_banners/1608555923298992128/1672369617",
        "default_profile": true,
        "default_profile_image": false,
        "following": null,
        "follow_request_sent": null,
        "notifications": null,
        "withheld_in_countries": []
    },
    "geo": null,
    "coordinates": null,
    "place": null,
    "contributors": null,
    "retweeted_status": {
        "created_at": "Tue Jan 17 16:33:05 +0000 2023",
        "id": 1615386737278357506,
        "id_str": "1615386737278357506",
        "text": "For those who are interested, the UK Govt's Statement of Reasons on its invocation of S35, in order to halt Scot Go… https://t.co/dFtmvnKbT6",
        "source": "<a href=\"http://twitter.com/download/android\" rel=\"nofollow\">Twitter for Android</a>",
        "truncated": true,
        "in_reply_to_status_id": null,
        "in_reply_to_status_id_str": null,
        "in_reply_to_user_id": null,
        "in_reply_to_user_id_str": null,
        "in_reply_to_screen_name": null,
        "user": {
            "id": 583331481,
            "id_str": "583331481",
            "name": "Ann Sinnott",
            "screen_name": "AnnMSinnott",
            "location": "UK",
            "url": "http://aealliance.co.uk/WhatWeDo",
            "description": "Director, AEA \nRTs for info. \nViews my own. \n\nFor matters Ukraine see: @UkraineWatch7",
            "translator_type": "none",
            "protected": false,
            "verified": false,
            "verified_type": "blue",
            "followers_count": 8878,
            "friends_count": 3989,
            "listed_count": 75,
            "favourites_count": 14027,
            "statuses_count": 83838,
            "created_at": "Thu May 17 23:12:02 +0000 2012",
            "utc_offset": null,
            "time_zone": null,
            "geo_enabled": false,
            "lang": null,
            "contributors_enabled": false,
            "is_translator": false,
            "profile_background_color": "EBEBEB",
            "profile_background_image_url": "http://abs.twimg.com/images/themes/theme7/bg.gif",
            "profile_background_image_url_https": "https://abs.twimg.com/images/themes/theme7/bg.gif",
            "profile_background_tile": false,
            "profile_link_color": "990000",
            "profile_sidebar_border_color": "DFDFDF",
            "profile_sidebar_fill_color": "F3F3F3",
            "profile_text_color": "333333",
            "profile_use_background_image": true,
            "profile_image_url": "http://pbs.twimg.com/profile_images/1198523447015550976/npMdYcG3_normal.jpg",
            "profile_image_url_https": "https://pbs.twimg.com/profile_images/1198523447015550976/npMdYcG3_normal.jpg",
            "profile_banner_url": "https://pbs.twimg.com/profile_banners/583331481/1630841476",
            "default_profile": false,
            "default_profile_image": false,
            "following": null,
            "follow_request_sent": null,
            "notifications": null,
            "withheld_in_countries": []
        },
        "geo": null,
        "coordinates": null,
        "place": null,
        "contributors": null,
        "is_quote_status": false,
        "extended_tweet": {
            "full_text": "For those who are interested, the UK Govt's Statement of Reasons on its invocation of S35, in order to halt Scot Govt's GRR, can be accessed here: https://t.co/CHe2jzlvPR",
            "display_text_range": [
                0,
                170
            ],
            "entities": {
                "hashtags": [],
                "urls": [
                    {
                        "url": "https://t.co/CHe2jzlvPR",
                        "expanded_url": "https://www.gov.uk/government/publications/statement-of-reasons-related-to-the-use-of-section-35-of-the-scotland-act-1998",
                        "display_url": "gov.uk/government/pub…",
                        "indices": [
                            147,
                            170
                        ]
                    }
                ],
                "user_mentions": [],
                "symbols": []
            }
        },
        "quote_count": 0,
        "reply_count": 0,
        "retweet_count": 1,
        "favorite_count": 1,
        "entities": {
            "hashtags": [],
            "urls": [
                {
                    "url": "https://t.co/dFtmvnKbT6",
                    "expanded_url": "https://twitter.com/i/web/status/1615386737278357506",
                    "display_url": "twitter.com/i/web/status/1…",
                    "indices": [
                        117,
                        140
                    ]
                }
            ],
            "user_mentions": [],
            "symbols": []
        },
        "favorited": false,
        "retweeted": false,
        "possibly_sensitive": false,
        "filter_level": "low",
        "lang": "en"
    },
    "is_quote_status": false,
    "quote_count": 0,
    "reply_count": 0,
    "retweet_count": 0,
    "favorite_count": 0,
    "entities": {
        "hashtags": [],
        "urls": [],
        "user_mentions": [
            {
                "screen_name": "AnnMSinnott",
                "name": "Ann Sinnott",
                "id": 583331481,
                "id_str": "583331481",
                "indices": [
                    3,
                    15
                ]
            }
        ],
        "symbols": []
    },
    "favorited": false,
    "retweeted": false,
    "filter_level": "low",
    "lang": "en",
    "timestamp_ms": "1674023863015"
}