{
    "created_at": "Wed Jan 18 06:37:43 +0000 2023",
    "id": 1615599296367284224,
    "id_str": "1615599296367284224",
    "text": "RT @spectator: The UK government, in this scenario, is the defender of devolution, not its enemy\n\nAlex Massie\n\nhttps://t.co/vdAufOn2Ao",
    "source": "<a href=\"http://twitter.com/download/android\" rel=\"nofollow\">Twitter for Android</a>",
    "truncated": false,
    "in_reply_to_status_id": null,
    "in_reply_to_status_id_str": null,
    "in_reply_to_user_id": null,
    "in_reply_to_user_id_str": null,
    "in_reply_to_screen_name": null,
    "user": {
        "id": 513058106,
        "id_str": "513058106",
        "name": "Mike Innes",
        "screen_name": "hoodwink795",
        "location": "Scotland, United Kingdom",
        "url": null,
        "description": "Distrust Woke Ideology - Pro-UK - Oppose the SNP & all they stand for, 15 years of neglect, incompetence & corruption. 🏴󠁧󠁢󠁳󠁣󠁴󠁿🇬🇧",
        "translator_type": "none",
        "protected": false,
        "verified": false,
        "verified_type": "blue",
        "followers_count": 6180,
        "friends_count": 3757,
        "listed_count": 0,
        "favourites_count": 49259,
        "statuses_count": 52716,
        "created_at": "Sat Mar 03 11:07:35 +0000 2012",
        "utc_offset": null,
        "time_zone": null,
        "geo_enabled": false,
        "lang": null,
        "contributors_enabled": false,
        "is_translator": false,
        "profile_background_color": "C0DEED",
        "profile_background_image_url": "http://abs.twimg.com/images/themes/theme1/bg.png",
        "profile_background_image_url_https": "https://abs.twimg.com/images/themes/theme1/bg.png",
        "profile_background_tile": true,
        "profile_link_color": "0084B4",
        "profile_sidebar_border_color": "FFFFFF",
        "profile_sidebar_fill_color": "DDEEF6",
        "profile_text_color": "333333",
        "profile_use_background_image": true,
        "profile_image_url": "http://pbs.twimg.com/profile_images/1596078578000707585/HdPoqTla_normal.jpg",
        "profile_image_url_https": "https://pbs.twimg.com/profile_images/1596078578000707585/HdPoqTla_normal.jpg",
        "profile_banner_url": "https://pbs.twimg.com/profile_banners/513058106/1656978558",
        "default_profile": false,
        "default_profile_image": false,
        "following": null,
        "follow_request_sent": null,
        "notifications": null,
        "withheld_in_countries": []
    },
    "geo": null,
    "coordinates": null,
    "place": null,
    "contributors": null,
    "retweeted_status": {
        "created_at": "Tue Jan 17 13:21:24 +0000 2023",
        "id": 1615338497656737792,
        "id_str": "1615338497656737792",
        "text": "The UK government, in this scenario, is the defender of devolution, not its enemy\n\nAlex Massie\n\nhttps://t.co/vdAufOn2Ao",
        "source": "<a href=\"https://about.twitter.com/products/tweetdeck\" rel=\"nofollow\">TweetDeck</a>",
        "truncated": false,
        "in_reply_to_status_id": null,
        "in_reply_to_status_id_str": null,
        "in_reply_to_user_id": null,
        "in_reply_to_user_id_str": null,
        "in_reply_to_screen_name": null,
        "user": {
            "id": 16683666,
            "id_str": "16683666",
            "name": "The Spectator",
            "screen_name": "spectator",
            "location": "London",
            "url": "http://www.spectator.co.uk",
            "description": "Politics, culture and more; weekly since 1828, and a bit more often here. Try a month free – http://spectator.co.uk/twitter",
            "translator_type": "none",
            "protected": false,
            "verified": true,
            "verified_type": "business",
            "followers_count": 251153,
            "friends_count": 814,
            "listed_count": 3237,
            "favourites_count": 596,
            "statuses_count": 127041,
            "created_at": "Fri Oct 10 14:26:35 +0000 2008",
            "utc_offset": null,
            "time_zone": null,
            "geo_enabled": true,
            "lang": null,
            "contributors_enabled": false,
            "is_translator": false,
            "profile_background_color": "F0F0F0",
            "profile_background_image_url": "http://abs.twimg.com/images/themes/theme1/bg.png",
            "profile_background_image_url_https": "https://abs.twimg.com/images/themes/theme1/bg.png",
            "profile_background_tile": false,
            "profile_link_color": "CC0000",
            "profile_sidebar_border_color": "000000",
            "profile_sidebar_fill_color": "DDEEF6",
            "profile_text_color": "333333",
            "profile_use_background_image": false,
            "profile_image_url": "http://pbs.twimg.com/profile_images/1572179178325262336/3CqEgM-X_normal.png",
            "profile_image_url_https": "https://pbs.twimg.com/profile_images/1572179178325262336/3CqEgM-X_normal.png",
            "profile_banner_url": "https://pbs.twimg.com/profile_banners/16683666/1667925189",
            "default_profile": false,
            "default_profile_image": false,
            "following": null,
            "follow_request_sent": null,
            "notifications": null,
            "withheld_in_countries": []
        },
        "geo": null,
        "coordinates": null,
        "place": null,
        "contributors": null,
        "is_quote_status": false,
        "quote_count": 1,
        "reply_count": 6,
        "retweet_count": 14,
        "favorite_count": 39,
        "entities": {
            "hashtags": [],
            "urls": [
                {
                    "url": "https://t.co/vdAufOn2Ao",
                    "expanded_url": "https://www.spectator.co.uk/article/nicola-sturgeon-isnt-above-the-law/",
                    "display_url": "spectator.co.uk/article/nicola…",
                    "indices": [
                        96,
                        119
                    ]
                }
            ],
            "user_mentions": [],
            "symbols": []
        },
        "favorited": false,
        "retweeted": false,
        "possibly_sensitive": false,
        "filter_level": "low",
        "lang": "en"
    },
    "is_quote_status": false,
    "quote_count": 0,
    "reply_count": 0,
    "retweet_count": 0,
    "favorite_count": 0,
    "entities": {
        "hashtags": [],
        "urls": [
            {
                "url": "https://t.co/vdAufOn2Ao",
                "expanded_url": "https://www.spectator.co.uk/article/nicola-sturgeon-isnt-above-the-law/",
                "display_url": "spectator.co.uk/article/nicola…",
                "indices": [
                    111,
                    134
                ]
            }
        ],
        "user_mentions": [
            {
                "screen_name": "spectator",
                "name": "The Spectator",
                "id": 16683666,
                "id_str": "16683666",
                "indices": [
                    3,
                    13
                ]
            }
        ],
        "symbols": []
    },
    "favorited": false,
    "retweeted": false,
    "possibly_sensitive": false,
    "filter_level": "low",
    "lang": "en",
    "timestamp_ms": "1674023863294"
}