{
    "created_at": "Wed Jan 18 06:37:48 +0000 2023",
    "id": 1615599316550270978,
    "id_str": "1615599316550270978",
    "text": "RT @mrjamesob: This Zahawi tax story really stinks. Sunak’s pledge to restore ‘integrity, professionalism &amp; accountability’ has fallen apar…",
    "source": "<a href=\"http://twitter.com/download/android\" rel=\"nofollow\">Twitter for Android</a>",
    "truncated": false,
    "in_reply_to_status_id": null,
    "in_reply_to_status_id_str": null,
    "in_reply_to_user_id": null,
    "in_reply_to_user_id_str": null,
    "in_reply_to_screen_name": null,
    "user": {
        "id": 1536830797994393602,
        "id_str": "1536830797994393602",
        "name": "MO",
        "screen_name": "MattOrr31808883",
        "location": null,
        "url": null,
        "description": "Toon Army, family man and SENCO in that order. Quite central for politics but definitely Tories out.",
        "translator_type": "none",
        "protected": false,
        "verified": false,
        "verified_type": "blue",
        "followers_count": 629,
        "friends_count": 1035,
        "listed_count": 0,
        "favourites_count": 31594,
        "statuses_count": 15578,
        "created_at": "Tue Jun 14 22:00:20 +0000 2022",
        "utc_offset": null,
        "time_zone": null,
        "geo_enabled": false,
        "lang": null,
        "contributors_enabled": false,
        "is_translator": false,
        "profile_background_color": "F5F8FA",
        "profile_background_image_url": "",
        "profile_background_image_url_https": "",
        "profile_background_tile": false,
        "profile_link_color": "1DA1F2",
        "profile_sidebar_border_color": "C0DEED",
        "profile_sidebar_fill_color": "DDEEF6",
        "profile_text_color": "333333",
        "profile_use_background_image": true,
        "profile_image_url": "http://pbs.twimg.com/profile_images/1536830929204875264/PSIf02KW_normal.png",
        "profile_image_url_https": "https://pbs.twimg.com/profile_images/1536830929204875264/PSIf02KW_normal.png",
        "default_profile": true,
        "default_profile_image": false,
        "following": null,
        "follow_request_sent": null,
        "notifications": null,
        "withheld_in_countries": []
    },
    "geo": null,
    "coordinates": null,
    "place": null,
    "contributors": null,
    "retweeted_status": {
        "created_at": "Tue Jan 17 15:12:46 +0000 2023",
        "id": 1615366526835605505,
        "id_str": "1615366526835605505",
        "text": "This Zahawi tax story really stinks. Sunak’s pledge to restore ‘integrity, professionalism &amp; accountability’ has fa… https://t.co/4NMgSAYkov",
        "source": "<a href=\"http://twitter.com/download/iphone\" rel=\"nofollow\">Twitter for iPhone</a>",
        "truncated": true,
        "in_reply_to_status_id": null,
        "in_reply_to_status_id_str": null,
        "in_reply_to_user_id": null,
        "in_reply_to_user_id_str": null,
        "in_reply_to_screen_name": null,
        "user": {
            "id": 152656121,
            "id_str": "152656121",
            "name": "James Oh Brien",
            "screen_name": "mrjamesob",
            "location": "London",
            "url": null,
            "description": "LBC Radio show: http://lbc.co.uk Full Disclosure Podcast: http://shorturl.at/tyC37 Mystery Hour Game: http://mysteryhour.co.uk Not even a proper DJ.",
            "translator_type": "none",
            "protected": false,
            "verified": true,
            "verified_type": "blue",
            "followers_count": 1078296,
            "friends_count": 3991,
            "listed_count": 4166,
            "favourites_count": 77559,
            "statuses_count": 90524,
            "created_at": "Sun Jun 06 14:46:00 +0000 2010",
            "utc_offset": null,
            "time_zone": null,
            "geo_enabled": true,
            "lang": null,
            "contributors_enabled": false,
            "is_translator": false,
            "profile_background_color": "ACDED6",
            "profile_background_image_url": "http://abs.twimg.com/images/themes/theme1/bg.png",
            "profile_background_image_url_https": "https://abs.twimg.com/images/themes/theme1/bg.png",
            "profile_background_tile": true,
            "profile_link_color": "FF691F",
            "profile_sidebar_border_color": "EEEEEE",
            "profile_sidebar_fill_color": "F6F6F6",
            "profile_text_color": "333333",
            "profile_use_background_image": true,
            "profile_image_url": "http://pbs.twimg.com/profile_images/1580959581039116290/m3W7FVTE_normal.jpg",
            "profile_image_url_https": "https://pbs.twimg.com/profile_images/1580959581039116290/m3W7FVTE_normal.jpg",
            "profile_banner_url": "https://pbs.twimg.com/profile_banners/152656121/1641066504",
            "default_profile": false,
            "default_profile_image": false,
            "following": null,
            "follow_request_sent": null,
            "notifications": null,
            "withheld_in_countries": []
        },
        "geo": null,
        "coordinates": null,
        "place": null,
        "contributors": null,
        "is_quote_status": false,
        "extended_tweet": {
            "full_text": "This Zahawi tax story really stinks. Sunak’s pledge to restore ‘integrity, professionalism &amp; accountability’ has fallen apart faster than a Boris Johnson alibi.",
            "display_text_range": [
                0,
                164
            ],
            "entities": {
                "hashtags": [],
                "urls": [],
                "user_mentions": [],
                "symbols": []
            }
        },
        "quote_count": 74,
        "reply_count": 310,
        "retweet_count": 3955,
        "favorite_count": 18991,
        "entities": {
            "hashtags": [],
            "urls": [
                {
                    "url": "https://t.co/4NMgSAYkov",
                    "expanded_url": "https://twitter.com/i/web/status/1615366526835605505",
                    "display_url": "twitter.com/i/web/status/1…",
                    "indices": [
                        121,
                        144
                    ]
                }
            ],
            "user_mentions": [],
            "symbols": []
        },
        "favorited": false,
        "retweeted": false,
        "filter_level": "low",
        "lang": "en"
    },
    "is_quote_status": false,
    "quote_count": 0,
    "reply_count": 0,
    "retweet_count": 0,
    "favorite_count": 0,
    "entities": {
        "hashtags": [],
        "urls": [],
        "user_mentions": [
            {
                "screen_name": "mrjamesob",
                "name": "James Oh Brien",
                "id": 152656121,
                "id_str": "152656121",
                "indices": [
                    3,
                    13
                ]
            }
        ],
        "symbols": []
    },
    "favorited": false,
    "retweeted": false,
    "filter_level": "low",
    "lang": "en",
    "timestamp_ms": "1674023868106"
}