{
    "created_at": "Wed Jan 18 06:37:52 +0000 2023",
    "id": 1615599334581751809,
    "id_str": "1615599334581751809",
    "text": "RT @DeeOneAyekooto: Do you agree with Labour Party’s Ex-DG and Obi’s right hand man? https://t.co/0w0UvxqBu6",
    "source": "<a href=\"http://twitter.com/download/android\" rel=\"nofollow\">Twitter for Android</a>",
    "truncated": false,
    "in_reply_to_status_id": null,
    "in_reply_to_status_id_str": null,
    "in_reply_to_user_id": null,
    "in_reply_to_user_id_str": null,
    "in_reply_to_screen_name": null,
    "user": {
        "id": 1488938705301684227,
        "id_str": "1488938705301684227",
        "name": "NATIVE SON OF LORD LUGARD",
        "screen_name": "afrocaanbeat",
        "location": "Yenagoa, Nigeria",
        "url": null,
        "description": "Music lover, stage name: AFROCAAN",
        "translator_type": "none",
        "protected": false,
        "verified": false,
        "verified_type": "blue",
        "followers_count": 276,
        "friends_count": 1059,
        "listed_count": 4,
        "favourites_count": 1956,
        "statuses_count": 2181,
        "created_at": "Wed Feb 02 18:14:10 +0000 2022",
        "utc_offset": null,
        "time_zone": null,
        "geo_enabled": false,
        "lang": null,
        "contributors_enabled": false,
        "is_translator": false,
        "profile_background_color": "F5F8FA",
        "profile_background_image_url": "",
        "profile_background_image_url_https": "",
        "profile_background_tile": false,
        "profile_link_color": "1DA1F2",
        "profile_sidebar_border_color": "C0DEED",
        "profile_sidebar_fill_color": "DDEEF6",
        "profile_text_color": "333333",
        "profile_use_background_image": true,
        "profile_image_url": "http://pbs.twimg.com/profile_images/1605129270749184001/CWiIrClT_normal.jpg",
        "profile_image_url_https": "https://pbs.twimg.com/profile_images/1605129270749184001/CWiIrClT_normal.jpg",
        "default_profile": true,
        "default_profile_image": false,
        "following": null,
        "follow_request_sent": null,
        "notifications": null,
        "withheld_in_countries": []
    },
    "geo": null,
    "coordinates": null,
    "place": null,
    "contributors": null,
    "retweeted_status": {
        "created_at": "Wed Jan 18 06:25:07 +0000 2023",
        "id": 1615596128262836229,
        "id_str": "1615596128262836229",
        "text": "Do you agree with Labour Party’s Ex-DG and Obi’s right hand man? https://t.co/0w0UvxqBu6",
        "display_text_range": [
            0,
            64
        ],
        "source": "<a href=\"http://twitter.com/download/android\" rel=\"nofollow\">Twitter for Android</a>",
        "truncated": false,
        "in_reply_to_status_id": null,
        "in_reply_to_status_id_str": null,
        "in_reply_to_user_id": null,
        "in_reply_to_user_id_str": null,
        "in_reply_to_screen_name": null,
        "user": {
            "id": 202154433,
            "id_str": "202154433",
            "name": "Ayekooto",
            "screen_name": "DeeOneAyekooto",
            "location": "Abuja",
            "url": "http://www.ayekooto.com",
            "description": "TRUTH is the way.",
            "translator_type": "none",
            "protected": false,
            "verified": false,
            "verified_type": "blue",
            "followers_count": 174488,
            "friends_count": 434,
            "listed_count": 92,
            "favourites_count": 26687,
            "statuses_count": 48213,
            "created_at": "Wed Oct 13 12:30:16 +0000 2010",
            "utc_offset": null,
            "time_zone": null,
            "geo_enabled": false,
            "lang": null,
            "contributors_enabled": false,
            "is_translator": false,
            "profile_background_color": "C0DEED",
            "profile_background_image_url": "http://abs.twimg.com/images/themes/theme1/bg.png",
            "profile_background_image_url_https": "https://abs.twimg.com/images/themes/theme1/bg.png",
            "profile_background_tile": false,
            "profile_link_color": "1DA1F2",
            "profile_sidebar_border_color": "C0DEED",
            "profile_sidebar_fill_color": "DDEEF6",
            "profile_text_color": "333333",
            "profile_use_background_image": true,
            "profile_image_url": "http://pbs.twimg.com/profile_images/1572136382033698817/OxLcl1K6_normal.jpg",
            "profile_image_url_https": "https://pbs.twimg.com/profile_images/1572136382033698817/OxLcl1K6_normal.jpg",
            "profile_banner_url": "https://pbs.twimg.com/profile_banners/202154433/1656663191",
            "default_profile": true,
            "default_profile_image": false,
            "following": null,
            "follow_request_sent": null,
            "notifications": null,
            "withheld_in_countries": []
        },
        "geo": null,
        "coordinates": null,
        "place": null,
        "contributors": null,
        "is_quote_status": false,
        "quote_count": 3,
        "reply_count": 10,
        "retweet_count": 24,
        "favorite_count": 49,
        "entities": {
            "hashtags": [],
            "urls": [],
            "user_mentions": [],
            "symbols": [],
            "media": [
                {
                    "id": 1615596125964091392,
                    "id_str": "1615596125964091392",
                    "indices": [
                        65,
                        88
                    ],
                    "media_url": "http://pbs.twimg.com/media/FmvAHeSWQAAfUB8.jpg",
                    "media_url_https": "https://pbs.twimg.com/media/FmvAHeSWQAAfUB8.jpg",
                    "url": "https://t.co/0w0UvxqBu6",
                    "display_url": "pic.twitter.com/0w0UvxqBu6",
                    "expanded_url": "https://twitter.com/DeeOneAyekooto/status/1615596128262836229/photo/1",
                    "type": "photo",
                    "sizes": {
                        "large": {
                            "w": 720,
                            "h": 563,
                            "resize": "fit"
                        },
                        "thumb": {
                            "w": 150,
                            "h": 150,
                            "resize": "crop"
                        },
                        "small": {
                            "w": 680,
                            "h": 532,
                            "resize": "fit"
                        },
                        "medium": {
                            "w": 720,
                            "h": 563,
                            "resize": "fit"
                        }
                    }
                }
            ]
        },
        "extended_entities": {
            "media": [
                {
                    "id": 1615596125964091392,
                    "id_str": "1615596125964091392",
                    "indices": [
                        65,
                        88
                    ],
                    "media_url": "http://pbs.twimg.com/media/FmvAHeSWQAAfUB8.jpg",
                    "media_url_https": "https://pbs.twimg.com/media/FmvAHeSWQAAfUB8.jpg",
                    "url": "https://t.co/0w0UvxqBu6",
                    "display_url": "pic.twitter.com/0w0UvxqBu6",
                    "expanded_url": "https://twitter.com/DeeOneAyekooto/status/1615596128262836229/photo/1",
                    "type": "photo",
                    "sizes": {
                        "large": {
                            "w": 720,
                            "h": 563,
                            "resize": "fit"
                        },
                        "thumb": {
                            "w": 150,
                            "h": 150,
                            "resize": "crop"
                        },
                        "small": {
                            "w": 680,
                            "h": 532,
                            "resize": "fit"
                        },
                        "medium": {
                            "w": 720,
                            "h": 563,
                            "resize": "fit"
                        }
                    }
                }
            ]
        },
        "favorited": false,
        "retweeted": false,
        "possibly_sensitive": false,
        "filter_level": "low",
        "lang": "en"
    },
    "is_quote_status": false,
    "quote_count": 0,
    "reply_count": 0,
    "retweet_count": 0,
    "favorite_count": 0,
    "entities": {
        "hashtags": [],
        "urls": [],
        "user_mentions": [
            {
                "screen_name": "DeeOneAyekooto",
                "name": "Ayekooto",
                "id": 202154433,
                "id_str": "202154433",
                "indices": [
                    3,
                    18
                ]
            }
        ],
        "symbols": [],
        "media": [
            {
                "id": 1615596125964091392,
                "id_str": "1615596125964091392",
                "indices": [
                    85,
                    108
                ],
                "media_url": "http://pbs.twimg.com/media/FmvAHeSWQAAfUB8.jpg",
                "media_url_https": "https://pbs.twimg.com/media/FmvAHeSWQAAfUB8.jpg",
                "url": "https://t.co/0w0UvxqBu6",
                "display_url": "pic.twitter.com/0w0UvxqBu6",
                "expanded_url": "https://twitter.com/DeeOneAyekooto/status/1615596128262836229/photo/1",
                "type": "photo",
                "sizes": {
                    "large": {
                        "w": 720,
                        "h": 563,
                        "resize": "fit"
                    },
                    "thumb": {
                        "w": 150,
                        "h": 150,
                        "resize": "crop"
                    },
                    "small": {
                        "w": 680,
                        "h": 532,
                        "resize": "fit"
                    },
                    "medium": {
                        "w": 720,
                        "h": 563,
                        "resize": "fit"
                    }
                },
                "source_status_id": 1615596128262836229,
                "source_status_id_str": "1615596128262836229",
                "source_user_id": 202154433,
                "source_user_id_str": "202154433"
            }
        ]
    },
    "extended_entities": {
        "media": [
            {
                "id": 1615596125964091392,
                "id_str": "1615596125964091392",
                "indices": [
                    85,
                    108
                ],
                "media_url": "http://pbs.twimg.com/media/FmvAHeSWQAAfUB8.jpg",
                "media_url_https": "https://pbs.twimg.com/media/FmvAHeSWQAAfUB8.jpg",
                "url": "https://t.co/0w0UvxqBu6",
                "display_url": "pic.twitter.com/0w0UvxqBu6",
                "expanded_url": "https://twitter.com/DeeOneAyekooto/status/1615596128262836229/photo/1",
                "type": "photo",
                "sizes": {
                    "large": {
                        "w": 720,
                        "h": 563,
                        "resize": "fit"
                    },
                    "thumb": {
                        "w": 150,
                        "h": 150,
                        "resize": "crop"
                    },
                    "small": {
                        "w": 680,
                        "h": 532,
                        "resize": "fit"
                    },
                    "medium": {
                        "w": 720,
                        "h": 563,
                        "resize": "fit"
                    }
                },
                "source_status_id": 1615596128262836229,
                "source_status_id_str": "1615596128262836229",
                "source_user_id": 202154433,
                "source_user_id_str": "202154433"
            }
        ]
    },
    "favorited": false,
    "retweeted": false,
    "possibly_sensitive": false,
    "filter_level": "low",
    "lang": "en",
    "timestamp_ms": "1674023872405"
}