{
    "created_at": "Wed Jan 18 06:37:44 +0000 2023",
    "id": 1615599302134624258,
    "id_str": "1615599302134624258",
    "text": "RT @malikumar9999: We need fair and transparent elections, not anyone's support,\" the deposed prime minister said while addressing a PTI wo…",
    "source": "<a href=\"http://twitter.com/download/android\" rel=\"nofollow\">Twitter for Android</a>",
    "truncated": false,
    "in_reply_to_status_id": null,
    "in_reply_to_status_id_str": null,
    "in_reply_to_user_id": null,
    "in_reply_to_user_id_str": null,
    "in_reply_to_screen_name": null,
    "user": {
        "id": 151838430,
        "id_str": "151838430",
        "name": "Imtiaz Butt ™️®️",
        "screen_name": "ImtiazButt",
        "location": "Islamabad",
        "url": null,
        "description": "My PM is @ImranKhanPTI",
        "translator_type": "none",
        "protected": false,
        "verified": false,
        "verified_type": "blue",
        "followers_count": 523,
        "friends_count": 545,
        "listed_count": 0,
        "favourites_count": 850,
        "statuses_count": 2226,
        "created_at": "Fri Jun 04 11:12:40 +0000 2010",
        "utc_offset": null,
        "time_zone": null,
        "geo_enabled": false,
        "lang": null,
        "contributors_enabled": false,
        "is_translator": false,
        "profile_background_color": "C0DEED",
        "profile_background_image_url": "http://abs.twimg.com/images/themes/theme1/bg.png",
        "profile_background_image_url_https": "https://abs.twimg.com/images/themes/theme1/bg.png",
        "profile_background_tile": false,
        "profile_link_color": "1DA1F2",
        "profile_sidebar_border_color": "C0DEED",
        "profile_sidebar_fill_color": "DDEEF6",
        "profile_text_color": "333333",
        "profile_use_background_image": true,
        "profile_image_url": "http://pbs.twimg.com/profile_images/1548330559008432134/lRoYaSNN_normal.jpg",
        "profile_image_url_https": "https://pbs.twimg.com/profile_images/1548330559008432134/lRoYaSNN_normal.jpg",
        "profile_banner_url": "https://pbs.twimg.com/profile_banners/151838430/1639219241",
        "default_profile": true,
        "default_profile_image": false,
        "following": null,
        "follow_request_sent": null,
        "notifications": null,
        "withheld_in_countries": []
    },
    "geo": null,
    "coordinates": null,
    "place": null,
    "contributors": null,
    "retweeted_status": {
        "created_at": "Wed Jan 18 06:12:01 +0000 2023",
        "id": 1615592831019798529,
        "id_str": "1615592831019798529",
        "text": "We need fair and transparent elections, not anyone's support,\" the deposed prime minister said while addressing a P… https://t.co/7Zk7gJRMKE",
        "display_text_range": [
            0,
            140
        ],
        "source": "<a href=\"http://twitter.com/download/android\" rel=\"nofollow\">Twitter for Android</a>",
        "truncated": true,
        "in_reply_to_status_id": null,
        "in_reply_to_status_id_str": null,
        "in_reply_to_user_id": null,
        "in_reply_to_user_id_str": null,
        "in_reply_to_screen_name": null,
        "user": {
            "id": 1095032485535195137,
            "id_str": "1095032485535195137",
            "name": "Malik Umar PTI Official BWP",
            "screen_name": "malikumar9999",
            "location": "Punjab, Pakistan",
            "url": "http://Insaf.pk",
            "description": "Social media Activist,\nB.S Engineering,\nMy Hero My Leader and My Proud Imran Khan❤🥰.\n@TeamVOP ❤\nI Love Pakistan.\nStar, Virgo ♍",
            "translator_type": "none",
            "protected": false,
            "verified": false,
            "verified_type": "blue",
            "followers_count": 5076,
            "friends_count": 4780,
            "listed_count": 1,
            "favourites_count": 126905,
            "statuses_count": 177760,
            "created_at": "Mon Feb 11 18:51:04 +0000 2019",
            "utc_offset": null,
            "time_zone": null,
            "geo_enabled": true,
            "lang": null,
            "contributors_enabled": false,
            "is_translator": false,
            "profile_background_color": "000000",
            "profile_background_image_url": "http://abs.twimg.com/images/themes/theme1/bg.png",
            "profile_background_image_url_https": "https://abs.twimg.com/images/themes/theme1/bg.png",
            "profile_background_tile": false,
            "profile_link_color": "FF691F",
            "profile_sidebar_border_color": "000000",
            "profile_sidebar_fill_color": "000000",
            "profile_text_color": "000000",
            "profile_use_background_image": false,
            "profile_image_url": "http://pbs.twimg.com/profile_images/1615070057742180354/E4z0d7om_normal.jpg",
            "profile_image_url_https": "https://pbs.twimg.com/profile_images/1615070057742180354/E4z0d7om_normal.jpg",
            "profile_banner_url": "https://pbs.twimg.com/profile_banners/1095032485535195137/1664652482",
            "default_profile": false,
            "default_profile_image": false,
            "following": null,
            "follow_request_sent": null,
            "notifications": null,
            "withheld_in_countries": []
        },
        "geo": null,
        "coordinates": null,
        "place": null,
        "contributors": null,
        "is_quote_status": false,
        "extended_tweet": {
            "full_text": "We need fair and transparent elections, not anyone's support,\" the deposed prime minister said while addressing a PTI women's convention in Karachi via video link from his residence in Lahore\n@TeamVOP \n#قوم_کا_مطالبہ_عام_انتخابات https://t.co/KrSQ723c7a",
            "display_text_range": [
                0,
                229
            ],
            "entities": {
                "hashtags": [
                    {
                        "text": "قوم_کا_مطالبہ_عام_انتخابات",
                        "indices": [
                            202,
                            229
                        ]
                    }
                ],
                "urls": [],
                "user_mentions": [
                    {
                        "screen_name": "TeamVOP",
                        "name": "Team VOP Official",
                        "id": 1486333726980202499,
                        "id_str": "1486333726980202499",
                        "indices": [
                            192,
                            200
                        ]
                    }
                ],
                "symbols": [],
                "media": [
                    {
                        "id": 1615592818906648576,
                        "id_str": "1615592818906648576",
                        "indices": [
                            230,
                            253
                        ],
                        "media_url": "http://pbs.twimg.com/media/Fmu9G-iaUAAEhDk.jpg",
                        "media_url_https": "https://pbs.twimg.com/media/Fmu9G-iaUAAEhDk.jpg",
                        "url": "https://t.co/KrSQ723c7a",
                        "display_url": "pic.twitter.com/KrSQ723c7a",
                        "expanded_url": "https://twitter.com/malikumar9999/status/1615592831019798529/photo/1",
                        "type": "photo",
                        "sizes": {
                            "large": {
                                "w": 1280,
                                "h": 1280,
                                "resize": "fit"
                            },
                            "thumb": {
                                "w": 150,
                                "h": 150,
                                "resize": "crop"
                            },
                            "medium": {
                                "w": 1200,
                                "h": 1200,
                                "resize": "fit"
                            },
                            "small": {
                                "w": 680,
                                "h": 680,
                                "resize": "fit"
                            }
                        }
                    }
                ]
            },
            "extended_entities": {
                "media": [
                    {
                        "id": 1615592818906648576,
                        "id_str": "1615592818906648576",
                        "indices": [
                            230,
                            253
                        ],
                        "media_url": "http://pbs.twimg.com/media/Fmu9G-iaUAAEhDk.jpg",
                        "media_url_https": "https://pbs.twimg.com/media/Fmu9G-iaUAAEhDk.jpg",
                        "url": "https://t.co/KrSQ723c7a",
                        "display_url": "pic.twitter.com/KrSQ723c7a",
                        "expanded_url": "https://twitter.com/malikumar9999/status/1615592831019798529/photo/1",
                        "type": "photo",
                        "sizes": {
                            "large": {
                                "w": 1280,
                                "h": 1280,
                                "resize": "fit"
                            },
                            "thumb": {
                                "w": 150,
                                "h": 150,
                                "resize": "crop"
                            },
                            "medium": {
                                "w": 1200,
                                "h": 1200,
                                "resize": "fit"
                            },
                            "small": {
                                "w": 680,
                                "h": 680,
                                "resize": "fit"
                            }
                        }
                    }
                ]
            }
        },
        "quote_count": 0,
        "reply_count": 0,
        "retweet_count": 14,
        "favorite_count": 7,
        "entities": {
            "hashtags": [],
            "urls": [
                {
                    "url": "https://t.co/7Zk7gJRMKE",
                    "expanded_url": "https://twitter.com/i/web/status/1615592831019798529",
                    "display_url": "twitter.com/i/web/status/1…",
                    "indices": [
                        117,
                        140
                    ]
                }
            ],
            "user_mentions": [],
            "symbols": []
        },
        "favorited": false,
        "retweeted": false,
        "possibly_sensitive": false,
        "filter_level": "low",
        "lang": "en"
    },
    "is_quote_status": false,
    "quote_count": 0,
    "reply_count": 0,
    "retweet_count": 0,
    "favorite_count": 0,
    "entities": {
        "hashtags": [],
        "urls": [],
        "user_mentions": [
            {
                "screen_name": "malikumar9999",
                "name": "Malik Umar PTI Official BWP",
                "id": 1095032485535195137,
                "id_str": "1095032485535195137",
                "indices": [
                    3,
                    17
                ]
            }
        ],
        "symbols": []
    },
    "favorited": false,
    "retweeted": false,
    "filter_level": "low",
    "lang": "en",
    "timestamp_ms": "1674023864669"
}