{
    "created_at": "Wed Jan 18 06:37:46 +0000 2023",
    "id": 1615599309378191361,
    "id_str": "1615599309378191361",
    "text": "RT @NOELreports: The Pentagon is using Israel's vast but little-known US munitions stockpile to help meet Ukraine's dire need for artillery…",
    "source": "<a href=\"http://twitter.com/download/android\" rel=\"nofollow\">Twitter for Android</a>",
    "truncated": false,
    "in_reply_to_status_id": null,
    "in_reply_to_status_id_str": null,
    "in_reply_to_user_id": null,
    "in_reply_to_user_id_str": null,
    "in_reply_to_screen_name": null,
    "user": {
        "id": 3039980503,
        "id_str": "3039980503",
        "name": "Misheru",
        "screen_name": "Misheru45",
        "location": "United States",
        "url": null,
        "description": "mchllbstn7@gmail.com +15203667165",
        "translator_type": "none",
        "protected": false,
        "verified": false,
        "verified_type": "blue",
        "followers_count": 542,
        "friends_count": 4994,
        "listed_count": 0,
        "favourites_count": 8600,
        "statuses_count": 40350,
        "created_at": "Tue Feb 24 17:03:11 +0000 2015",
        "utc_offset": null,
        "time_zone": null,
        "geo_enabled": true,
        "lang": null,
        "contributors_enabled": false,
        "is_translator": false,
        "profile_background_color": "C0DEED",
        "profile_background_image_url": "http://abs.twimg.com/images/themes/theme1/bg.png",
        "profile_background_image_url_https": "https://abs.twimg.com/images/themes/theme1/bg.png",
        "profile_background_tile": false,
        "profile_link_color": "1DA1F2",
        "profile_sidebar_border_color": "C0DEED",
        "profile_sidebar_fill_color": "DDEEF6",
        "profile_text_color": "333333",
        "profile_use_background_image": true,
        "profile_image_url": "http://pbs.twimg.com/profile_images/1605378462734094337/At1EhE_D_normal.jpg",
        "profile_image_url_https": "https://pbs.twimg.com/profile_images/1605378462734094337/At1EhE_D_normal.jpg",
        "profile_banner_url": "https://pbs.twimg.com/profile_banners/3039980503/1623733244",
        "default_profile": true,
        "default_profile_image": false,
        "following": null,
        "follow_request_sent": null,
        "notifications": null,
        "withheld_in_countries": []
    },
    "geo": null,
    "coordinates": null,
    "place": null,
    "contributors": null,
    "retweeted_status": {
        "created_at": "Wed Jan 18 06:36:21 +0000 2023",
        "id": 1615598952727863296,
        "id_str": "1615598952727863296",
        "text": "The Pentagon is using Israel's vast but little-known US munitions stockpile to help meet Ukraine's dire need for ar… https://t.co/7kkv6WWxL3",
        "source": "<a href=\"http://twitter.com/download/iphone\" rel=\"nofollow\">Twitter for iPhone</a>",
        "truncated": true,
        "in_reply_to_status_id": null,
        "in_reply_to_status_id_str": null,
        "in_reply_to_user_id": null,
        "in_reply_to_user_id_str": null,
        "in_reply_to_screen_name": null,
        "user": {
            "id": 1480304164337033217,
            "id_str": "1480304164337033217",
            "name": "NOËL 🇪🇺 🇺🇦",
            "screen_name": "NOELreports",
            "location": null,
            "url": "https://www.buymeacoffee.com/noelreports",
            "description": "Reports on conflict zones, especially #Ukraine. Aggregates news. Also interested in geo(politics).\n\nWish to support me? 👇",
            "translator_type": "none",
            "protected": false,
            "verified": false,
            "verified_type": "blue",
            "followers_count": 87054,
            "friends_count": 278,
            "listed_count": 1717,
            "favourites_count": 4506,
            "statuses_count": 14983,
            "created_at": "Sun Jan 09 22:23:22 +0000 2022",
            "utc_offset": null,
            "time_zone": null,
            "geo_enabled": false,
            "lang": null,
            "contributors_enabled": false,
            "is_translator": false,
            "profile_background_color": "F5F8FA",
            "profile_background_image_url": "",
            "profile_background_image_url_https": "",
            "profile_background_tile": false,
            "profile_link_color": "1DA1F2",
            "profile_sidebar_border_color": "C0DEED",
            "profile_sidebar_fill_color": "DDEEF6",
            "profile_text_color": "333333",
            "profile_use_background_image": true,
            "profile_image_url": "http://pbs.twimg.com/profile_images/1574487702615080974/ELYAGny0_normal.jpg",
            "profile_image_url_https": "https://pbs.twimg.com/profile_images/1574487702615080974/ELYAGny0_normal.jpg",
            "profile_banner_url": "https://pbs.twimg.com/profile_banners/1480304164337033217/1660897279",
            "default_profile": true,
            "default_profile_image": false,
            "following": null,
            "follow_request_sent": null,
            "notifications": null,
            "withheld_in_countries": []
        },
        "geo": null,
        "coordinates": null,
        "place": null,
        "contributors": null,
        "is_quote_status": false,
        "extended_tweet": {
            "full_text": "The Pentagon is using Israel's vast but little-known US munitions stockpile to help meet Ukraine's dire need for artillery shells - The New York Times.\n\nDespite Israel's policy, the US transfers 300,000 shells stored at bases in Israel. Half of them are already in Poland.",
            "display_text_range": [
                0,
                272
            ],
            "entities": {
                "hashtags": [],
                "urls": [],
                "user_mentions": [],
                "symbols": []
            }
        },
        "quote_count": 1,
        "reply_count": 0,
        "retweet_count": 5,
        "favorite_count": 20,
        "entities": {
            "hashtags": [],
            "urls": [
                {
                    "url": "https://t.co/7kkv6WWxL3",
                    "expanded_url": "https://twitter.com/i/web/status/1615598952727863296",
                    "display_url": "twitter.com/i/web/status/1…",
                    "indices": [
                        117,
                        140
                    ]
                }
            ],
            "user_mentions": [],
            "symbols": []
        },
        "favorited": false,
        "retweeted": false,
        "filter_level": "low",
        "lang": "en"
    },
    "is_quote_status": false,
    "quote_count": 0,
    "reply_count": 0,
    "retweet_count": 0,
    "favorite_count": 0,
    "entities": {
        "hashtags": [],
        "urls": [],
        "user_mentions": [
            {
                "screen_name": "NOELreports",
                "name": "NOËL 🇪🇺 🇺🇦",
                "id": 1480304164337033217,
                "id_str": "1480304164337033217",
                "indices": [
                    3,
                    15
                ]
            }
        ],
        "symbols": []
    },
    "favorited": false,
    "retweeted": false,
    "filter_level": "low",
    "lang": "en",
    "timestamp_ms": "1674023866396"
}