{
    "created_at": "Wed Jan 18 06:37:45 +0000 2023",
    "id": 1615599304353144832,
    "id_str": "1615599304353144832",
    "text": "RT @darrenpjones: The Tories are rushing through a Bill to threaten nurses. But they don’t have time to do the Employment Rights Bill they…",
    "source": "<a href=\"http://twitter.com/download/android\" rel=\"nofollow\">Twitter for Android</a>",
    "truncated": false,
    "in_reply_to_status_id": null,
    "in_reply_to_status_id_str": null,
    "in_reply_to_user_id": null,
    "in_reply_to_user_id_str": null,
    "in_reply_to_screen_name": null,
    "user": {
        "id": 2574550098,
        "id_str": "2574550098",
        "name": "Bexley NEU",
        "screen_name": "BexleyNEU",
        "location": "Bexley. South East London.",
        "url": null,
        "description": "Representing teachers in the Bexley District of the NEU",
        "translator_type": "none",
        "protected": false,
        "verified": false,
        "verified_type": "blue",
        "followers_count": 544,
        "friends_count": 223,
        "listed_count": 9,
        "favourites_count": 1260,
        "statuses_count": 770,
        "created_at": "Wed Jun 18 10:19:09 +0000 2014",
        "utc_offset": null,
        "time_zone": null,
        "geo_enabled": false,
        "lang": null,
        "contributors_enabled": false,
        "is_translator": false,
        "profile_background_color": "C0DEED",
        "profile_background_image_url": "http://abs.twimg.com/images/themes/theme1/bg.png",
        "profile_background_image_url_https": "https://abs.twimg.com/images/themes/theme1/bg.png",
        "profile_background_tile": false,
        "profile_link_color": "0084B4",
        "profile_sidebar_border_color": "C0DEED",
        "profile_sidebar_fill_color": "DDEEF6",
        "profile_text_color": "333333",
        "profile_use_background_image": true,
        "profile_image_url": "http://pbs.twimg.com/profile_images/750271686373695488/VG3k5AzR_normal.jpg",
        "profile_image_url_https": "https://pbs.twimg.com/profile_images/750271686373695488/VG3k5AzR_normal.jpg",
        "default_profile": false,
        "default_profile_image": false,
        "following": null,
        "follow_request_sent": null,
        "notifications": null,
        "withheld_in_countries": []
    },
    "geo": null,
    "coordinates": null,
    "place": null,
    "contributors": null,
    "retweeted_status": {
        "created_at": "Mon Jan 16 21:38:15 +0000 2023",
        "id": 1615101150159683586,
        "id_str": "1615101150159683586",
        "text": "The Tories are rushing through a Bill to threaten nurses. But they don’t have time to do the Employment Rights Bill… https://t.co/ApZCr673wK",
        "display_text_range": [
            0,
            140
        ],
        "source": "<a href=\"http://twitter.com/download/iphone\" rel=\"nofollow\">Twitter for iPhone</a>",
        "truncated": true,
        "in_reply_to_status_id": null,
        "in_reply_to_status_id_str": null,
        "in_reply_to_user_id": null,
        "in_reply_to_user_id_str": null,
        "in_reply_to_screen_name": null,
        "user": {
            "id": 20392734,
            "id_str": "20392734",
            "name": "Darren Jones MP",
            "screen_name": "darrenpjones",
            "location": "Bristol, England",
            "url": "http://www.getrevue.co/profile/darrenpjones",
            "description": "Labour MP, Bristol NW | Chair @CommonsBEIS | Member @JointCtteNSS @CommonsLiaison UK-EU Parliamentary Assembly | darren.jones.mp@parliament.uk",
            "translator_type": "none",
            "protected": false,
            "verified": true,
            "verified_type": "blue",
            "followers_count": 58022,
            "friends_count": 5475,
            "listed_count": 506,
            "favourites_count": 5487,
            "statuses_count": 15611,
            "created_at": "Sun Feb 08 21:06:39 +0000 2009",
            "utc_offset": null,
            "time_zone": null,
            "geo_enabled": false,
            "lang": null,
            "contributors_enabled": false,
            "is_translator": false,
            "profile_background_color": "000000",
            "profile_background_image_url": "http://abs.twimg.com/images/themes/theme7/bg.gif",
            "profile_background_image_url_https": "https://abs.twimg.com/images/themes/theme7/bg.gif",
            "profile_background_tile": false,
            "profile_link_color": "ABB8C2",
            "profile_sidebar_border_color": "000000",
            "profile_sidebar_fill_color": "000000",
            "profile_text_color": "000000",
            "profile_use_background_image": false,
            "profile_image_url": "http://pbs.twimg.com/profile_images/1572117836247572482/Dmv8E7MX_normal.jpg",
            "profile_image_url_https": "https://pbs.twimg.com/profile_images/1572117836247572482/Dmv8E7MX_normal.jpg",
            "profile_banner_url": "https://pbs.twimg.com/profile_banners/20392734/1663657086",
            "default_profile": false,
            "default_profile_image": false,
            "following": null,
            "follow_request_sent": null,
            "notifications": null,
            "withheld_in_countries": []
        },
        "geo": null,
        "coordinates": null,
        "place": null,
        "contributors": null,
        "is_quote_status": false,
        "extended_tweet": {
            "full_text": "The Tories are rushing through a Bill to threaten nurses. But they don’t have time to do the Employment Rights Bill they promised at the 2019 General Election. Shameless. https://t.co/hQW1J8DCay",
            "display_text_range": [
                0,
                170
            ],
            "entities": {
                "hashtags": [],
                "urls": [],
                "user_mentions": [],
                "symbols": [],
                "media": [
                    {
                        "id": 1615101076729995266,
                        "id_str": "1615101076729995266",
                        "indices": [
                            171,
                            194
                        ],
                        "additional_media_info": {
                            "monetizable": false
                        },
                        "media_url": "http://pbs.twimg.com/ext_tw_video_thumb/1615101076729995266/pu/img/N_YvAb0N_-sL2PZ7.jpg",
                        "media_url_https": "https://pbs.twimg.com/ext_tw_video_thumb/1615101076729995266/pu/img/N_YvAb0N_-sL2PZ7.jpg",
                        "url": "https://t.co/hQW1J8DCay",
                        "display_url": "pic.twitter.com/hQW1J8DCay",
                        "expanded_url": "https://twitter.com/darrenpjones/status/1615101150159683586/video/1",
                        "type": "video",
                        "video_info": {
                            "aspect_ratio": [
                                1,
                                1
                            ],
                            "duration_millis": 127563,
                            "variants": [
                                {
                                    "content_type": "application/x-mpegURL",
                                    "url": "https://video.twimg.com/ext_tw_video/1615101076729995266/pu/pl/inbQfPiiWQpduhnk.m3u8?tag=12&container=fmp4"
                                },
                                {
                                    "bitrate": 1280000,
                                    "content_type": "video/mp4",
                                    "url": "https://video.twimg.com/ext_tw_video/1615101076729995266/pu/vid/720x720/_SJptqnDHoSM0F1V.mp4?tag=12"
                                },
                                {
                                    "bitrate": 432000,
                                    "content_type": "video/mp4",
                                    "url": "https://video.twimg.com/ext_tw_video/1615101076729995266/pu/vid/320x320/p2NgKhBZ7qaD0R8N.mp4?tag=12"
                                },
                                {
                                    "bitrate": 832000,
                                    "content_type": "video/mp4",
                                    "url": "https://video.twimg.com/ext_tw_video/1615101076729995266/pu/vid/540x540/j8L9WAofUuk840Zm.mp4?tag=12"
                                }
                            ]
                        },
                        "sizes": {
                            "thumb": {
                                "w": 150,
                                "h": 150,
                                "resize": "crop"
                            },
                            "small": {
                                "w": 680,
                                "h": 680,
                                "resize": "fit"
                            },
                            "medium": {
                                "w": 720,
                                "h": 720,
                                "resize": "fit"
                            },
                            "large": {
                                "w": 720,
                                "h": 720,
                                "resize": "fit"
                            }
                        }
                    }
                ]
            },
            "extended_entities": {
                "media": [
                    {
                        "id": 1615101076729995266,
                        "id_str": "1615101076729995266",
                        "indices": [
                            171,
                            194
                        ],
                        "additional_media_info": {
                            "monetizable": false
                        },
                        "media_url": "http://pbs.twimg.com/ext_tw_video_thumb/1615101076729995266/pu/img/N_YvAb0N_-sL2PZ7.jpg",
                        "media_url_https": "https://pbs.twimg.com/ext_tw_video_thumb/1615101076729995266/pu/img/N_YvAb0N_-sL2PZ7.jpg",
                        "url": "https://t.co/hQW1J8DCay",
                        "display_url": "pic.twitter.com/hQW1J8DCay",
                        "expanded_url": "https://twitter.com/darrenpjones/status/1615101150159683586/video/1",
                        "type": "video",
                        "video_info": {
                            "aspect_ratio": [
                                1,
                                1
                            ],
                            "duration_millis": 127563,
                            "variants": [
                                {
                                    "content_type": "application/x-mpegURL",
                                    "url": "https://video.twimg.com/ext_tw_video/1615101076729995266/pu/pl/inbQfPiiWQpduhnk.m3u8?tag=12&container=fmp4"
                                },
                                {
                                    "bitrate": 1280000,
                                    "content_type": "video/mp4",
                                    "url": "https://video.twimg.com/ext_tw_video/1615101076729995266/pu/vid/720x720/_SJptqnDHoSM0F1V.mp4?tag=12"
                                },
                                {
                                    "bitrate": 432000,
                                    "content_type": "video/mp4",
                                    "url": "https://video.twimg.com/ext_tw_video/1615101076729995266/pu/vid/320x320/p2NgKhBZ7qaD0R8N.mp4?tag=12"
                                },
                                {
                                    "bitrate": 832000,
                                    "content_type": "video/mp4",
                                    "url": "https://video.twimg.com/ext_tw_video/1615101076729995266/pu/vid/540x540/j8L9WAofUuk840Zm.mp4?tag=12"
                                }
                            ]
                        },
                        "sizes": {
                            "thumb": {
                                "w": 150,
                                "h": 150,
                                "resize": "crop"
                            },
                            "small": {
                                "w": 680,
                                "h": 680,
                                "resize": "fit"
                            },
                            "medium": {
                                "w": 720,
                                "h": 720,
                                "resize": "fit"
                            },
                            "large": {
                                "w": 720,
                                "h": 720,
                                "resize": "fit"
                            }
                        }
                    }
                ]
            }
        },
        "quote_count": 69,
        "reply_count": 124,
        "retweet_count": 1724,
        "favorite_count": 5354,
        "entities": {
            "hashtags": [],
            "urls": [
                {
                    "url": "https://t.co/ApZCr673wK",
                    "expanded_url": "https://twitter.com/i/web/status/1615101150159683586",
                    "display_url": "twitter.com/i/web/status/1…",
                    "indices": [
                        117,
                        140
                    ]
                }
            ],
            "user_mentions": [],
            "symbols": []
        },
        "favorited": false,
        "retweeted": false,
        "possibly_sensitive": false,
        "filter_level": "low",
        "lang": "en"
    },
    "is_quote_status": false,
    "quote_count": 0,
    "reply_count": 0,
    "retweet_count": 0,
    "favorite_count": 0,
    "entities": {
        "hashtags": [],
        "urls": [],
        "user_mentions": [
            {
                "screen_name": "darrenpjones",
                "name": "Darren Jones MP",
                "id": 20392734,
                "id_str": "20392734",
                "indices": [
                    3,
                    16
                ]
            }
        ],
        "symbols": []
    },
    "favorited": false,
    "retweeted": false,
    "filter_level": "low",
    "lang": "en",
    "timestamp_ms": "1674023865198"
}