{
    "created_at": "Wed Jan 18 06:37:47 +0000 2023",
    "id": 1615599314855776256,
    "id_str": "1615599314855776256",
    "text": "RT @10SECVIDEOS: Another normal day in New York City... https://t.co/lviX4xxkP6",
    "source": "<a href=\"http://twitter.com/download/android\" rel=\"nofollow\">Twitter for Android</a>",
    "truncated": false,
    "in_reply_to_status_id": null,
    "in_reply_to_status_id_str": null,
    "in_reply_to_user_id": null,
    "in_reply_to_user_id_str": null,
    "in_reply_to_screen_name": null,
    "user": {
        "id": 367770058,
        "id_str": "367770058",
        "name": "Darren Winterburn",
        "screen_name": "Dazwint",
        "location": null,
        "url": null,
        "description": "Up the Arsenal, support the club, manager, players and board, sometimes hate all of the above but always love the Arsenal",
        "translator_type": "none",
        "protected": false,
        "verified": false,
        "verified_type": "blue",
        "followers_count": 593,
        "friends_count": 1496,
        "listed_count": 2,
        "favourites_count": 15903,
        "statuses_count": 4417,
        "created_at": "Sun Sep 04 14:55:12 +0000 2011",
        "utc_offset": null,
        "time_zone": null,
        "geo_enabled": false,
        "lang": null,
        "contributors_enabled": false,
        "is_translator": false,
        "profile_background_color": "C0DEED",
        "profile_background_image_url": "http://abs.twimg.com/images/themes/theme1/bg.png",
        "profile_background_image_url_https": "https://abs.twimg.com/images/themes/theme1/bg.png",
        "profile_background_tile": false,
        "profile_link_color": "1DA1F2",
        "profile_sidebar_border_color": "C0DEED",
        "profile_sidebar_fill_color": "DDEEF6",
        "profile_text_color": "333333",
        "profile_use_background_image": true,
        "profile_image_url": "http://pbs.twimg.com/profile_images/378800000683650612/284820a87fbd3d193ce7592ca403fee7_normal.jpeg",
        "profile_image_url_https": "https://pbs.twimg.com/profile_images/378800000683650612/284820a87fbd3d193ce7592ca403fee7_normal.jpeg",
        "profile_banner_url": "https://pbs.twimg.com/profile_banners/367770058/1377958696",
        "default_profile": true,
        "default_profile_image": false,
        "following": null,
        "follow_request_sent": null,
        "notifications": null,
        "withheld_in_countries": []
    },
    "geo": null,
    "coordinates": null,
    "place": null,
    "contributors": null,
    "retweeted_status": {
        "created_at": "Wed Jan 18 04:50:21 +0000 2023",
        "id": 1615572277940084738,
        "id_str": "1615572277940084738",
        "text": "Another normal day in New York City... https://t.co/lviX4xxkP6",
        "display_text_range": [
            0,
            38
        ],
        "source": "<a href=\"http://twitter.com/download/iphone\" rel=\"nofollow\">Twitter for iPhone</a>",
        "truncated": false,
        "in_reply_to_status_id": null,
        "in_reply_to_status_id_str": null,
        "in_reply_to_user_id": null,
        "in_reply_to_user_id_str": null,
        "in_reply_to_screen_name": null,
        "user": {
            "id": 3253962492,
            "id_str": "3253962492",
            "name": "Best Videos 🎬🍿",
            "screen_name": "10SECVIDEOS",
            "location": null,
            "url": null,
            "description": "Only The Best Videos 🎥",
            "translator_type": "regular",
            "protected": false,
            "verified": false,
            "verified_type": "blue",
            "followers_count": 547269,
            "friends_count": 4,
            "listed_count": 543,
            "favourites_count": 18232,
            "statuses_count": 65,
            "created_at": "Tue Jun 23 21:58:02 +0000 2015",
            "utc_offset": null,
            "time_zone": null,
            "geo_enabled": false,
            "lang": null,
            "contributors_enabled": false,
            "is_translator": false,
            "profile_background_color": "C0DEED",
            "profile_background_image_url": "http://abs.twimg.com/images/themes/theme1/bg.png",
            "profile_background_image_url_https": "https://abs.twimg.com/images/themes/theme1/bg.png",
            "profile_background_tile": false,
            "profile_link_color": "1DA1F2",
            "profile_sidebar_border_color": "C0DEED",
            "profile_sidebar_fill_color": "DDEEF6",
            "profile_text_color": "333333",
            "profile_use_background_image": true,
            "profile_image_url": "http://pbs.twimg.com/profile_images/1610846402078179332/pmHC9fo8_normal.jpg",
            "profile_image_url_https": "https://pbs.twimg.com/profile_images/1610846402078179332/pmHC9fo8_normal.jpg",
            "profile_banner_url": "https://pbs.twimg.com/profile_banners/3253962492/1672890696",
            "default_profile": true,
            "default_profile_image": false,
            "following": null,
            "follow_request_sent": null,
            "notifications": null,
            "withheld_in_countries": []
        },
        "geo": null,
        "coordinates": null,
        "place": null,
        "contributors": null,
        "is_quote_status": false,
        "quote_count": 11,
        "reply_count": 7,
        "retweet_count": 75,
        "favorite_count": 518,
        "entities": {
            "hashtags": [],
            "urls": [],
            "user_mentions": [],
            "symbols": [],
            "media": [
                {
                    "id": 1615572242795986944,
                    "id_str": "1615572242795986944",
                    "indices": [
                        39,
                        62
                    ],
                    "additional_media_info": {
                        "monetizable": false
                    },
                    "media_url": "http://pbs.twimg.com/ext_tw_video_thumb/1615572242795986944/pu/img/hmAzsInnXvRq2wik.jpg",
                    "media_url_https": "https://pbs.twimg.com/ext_tw_video_thumb/1615572242795986944/pu/img/hmAzsInnXvRq2wik.jpg",
                    "url": "https://t.co/lviX4xxkP6",
                    "display_url": "pic.twitter.com/lviX4xxkP6",
                    "expanded_url": "https://twitter.com/10SECVIDEOS/status/1615572277940084738/video/1",
                    "type": "photo",
                    "sizes": {
                        "thumb": {
                            "w": 150,
                            "h": 150,
                            "resize": "crop"
                        },
                        "small": {
                            "w": 544,
                            "h": 680,
                            "resize": "fit"
                        },
                        "medium": {
                            "w": 576,
                            "h": 720,
                            "resize": "fit"
                        },
                        "large": {
                            "w": 576,
                            "h": 720,
                            "resize": "fit"
                        }
                    }
                }
            ]
        },
        "extended_entities": {
            "media": [
                {
                    "id": 1615572242795986944,
                    "id_str": "1615572242795986944",
                    "indices": [
                        39,
                        62
                    ],
                    "additional_media_info": {
                        "monetizable": false
                    },
                    "media_url": "http://pbs.twimg.com/ext_tw_video_thumb/1615572242795986944/pu/img/hmAzsInnXvRq2wik.jpg",
                    "media_url_https": "https://pbs.twimg.com/ext_tw_video_thumb/1615572242795986944/pu/img/hmAzsInnXvRq2wik.jpg",
                    "url": "https://t.co/lviX4xxkP6",
                    "display_url": "pic.twitter.com/lviX4xxkP6",
                    "expanded_url": "https://twitter.com/10SECVIDEOS/status/1615572277940084738/video/1",
                    "type": "video",
                    "video_info": {
                        "aspect_ratio": [
                            4,
                            5
                        ],
                        "duration_millis": 30066,
                        "variants": [
                            {
                                "content_type": "application/x-mpegURL",
                                "url": "https://video.twimg.com/ext_tw_video/1615572242795986944/pu/pl/4uDzwSALaU15sODL.m3u8?tag=12&container=fmp4"
                            },
                            {
                                "bitrate": 950000,
                                "content_type": "video/mp4",
                                "url": "https://video.twimg.com/ext_tw_video/1615572242795986944/pu/vid/480x600/j80ZA0hTt0FpYPF3.mp4?tag=12"
                            },
                            {
                                "bitrate": 2176000,
                                "content_type": "video/mp4",
                                "url": "https://video.twimg.com/ext_tw_video/1615572242795986944/pu/vid/576x720/vR6MXEdrCQjIe2ip.mp4?tag=12"
                            },
                            {
                                "bitrate": 632000,
                                "content_type": "video/mp4",
                                "url": "https://video.twimg.com/ext_tw_video/1615572242795986944/pu/vid/320x400/hMAlXNfefIVSOu9u.mp4?tag=12"
                            }
                        ]
                    },
                    "sizes": {
                        "thumb": {
                            "w": 150,
                            "h": 150,
                            "resize": "crop"
                        },
                        "small": {
                            "w": 544,
                            "h": 680,
                            "resize": "fit"
                        },
                        "medium": {
                            "w": 576,
                            "h": 720,
                            "resize": "fit"
                        },
                        "large": {
                            "w": 576,
                            "h": 720,
                            "resize": "fit"
                        }
                    }
                }
            ]
        },
        "favorited": false,
        "retweeted": false,
        "possibly_sensitive": false,
        "filter_level": "low",
        "lang": "en"
    },
    "is_quote_status": false,
    "quote_count": 0,
    "reply_count": 0,
    "retweet_count": 0,
    "favorite_count": 0,
    "entities": {
        "hashtags": [],
        "urls": [],
        "user_mentions": [
            {
                "screen_name": "10SECVIDEOS",
                "name": "Best Videos 🎬🍿",
                "id": 3253962492,
                "id_str": "3253962492",
                "indices": [
                    3,
                    15
                ]
            }
        ],
        "symbols": [],
        "media": [
            {
                "id": 1615572242795986944,
                "id_str": "1615572242795986944",
                "indices": [
                    56,
                    79
                ],
                "additional_media_info": {
                    "monetizable": false
                },
                "media_url": "http://pbs.twimg.com/ext_tw_video_thumb/1615572242795986944/pu/img/hmAzsInnXvRq2wik.jpg",
                "media_url_https": "https://pbs.twimg.com/ext_tw_video_thumb/1615572242795986944/pu/img/hmAzsInnXvRq2wik.jpg",
                "url": "https://t.co/lviX4xxkP6",
                "display_url": "pic.twitter.com/lviX4xxkP6",
                "expanded_url": "https://twitter.com/10SECVIDEOS/status/1615572277940084738/video/1",
                "type": "photo",
                "sizes": {
                    "thumb": {
                        "w": 150,
                        "h": 150,
                        "resize": "crop"
                    },
                    "small": {
                        "w": 544,
                        "h": 680,
                        "resize": "fit"
                    },
                    "medium": {
                        "w": 576,
                        "h": 720,
                        "resize": "fit"
                    },
                    "large": {
                        "w": 576,
                        "h": 720,
                        "resize": "fit"
                    }
                },
                "source_status_id": 1615572277940084738,
                "source_status_id_str": "1615572277940084738",
                "source_user_id": 3253962492,
                "source_user_id_str": "3253962492"
            }
        ]
    },
    "extended_entities": {
        "media": [
            {
                "id": 1615572242795986944,
                "id_str": "1615572242795986944",
                "indices": [
                    56,
                    79
                ],
                "additional_media_info": {
                    "monetizable": false
                },
                "media_url": "http://pbs.twimg.com/ext_tw_video_thumb/1615572242795986944/pu/img/hmAzsInnXvRq2wik.jpg",
                "media_url_https": "https://pbs.twimg.com/ext_tw_video_thumb/1615572242795986944/pu/img/hmAzsInnXvRq2wik.jpg",
                "url": "https://t.co/lviX4xxkP6",
                "display_url": "pic.twitter.com/lviX4xxkP6",
                "expanded_url": "https://twitter.com/10SECVIDEOS/status/1615572277940084738/video/1",
                "type": "video",
                "video_info": {
                    "aspect_ratio": [
                        4,
                        5
                    ],
                    "duration_millis": 30066,
                    "variants": [
                        {
                            "content_type": "application/x-mpegURL",
                            "url": "https://video.twimg.com/ext_tw_video/1615572242795986944/pu/pl/4uDzwSALaU15sODL.m3u8?tag=12&container=fmp4"
                        },
                        {
                            "bitrate": 950000,
                            "content_type": "video/mp4",
                            "url": "https://video.twimg.com/ext_tw_video/1615572242795986944/pu/vid/480x600/j80ZA0hTt0FpYPF3.mp4?tag=12"
                        },
                        {
                            "bitrate": 2176000,
                            "content_type": "video/mp4",
                            "url": "https://video.twimg.com/ext_tw_video/1615572242795986944/pu/vid/576x720/vR6MXEdrCQjIe2ip.mp4?tag=12"
                        },
                        {
                            "bitrate": 632000,
                            "content_type": "video/mp4",
                            "url": "https://video.twimg.com/ext_tw_video/1615572242795986944/pu/vid/320x400/hMAlXNfefIVSOu9u.mp4?tag=12"
                        }
                    ]
                },
                "sizes": {
                    "thumb": {
                        "w": 150,
                        "h": 150,
                        "resize": "crop"
                    },
                    "small": {
                        "w": 544,
                        "h": 680,
                        "resize": "fit"
                    },
                    "medium": {
                        "w": 576,
                        "h": 720,
                        "resize": "fit"
                    },
                    "large": {
                        "w": 576,
                        "h": 720,
                        "resize": "fit"
                    }
                },
                "source_status_id": 1615572277940084738,
                "source_status_id_str": "1615572277940084738",
                "source_user_id": 3253962492,
                "source_user_id_str": "3253962492"
            }
        ]
    },
    "favorited": false,
    "retweeted": false,
    "possibly_sensitive": false,
    "filter_level": "low",
    "lang": "en",
    "timestamp_ms": "1674023867702"
}