{
    "created_at": "Wed Jan 18 06:37:42 +0000 2023",
    "id": 1615599292177342471,
    "id_str": "1615599292177342471",
    "text": "Diamond Cut Down,\nMere Gutt Utte Rollie Dekh bus Down\nU.K Karaan Touchdown, Karan Mayfair London Shutdown 🐐",
    "source": "<a href=\"http://twitter.com/download/iphone\" rel=\"nofollow\">Twitter for iPhone</a>",
    "truncated": false,
    "in_reply_to_status_id": null,
    "in_reply_to_status_id_str": null,
    "in_reply_to_user_id": null,
    "in_reply_to_user_id_str": null,
    "in_reply_to_screen_name": null,
    "user": {
        "id": 1221381782697725952,
        "id_str": "1221381782697725952",
        "name": "HH12",
        "screen_name": "Hip_hop_india12",
        "location": "India",
        "url": "https://openinapp.co/youtube/65953",
        "description": "Hiphop enthusiast, I just put my opinions, kindly unfollow if you don’t like :)",
        "translator_type": "none",
        "protected": false,
        "verified": false,
        "verified_type": "blue",
        "followers_count": 15353,
        "friends_count": 143,
        "listed_count": 8,
        "favourites_count": 17198,
        "statuses_count": 13602,
        "created_at": "Sun Jan 26 10:38:13 +0000 2020",
        "utc_offset": null,
        "time_zone": null,
        "geo_enabled": false,
        "lang": null,
        "contributors_enabled": false,
        "is_translator": false,
        "profile_background_color": "F5F8FA",
        "profile_background_image_url": "",
        "profile_background_image_url_https": "",
        "profile_background_tile": false,
        "profile_link_color": "1DA1F2",
        "profile_sidebar_border_color": "C0DEED",
        "profile_sidebar_fill_color": "DDEEF6",
        "profile_text_color": "333333",
        "profile_use_background_image": true,
        "profile_image_url": "http://pbs.twimg.com/profile_images/1544253140886704129/-naoaN1E_normal.jpg",
        "profile_image_url_https": "https://pbs.twimg.com/profile_images/1544253140886704129/-naoaN1E_normal.jpg",
        "profile_banner_url": "https://pbs.twimg.com/profile_banners/1221381782697725952/1668540807",
        "default_profile": true,
        "default_profile_image": false,
        "following": null,
        "follow_request_sent": null,
        "notifications": null,
        "withheld_in_countries": []
    },
    "geo": null,
    "coordinates": null,
    "place": null,
    "contributors": null,
    "is_quote_status": false,
    "quote_count": 0,
    "reply_count": 0,
    "retweet_count": 0,
    "favorite_count": 0,
    "entities": {
        "hashtags": [],
        "urls": [],
        "user_mentions": [],
        "symbols": []
    },
    "favorited": false,
    "retweeted": false,
    "filter_level": "low",
    "lang": "en",
    "timestamp_ms": "1674023862295"
}