{
    "created_at": "Wed Jan 18 06:37:49 +0000 2023",
    "id": 1615599324167131138,
    "id_str": "1615599324167131138",
    "text": "Alright, all the other things, wtf, but this, THIS, has me raging! You do not steal money raised for a veteran's do… https://t.co/ckrm8LtHPh",
    "source": "<a href=\"http://twitter.com/download/android\" rel=\"nofollow\">Twitter for Android</a>",
    "truncated": true,
    "in_reply_to_status_id": null,
    "in_reply_to_status_id_str": null,
    "in_reply_to_user_id": null,
    "in_reply_to_user_id_str": null,
    "in_reply_to_screen_name": null,
    "user": {
        "id": 123666052,
        "id_str": "123666052",
        "name": "Yenni Desroches 🐾🦓🏳️‍🌈",
        "screen_name": "yennidesroches",
        "location": "Worcester, MA",
        "url": "https://yenniforcouncil.com",
        "description": "Project Mgmt & Biz/Data Analytics\n@MAYoungDems Disability Caucus Political Director\nFormer Worcester City Council Dist 5 Candidate\n#Spoonie Ehler-Danlos\nShe/Her",
        "translator_type": "none",
        "protected": false,
        "verified": false,
        "verified_type": "blue",
        "followers_count": 1942,
        "friends_count": 3927,
        "listed_count": 0,
        "favourites_count": 32272,
        "statuses_count": 23666,
        "created_at": "Tue Mar 16 21:08:48 +0000 2010",
        "utc_offset": null,
        "time_zone": null,
        "geo_enabled": true,
        "lang": null,
        "contributors_enabled": false,
        "is_translator": false,
        "profile_background_color": "BADFCD",
        "profile_background_image_url": "http://abs.twimg.com/images/themes/theme12/bg.gif",
        "profile_background_image_url_https": "https://abs.twimg.com/images/themes/theme12/bg.gif",
        "profile_background_tile": false,
        "profile_link_color": "84D1D0",
        "profile_sidebar_border_color": "F2E195",
        "profile_sidebar_fill_color": "FFF7CC",
        "profile_text_color": "0C3E53",
        "profile_use_background_image": true,
        "profile_image_url": "http://pbs.twimg.com/profile_images/1455752280024797188/AralVRzC_normal.jpg",
        "profile_image_url_https": "https://pbs.twimg.com/profile_images/1455752280024797188/AralVRzC_normal.jpg",
        "profile_banner_url": "https://pbs.twimg.com/profile_banners/123666052/1635913365",
        "default_profile": false,
        "default_profile_image": false,
        "following": null,
        "follow_request_sent": null,
        "notifications": null,
        "withheld_in_countries": []
    },
    "geo": null,
    "coordinates": null,
    "place": null,
    "contributors": null,
    "quoted_status_id": 1615494258173034497,
    "quoted_status_id_str": "1615494258173034497",
    "quoted_status": {
        "created_at": "Tue Jan 17 23:40:20 +0000 2023",
        "id": 1615494258173034497,
        "id_str": "1615494258173034497",
        "text": "holy shit: texts obtained by @JSweetLI show george santos (née anthony devolder) set up a gofundme so the dog of di… https://t.co/2ZlTrzWw7O",
        "display_text_range": [
            0,
            140
        ],
        "source": "<a href=\"http://twitter.com/download/iphone\" rel=\"nofollow\">Twitter for iPhone</a>",
        "truncated": true,
        "in_reply_to_status_id": null,
        "in_reply_to_status_id_str": null,
        "in_reply_to_user_id": null,
        "in_reply_to_user_id_str": null,
        "in_reply_to_screen_name": null,
        "user": {
            "id": 30808826,
            "id_str": "30808826",
            "name": "Marisa Kabas",
            "screen_name": "MarisaKabas",
            "location": "Brooklyn, NY",
            "url": "https://thehandbasket.substack.com/",
            "description": "freelance writer/reporter • @msnbc columnist • 💌: MKwrites4000@proton.me",
            "translator_type": "none",
            "protected": false,
            "verified": true,
            "verified_type": "blue",
            "followers_count": 50705,
            "friends_count": 997,
            "listed_count": 525,
            "favourites_count": 51820,
            "statuses_count": 112531,
            "created_at": "Mon Apr 13 04:42:03 +0000 2009",
            "utc_offset": null,
            "time_zone": null,
            "geo_enabled": true,
            "lang": null,
            "contributors_enabled": false,
            "is_translator": false,
            "profile_background_color": "FFF04D",
            "profile_background_image_url": "http://abs.twimg.com/images/themes/theme19/bg.gif",
            "profile_background_image_url_https": "https://abs.twimg.com/images/themes/theme19/bg.gif",
            "profile_background_tile": true,
            "profile_link_color": "0099CC",
            "profile_sidebar_border_color": "FFFFFF",
            "profile_sidebar_fill_color": "F6FFD1",
            "profile_text_color": "333333",
            "profile_use_background_image": true,
            "profile_image_url": "http://pbs.twimg.com/profile_images/1613327785329672192/AqButz_H_normal.jpg",
            "profile_image_url_https": "https://pbs.twimg.com/profile_images/1613327785329672192/AqButz_H_normal.jpg",
            "profile_banner_url": "https://pbs.twimg.com/profile_banners/30808826/1375938280",
            "default_profile": false,
            "default_profile_image": false,
            "following": null,
            "follow_request_sent": null,
            "notifications": null,
            "withheld_in_countries": []
        },
        "geo": null,
        "coordinates": null,
        "place": null,
        "contributors": null,
        "is_quote_status": false,
        "extended_tweet": {
            "full_text": "holy shit: texts obtained by @JSweetLI show george santos (née anthony devolder) set up a gofundme so the dog of disabled veteran could get a life-threatening tumor removed. santos took the $3,000 raised and disappeared. the dog died.\n\nhttps://t.co/vzhbsbTMMk https://t.co/6HENiodgyq",
            "display_text_range": [
                0,
                259
            ],
            "entities": {
                "hashtags": [],
                "urls": [
                    {
                        "url": "https://t.co/vzhbsbTMMk",
                        "expanded_url": "https://patch.com/new-york/oysterbay/disabled-veteran-george-santos-took-3k-dying-dogs-gofundme",
                        "display_url": "patch.com/new-york/oyste…",
                        "indices": [
                            236,
                            259
                        ]
                    }
                ],
                "user_mentions": [
                    {
                        "screen_name": "JSweetLI",
                        "name": "Jacqueline Sweet",
                        "id": 1579521828128800772,
                        "id_str": "1579521828128800772",
                        "indices": [
                            29,
                            38
                        ]
                    }
                ],
                "symbols": [],
                "media": [
                    {
                        "id": 1615494253890748418,
                        "id_str": "1615494253890748418",
                        "indices": [
                            260,
                            283
                        ],
                        "media_url": "http://pbs.twimg.com/media/FmtjdvPXwAIQ4-Z.jpg",
                        "media_url_https": "https://pbs.twimg.com/media/FmtjdvPXwAIQ4-Z.jpg",
                        "url": "https://t.co/6HENiodgyq",
                        "display_url": "pic.twitter.com/6HENiodgyq",
                        "expanded_url": "https://twitter.com/MarisaKabas/status/1615494258173034497/photo/1",
                        "type": "photo",
                        "sizes": {
                            "medium": {
                                "w": 785,
                                "h": 1200,
                                "resize": "fit"
                            },
                            "thumb": {
                                "w": 150,
                                "h": 150,
                                "resize": "crop"
                            },
                            "large": {
                                "w": 1170,
                                "h": 1788,
                                "resize": "fit"
                            },
                            "small": {
                                "w": 445,
                                "h": 680,
                                "resize": "fit"
                            }
                        }
                    }
                ]
            },
            "extended_entities": {
                "media": [
                    {
                        "id": 1615494253890748418,
                        "id_str": "1615494253890748418",
                        "indices": [
                            260,
                            283
                        ],
                        "media_url": "http://pbs.twimg.com/media/FmtjdvPXwAIQ4-Z.jpg",
                        "media_url_https": "https://pbs.twimg.com/media/FmtjdvPXwAIQ4-Z.jpg",
                        "url": "https://t.co/6HENiodgyq",
                        "display_url": "pic.twitter.com/6HENiodgyq",
                        "expanded_url": "https://twitter.com/MarisaKabas/status/1615494258173034497/photo/1",
                        "type": "photo",
                        "sizes": {
                            "medium": {
                                "w": 785,
                                "h": 1200,
                                "resize": "fit"
                            },
                            "thumb": {
                                "w": 150,
                                "h": 150,
                                "resize": "crop"
                            },
                            "large": {
                                "w": 1170,
                                "h": 1788,
                                "resize": "fit"
                            },
                            "small": {
                                "w": 445,
                                "h": 680,
                                "resize": "fit"
                            }
                        }
                    }
                ]
            }
        },
        "quote_count": 904,
        "reply_count": 345,
        "retweet_count": 3541,
        "favorite_count": 11364,
        "entities": {
            "hashtags": [],
            "urls": [
                {
                    "url": "https://t.co/2ZlTrzWw7O",
                    "expanded_url": "https://twitter.com/i/web/status/1615494258173034497",
                    "display_url": "twitter.com/i/web/status/1…",
                    "indices": [
                        117,
                        140
                    ]
                }
            ],
            "user_mentions": [
                {
                    "screen_name": "JSweetLI",
                    "name": "Jacqueline Sweet",
                    "id": 1579521828128800772,
                    "id_str": "1579521828128800772",
                    "indices": [
                        29,
                        38
                    ]
                }
            ],
            "symbols": []
        },
        "favorited": false,
        "retweeted": false,
        "possibly_sensitive": false,
        "filter_level": "low",
        "lang": "en"
    },
    "quoted_status_permalink": {
        "url": "https://t.co/BWErW4lrt7",
        "expanded": "https://twitter.com/MarisaKabas/status/1615494258173034497",
        "display": "twitter.com/MarisaKabas/st…"
    },
    "is_quote_status": true,
    "extended_tweet": {
        "full_text": "Alright, all the other things, wtf, but this, THIS, has me raging! You do not steal money raised for a veteran's dog. NO!",
        "display_text_range": [
            0,
            121
        ],
        "entities": {
            "hashtags": [],
            "urls": [],
            "user_mentions": [],
            "symbols": []
        }
    },
    "quote_count": 0,
    "reply_count": 0,
    "retweet_count": 0,
    "favorite_count": 0,
    "entities": {
        "hashtags": [],
        "urls": [
            {
                "url": "https://t.co/ckrm8LtHPh",
                "expanded_url": "https://twitter.com/i/web/status/1615599324167131138",
                "display_url": "twitter.com/i/web/status/1…",
                "indices": [
                    117,
                    140
                ]
            }
        ],
        "user_mentions": [],
        "symbols": []
    },
    "favorited": false,
    "retweeted": false,
    "filter_level": "low",
    "lang": "en",
    "timestamp_ms": "1674023869922"
}