{
    "created_at": "Wed Jan 18 06:37:48 +0000 2023",
    "id": 1615599318588706819,
    "id_str": "1615599318588706819",
    "text": "RT @Kevin_Maguire: Brexit would never have happened if public service anti-union ballot laws imposed by the Tories on teachers, rail worker…",
    "source": "<a href=\"http://twitter.com/download/iphone\" rel=\"nofollow\">Twitter for iPhone</a>",
    "truncated": false,
    "in_reply_to_status_id": null,
    "in_reply_to_status_id_str": null,
    "in_reply_to_user_id": null,
    "in_reply_to_user_id_str": null,
    "in_reply_to_screen_name": null,
    "user": {
        "id": 1287075144993779714,
        "id_str": "1287075144993779714",
        "name": "zen",
        "screen_name": "zen38563088",
        "location": null,
        "url": null,
        "description": "Zen Buddhist monk and lecturer",
        "translator_type": "none",
        "protected": false,
        "verified": false,
        "verified_type": "blue",
        "followers_count": 131,
        "friends_count": 393,
        "listed_count": 1,
        "favourites_count": 1003,
        "statuses_count": 5319,
        "created_at": "Sat Jul 25 17:20:26 +0000 2020",
        "utc_offset": null,
        "time_zone": null,
        "geo_enabled": true,
        "lang": null,
        "contributors_enabled": false,
        "is_translator": false,
        "profile_background_color": "F5F8FA",
        "profile_background_image_url": "",
        "profile_background_image_url_https": "",
        "profile_background_tile": false,
        "profile_link_color": "1DA1F2",
        "profile_sidebar_border_color": "C0DEED",
        "profile_sidebar_fill_color": "DDEEF6",
        "profile_text_color": "333333",
        "profile_use_background_image": true,
        "profile_image_url": "http://abs.twimg.com/sticky/default_profile_images/default_profile_normal.png",
        "profile_image_url_https": "https://abs.twimg.com/sticky/default_profile_images/default_profile_normal.png",
        "default_profile": true,
        "default_profile_image": false,
        "following": null,
        "follow_request_sent": null,
        "notifications": null,
        "withheld_in_countries": []
    },
    "geo": null,
    "coordinates": null,
    "place": null,
    "contributors": null,
    "retweeted_status": {
        "created_at": "Mon Jan 16 17:46:17 +0000 2023",
        "id": 1615042770380406784,
        "id_str": "1615042770380406784",
        "text": "Brexit would never have happened if public service anti-union ballot laws imposed by the Tories on teachers, rail w… https://t.co/hcwOoPQpVJ",
        "source": "<a href=\"https://mobile.twitter.com\" rel=\"nofollow\">Twitter Web App</a>",
        "truncated": true,
        "in_reply_to_status_id": null,
        "in_reply_to_status_id_str": null,
        "in_reply_to_user_id": null,
        "in_reply_to_user_id_str": null,
        "in_reply_to_screen_name": null,
        "user": {
            "id": 60886384,
            "id_str": "60886384",
            "name": "Kevin Maguire",
            "screen_name": "Kevin_Maguire",
            "location": null,
            "url": null,
            "description": "@DailyMirror associate editor. @NewStatesman columnist. @GMB commentator. @sunderlanduni visiting prof. Northerner in the South.",
            "translator_type": "none",
            "protected": false,
            "verified": true,
            "verified_type": "blue",
            "followers_count": 335802,
            "friends_count": 202,
            "listed_count": 2778,
            "favourites_count": 6,
            "statuses_count": 40231,
            "created_at": "Tue Jul 28 12:10:29 +0000 2009",
            "utc_offset": null,
            "time_zone": null,
            "geo_enabled": false,
            "lang": null,
            "contributors_enabled": false,
            "is_translator": false,
            "profile_background_color": "9AE4E8",
            "profile_background_image_url": "http://abs.twimg.com/images/themes/theme16/bg.gif",
            "profile_background_image_url_https": "https://abs.twimg.com/images/themes/theme16/bg.gif",
            "profile_background_tile": false,
            "profile_link_color": "0084B4",
            "profile_sidebar_border_color": "BDDCAD",
            "profile_sidebar_fill_color": "DDFFCC",
            "profile_text_color": "333333",
            "profile_use_background_image": false,
            "profile_image_url": "http://pbs.twimg.com/profile_images/1287330886262886401/suEK3sCC_normal.jpg",
            "profile_image_url_https": "https://pbs.twimg.com/profile_images/1287330886262886401/suEK3sCC_normal.jpg",
            "profile_banner_url": "https://pbs.twimg.com/profile_banners/60886384/1582977646",
            "default_profile": false,
            "default_profile_image": false,
            "following": null,
            "follow_request_sent": null,
            "notifications": null,
            "withheld_in_countries": []
        },
        "geo": null,
        "coordinates": null,
        "place": null,
        "contributors": null,
        "is_quote_status": false,
        "extended_tweet": {
            "full_text": "Brexit would never have happened if public service anti-union ballot laws imposed by the Tories on teachers, rail workers, nurses, etc had applied.\n\nThe 51.9% Out vote on a 72.2% turnout was only 37.5% of the electorate, below the 40% threshold demanded for workers to strike.",
            "display_text_range": [
                0,
                276
            ],
            "entities": {
                "hashtags": [],
                "urls": [],
                "user_mentions": [],
                "symbols": []
            }
        },
        "quote_count": 31,
        "reply_count": 153,
        "retweet_count": 983,
        "favorite_count": 3744,
        "entities": {
            "hashtags": [],
            "urls": [
                {
                    "url": "https://t.co/hcwOoPQpVJ",
                    "expanded_url": "https://twitter.com/i/web/status/1615042770380406784",
                    "display_url": "twitter.com/i/web/status/1…",
                    "indices": [
                        117,
                        140
                    ]
                }
            ],
            "user_mentions": [],
            "symbols": []
        },
        "favorited": false,
        "retweeted": false,
        "filter_level": "low",
        "lang": "en"
    },
    "is_quote_status": false,
    "quote_count": 0,
    "reply_count": 0,
    "retweet_count": 0,
    "favorite_count": 0,
    "entities": {
        "hashtags": [],
        "urls": [],
        "user_mentions": [
            {
                "screen_name": "Kevin_Maguire",
                "name": "Kevin Maguire",
                "id": 60886384,
                "id_str": "60886384",
                "indices": [
                    3,
                    17
                ]
            }
        ],
        "symbols": []
    },
    "favorited": false,
    "retweeted": false,
    "filter_level": "low",
    "lang": "en",
    "timestamp_ms": "1674023868592"
}