{
    "created_at": "Wed Jan 18 06:37:52 +0000 2023",
    "id": 1615599333944037377,
    "id_str": "1615599333944037377",
    "text": "RT @murdo_fraser: Don’t watch Westminster debates often but, my, these SNP MPs are just embarrassingly poor quality",
    "source": "<a href=\"http://twitter.com/download/iphone\" rel=\"nofollow\">Twitter for iPhone</a>",
    "truncated": false,
    "in_reply_to_status_id": null,
    "in_reply_to_status_id_str": null,
    "in_reply_to_user_id": null,
    "in_reply_to_user_id_str": null,
    "in_reply_to_screen_name": null,
    "user": {
        "id": 1599486210728140800,
        "id_str": "1599486210728140800",
        "name": "Caribbean Brexiteer",
        "screen_name": "Caribbrexiteer",
        "location": "United Kingdom",
        "url": null,
        "description": "MEGA  Make England Great Again",
        "translator_type": "none",
        "protected": false,
        "verified": false,
        "verified_type": "blue",
        "followers_count": 196,
        "friends_count": 343,
        "listed_count": 4,
        "favourites_count": 2094,
        "statuses_count": 1732,
        "created_at": "Sun Dec 04 19:30:19 +0000 2022",
        "utc_offset": null,
        "time_zone": null,
        "geo_enabled": false,
        "lang": null,
        "contributors_enabled": false,
        "is_translator": false,
        "profile_background_color": "F5F8FA",
        "profile_background_image_url": "",
        "profile_background_image_url_https": "",
        "profile_background_tile": false,
        "profile_link_color": "1DA1F2",
        "profile_sidebar_border_color": "C0DEED",
        "profile_sidebar_fill_color": "DDEEF6",
        "profile_text_color": "333333",
        "profile_use_background_image": true,
        "profile_image_url": "http://pbs.twimg.com/profile_images/1602006295762141185/iN5qXgvQ_normal.jpg",
        "profile_image_url_https": "https://pbs.twimg.com/profile_images/1602006295762141185/iN5qXgvQ_normal.jpg",
        "profile_banner_url": "https://pbs.twimg.com/profile_banners/1599486210728140800/1670783050",
        "default_profile": true,
        "default_profile_image": false,
        "following": null,
        "follow_request_sent": null,
        "notifications": null,
        "withheld_in_countries": []
    },
    "geo": null,
    "coordinates": null,
    "place": null,
    "contributors": null,
    "retweeted_status": {
        "created_at": "Tue Jan 17 14:55:45 +0000 2023",
        "id": 1615362243213803521,
        "id_str": "1615362243213803521",
        "text": "Don’t watch Westminster debates often but, my, these SNP MPs are just embarrassingly poor quality",
        "source": "<a href=\"http://twitter.com/download/iphone\" rel=\"nofollow\">Twitter for iPhone</a>",
        "truncated": false,
        "in_reply_to_status_id": null,
        "in_reply_to_status_id_str": null,
        "in_reply_to_user_id": null,
        "in_reply_to_user_id_str": null,
        "in_reply_to_screen_name": null,
        "user": {
            "id": 365037094,
            "id_str": "365037094",
            "name": "Murdo Fraser",
            "screen_name": "murdo_fraser",
            "location": "Perth, Scotland",
            "url": "http://www.murdofraser.uk",
            "description": "MSP for Mid-Scotland & Fife, @ScotTories Covid Recovery spokesman. Don’t receive notifications, so if a constituent contact murdo.fraser.msp@parliament.scot.",
            "translator_type": "none",
            "protected": false,
            "verified": true,
            "verified_type": "blue",
            "followers_count": 40424,
            "friends_count": 820,
            "listed_count": 361,
            "favourites_count": 12215,
            "statuses_count": 44084,
            "created_at": "Tue Aug 30 19:13:56 +0000 2011",
            "utc_offset": null,
            "time_zone": null,
            "geo_enabled": false,
            "lang": null,
            "contributors_enabled": false,
            "is_translator": false,
            "profile_background_color": "9AD1ED",
            "profile_background_image_url": "http://abs.twimg.com/images/themes/theme1/bg.png",
            "profile_background_image_url_https": "https://abs.twimg.com/images/themes/theme1/bg.png",
            "profile_background_tile": false,
            "profile_link_color": "0084B4",
            "profile_sidebar_border_color": "C0DEED",
            "profile_sidebar_fill_color": "DDEEF6",
            "profile_text_color": "333333",
            "profile_use_background_image": false,
            "profile_image_url": "http://pbs.twimg.com/profile_images/638985651820621824/fSoUxG6Z_normal.jpg",
            "profile_image_url_https": "https://pbs.twimg.com/profile_images/638985651820621824/fSoUxG6Z_normal.jpg",
            "profile_banner_url": "https://pbs.twimg.com/profile_banners/365037094/1661197162",
            "default_profile": false,
            "default_profile_image": false,
            "following": null,
            "follow_request_sent": null,
            "notifications": null,
            "withheld_in_countries": []
        },
        "geo": null,
        "coordinates": null,
        "place": null,
        "contributors": null,
        "is_quote_status": false,
        "quote_count": 40,
        "reply_count": 597,
        "retweet_count": 294,
        "favorite_count": 3457,
        "entities": {
            "hashtags": [],
            "urls": [],
            "user_mentions": [],
            "symbols": []
        },
        "favorited": false,
        "retweeted": false,
        "filter_level": "low",
        "lang": "en"
    },
    "is_quote_status": false,
    "quote_count": 0,
    "reply_count": 0,
    "retweet_count": 0,
    "favorite_count": 0,
    "entities": {
        "hashtags": [],
        "urls": [],
        "user_mentions": [
            {
                "screen_name": "murdo_fraser",
                "name": "Murdo Fraser",
                "id": 365037094,
                "id_str": "365037094",
                "indices": [
                    3,
                    16
                ]
            }
        ],
        "symbols": []
    },
    "favorited": false,
    "retweeted": false,
    "filter_level": "low",
    "lang": "en",
    "timestamp_ms": "1674023872253"
}