{
    "created_at": "Wed Jan 18 06:37:42 +0000 2023",
    "id": 1615599293758406657,
    "id_str": "1615599293758406657",
    "text": "\"The aim of the Leave campaign had been to \"give power to Westminster, not to Whitehall\", [David Davies] told the B… https://t.co/rKyV7REAT1",
    "source": "<a href=\"http://twitter.com/download/iphone\" rel=\"nofollow\">Twitter for iPhone</a>",
    "truncated": true,
    "in_reply_to_status_id": null,
    "in_reply_to_status_id_str": null,
    "in_reply_to_user_id": null,
    "in_reply_to_user_id_str": null,
    "in_reply_to_screen_name": null,
    "user": {
        "id": 93074234,
        "id_str": "93074234",
        "name": "Ed 🌐 #NotMovingOn",
        "screen_name": "edrobson76",
        "location": null,
        "url": null,
        "description": null,
        "translator_type": "none",
        "protected": false,
        "verified": false,
        "verified_type": "blue",
        "followers_count": 124,
        "friends_count": 625,
        "listed_count": 0,
        "favourites_count": 4958,
        "statuses_count": 1214,
        "created_at": "Fri Nov 27 23:41:03 +0000 2009",
        "utc_offset": null,
        "time_zone": null,
        "geo_enabled": true,
        "lang": null,
        "contributors_enabled": false,
        "is_translator": false,
        "profile_background_color": "C0DEED",
        "profile_background_image_url": "http://abs.twimg.com/images/themes/theme1/bg.png",
        "profile_background_image_url_https": "https://abs.twimg.com/images/themes/theme1/bg.png",
        "profile_background_tile": false,
        "profile_link_color": "1DA1F2",
        "profile_sidebar_border_color": "C0DEED",
        "profile_sidebar_fill_color": "DDEEF6",
        "profile_text_color": "333333",
        "profile_use_background_image": true,
        "profile_image_url": "http://pbs.twimg.com/profile_images/1478744123620438019/f5h2XfNh_normal.jpg",
        "profile_image_url_https": "https://pbs.twimg.com/profile_images/1478744123620438019/f5h2XfNh_normal.jpg",
        "profile_banner_url": "https://pbs.twimg.com/profile_banners/93074234/1642093715",
        "default_profile": true,
        "default_profile_image": false,
        "following": null,
        "follow_request_sent": null,
        "notifications": null,
        "withheld_in_countries": []
    },
    "geo": null,
    "coordinates": null,
    "place": null,
    "contributors": null,
    "is_quote_status": false,
    "extended_tweet": {
        "full_text": "\"The aim of the Leave campaign had been to \"give power to Westminster, not to Whitehall\", [David Davies] told the BBC\"\n\nReally it was to stir up voters' xenophobia in an effort to get them to vote against their interests, helping the rich. #brexithasfailed https://t.co/js9q6uyeju",
        "display_text_range": [
            0,
            280
        ],
        "entities": {
            "hashtags": [
                {
                    "text": "brexithasfailed",
                    "indices": [
                        240,
                        256
                    ]
                }
            ],
            "urls": [
                {
                    "url": "https://t.co/js9q6uyeju",
                    "expanded_url": "https://www.bbc.co.uk/news/uk-politics-64294885",
                    "display_url": "bbc.co.uk/news/uk-politi…",
                    "indices": [
                        257,
                        280
                    ]
                }
            ],
            "user_mentions": [],
            "symbols": []
        }
    },
    "quote_count": 0,
    "reply_count": 0,
    "retweet_count": 0,
    "favorite_count": 0,
    "entities": {
        "hashtags": [],
        "urls": [
            {
                "url": "https://t.co/rKyV7REAT1",
                "expanded_url": "https://twitter.com/i/web/status/1615599293758406657",
                "display_url": "twitter.com/i/web/status/1…",
                "indices": [
                    117,
                    140
                ]
            }
        ],
        "user_mentions": [],
        "symbols": []
    },
    "favorited": false,
    "retweeted": false,
    "possibly_sensitive": false,
    "filter_level": "low",
    "lang": "en",
    "timestamp_ms": "1674023862672"
}