{
    "created_at": "Wed Jan 18 06:37:50 +0000 2023",
    "id": 1615599325932920833,
    "id_str": "1615599325932920833",
    "text": "RT @bobmca1: More classified documents found at Joe Biden's home as political storm builds https://t.co/yXVpQm3JTR",
    "source": "<a href=\"http://twitter.com/download/iphone\" rel=\"nofollow\">Twitter for iPhone</a>",
    "truncated": false,
    "in_reply_to_status_id": null,
    "in_reply_to_status_id_str": null,
    "in_reply_to_user_id": null,
    "in_reply_to_user_id_str": null,
    "in_reply_to_screen_name": null,
    "user": {
        "id": 177904568,
        "id_str": "177904568",
        "name": "GGM Strength",
        "screen_name": "ggmstrength",
        "location": "ENGLAND",
        "url": null,
        "description": "PC brigade have destroyed this country.immigration out of control.stuff the EU. tweets from all over welcome. my tweets are my thoughts only",
        "translator_type": "none",
        "protected": false,
        "verified": false,
        "verified_type": "blue",
        "followers_count": 2119,
        "friends_count": 2005,
        "listed_count": 49,
        "favourites_count": 95365,
        "statuses_count": 88422,
        "created_at": "Fri Aug 13 10:41:17 +0000 2010",
        "utc_offset": null,
        "time_zone": null,
        "geo_enabled": true,
        "lang": null,
        "contributors_enabled": false,
        "is_translator": false,
        "profile_background_color": "BADFCD",
        "profile_background_image_url": "http://abs.twimg.com/images/themes/theme12/bg.gif",
        "profile_background_image_url_https": "https://abs.twimg.com/images/themes/theme12/bg.gif",
        "profile_background_tile": false,
        "profile_link_color": "FF0000",
        "profile_sidebar_border_color": "F2E195",
        "profile_sidebar_fill_color": "FFF7CC",
        "profile_text_color": "0C3E53",
        "profile_use_background_image": true,
        "profile_image_url": "http://pbs.twimg.com/profile_images/1390185301906165760/MszPLJh-_normal.jpg",
        "profile_image_url_https": "https://pbs.twimg.com/profile_images/1390185301906165760/MszPLJh-_normal.jpg",
        "profile_banner_url": "https://pbs.twimg.com/profile_banners/177904568/1357978639",
        "default_profile": false,
        "default_profile_image": false,
        "following": null,
        "follow_request_sent": null,
        "notifications": null,
        "withheld_in_countries": []
    },
    "geo": null,
    "coordinates": null,
    "place": null,
    "contributors": null,
    "retweeted_status": {
        "created_at": "Sun Jan 15 09:19:05 +0000 2023",
        "id": 1614552743942692865,
        "id_str": "1614552743942692865",
        "text": "More classified documents found at Joe Biden's home as political storm builds https://t.co/yXVpQm3JTR",
        "source": "<a href=\"http://twitter.com/download/iphone\" rel=\"nofollow\">Twitter for iPhone</a>",
        "truncated": false,
        "in_reply_to_status_id": null,
        "in_reply_to_status_id_str": null,
        "in_reply_to_user_id": null,
        "in_reply_to_user_id_str": null,
        "in_reply_to_screen_name": null,
        "user": {
            "id": 19498498,
            "id_str": "19498498",
            "name": "Bob M 🇬🇧💫",
            "screen_name": "bobmca1",
            "location": "Scotland, UK",
            "url": "https://gettr.com/user/bobmca1",
            "description": "🏴󠁧󠁢󠁳󠁣󠁴󠁿/🇬🇧. 👍 🇺🇸 🇮🇱 🇨🇦 🇦🇺 🇩🇪 ⚽️ 🍃 📸. 👎 SNP, ❄️, MSM, PC, Net Zero, Wokerati, EU (≠ Europe). Follow, RTs + ❤️ ≠ agree/like. TS: @Bob_M007",
            "translator_type": "none",
            "protected": false,
            "verified": false,
            "verified_type": "blue",
            "followers_count": 41108,
            "friends_count": 24089,
            "listed_count": 33,
            "favourites_count": 220003,
            "statuses_count": 139443,
            "created_at": "Sun Jan 25 18:33:42 +0000 2009",
            "utc_offset": null,
            "time_zone": null,
            "geo_enabled": true,
            "lang": null,
            "contributors_enabled": false,
            "is_translator": false,
            "profile_background_color": "C0DEED",
            "profile_background_image_url": "http://abs.twimg.com/images/themes/theme1/bg.png",
            "profile_background_image_url_https": "https://abs.twimg.com/images/themes/theme1/bg.png",
            "profile_background_tile": false,
            "profile_link_color": "1DA1F2",
            "profile_sidebar_border_color": "C0DEED",
            "profile_sidebar_fill_color": "DDEEF6",
            "profile_text_color": "333333",
            "profile_use_background_image": true,
            "profile_image_url": "http://pbs.twimg.com/profile_images/1609754959871971328/eA8EUAJ7_normal.jpg",
            "profile_image_url_https": "https://pbs.twimg.com/profile_images/1609754959871971328/eA8EUAJ7_normal.jpg",
            "profile_banner_url": "https://pbs.twimg.com/profile_banners/19498498/1672630548",
            "default_profile": true,
            "default_profile_image": false,
            "following": null,
            "follow_request_sent": null,
            "notifications": null,
            "withheld_in_countries": []
        },
        "geo": null,
        "coordinates": null,
        "place": null,
        "contributors": null,
        "is_quote_status": false,
        "quote_count": 1,
        "reply_count": 4,
        "retweet_count": 16,
        "favorite_count": 33,
        "entities": {
            "hashtags": [],
            "urls": [
                {
                    "url": "https://t.co/yXVpQm3JTR",
                    "expanded_url": "https://www.express.co.uk/news/us/1721429/joe-biden-classified-documents-delaware-home-dxus-1721429",
                    "display_url": "express.co.uk/news/us/172142…",
                    "indices": [
                        78,
                        101
                    ]
                }
            ],
            "user_mentions": [],
            "symbols": []
        },
        "favorited": false,
        "retweeted": false,
        "possibly_sensitive": false,
        "filter_level": "low",
        "lang": "en"
    },
    "is_quote_status": false,
    "quote_count": 0,
    "reply_count": 0,
    "retweet_count": 0,
    "favorite_count": 0,
    "entities": {
        "hashtags": [],
        "urls": [
            {
                "url": "https://t.co/yXVpQm3JTR",
                "expanded_url": "https://www.express.co.uk/news/us/1721429/joe-biden-classified-documents-delaware-home-dxus-1721429",
                "display_url": "express.co.uk/news/us/172142…",
                "indices": [
                    91,
                    114
                ]
            }
        ],
        "user_mentions": [
            {
                "screen_name": "bobmca1",
                "name": "Bob M 🇬🇧💫",
                "id": 19498498,
                "id_str": "19498498",
                "indices": [
                    3,
                    11
                ]
            }
        ],
        "symbols": []
    },
    "favorited": false,
    "retweeted": false,
    "possibly_sensitive": false,
    "filter_level": "low",
    "lang": "en",
    "timestamp_ms": "1674023870343"
}