{
    "created_at": "Wed Jan 18 06:37:51 +0000 2023",
    "id": 1615599332438204417,
    "id_str": "1615599332438204417",
    "text": "RT @YvetteCooperMP: Suella Braverman's response to David Carrick case was shamefully weak &amp; lacking in leadership. \n\nNothing to raise stand…",
    "source": "<a href=\"http://twitter.com/download/android\" rel=\"nofollow\">Twitter for Android</a>",
    "truncated": false,
    "in_reply_to_status_id": null,
    "in_reply_to_status_id_str": null,
    "in_reply_to_user_id": null,
    "in_reply_to_user_id_str": null,
    "in_reply_to_screen_name": null,
    "user": {
        "id": 1547495585409900546,
        "id_str": "1547495585409900546",
        "name": "TheDruid_2025",
        "screen_name": "2025Thedruid",
        "location": "Andromeda",
        "url": null,
        "description": "Proud Remainer/20yr tradie-Handy with 🪛🪚🔨\nCan build stuff.\n#FBPE\n#EU\n#REJOIN \n#BREXITFAILED\n#TORIESOUT\nBuilding new Friends \nBanned for calling Mogg a ****",
        "translator_type": "none",
        "protected": false,
        "verified": false,
        "verified_type": "blue",
        "followers_count": 553,
        "friends_count": 879,
        "listed_count": 0,
        "favourites_count": 2054,
        "statuses_count": 1900,
        "created_at": "Thu Jul 14 08:18:09 +0000 2022",
        "utc_offset": null,
        "time_zone": null,
        "geo_enabled": false,
        "lang": null,
        "contributors_enabled": false,
        "is_translator": false,
        "profile_background_color": "F5F8FA",
        "profile_background_image_url": "",
        "profile_background_image_url_https": "",
        "profile_background_tile": false,
        "profile_link_color": "1DA1F2",
        "profile_sidebar_border_color": "C0DEED",
        "profile_sidebar_fill_color": "DDEEF6",
        "profile_text_color": "333333",
        "profile_use_background_image": true,
        "profile_image_url": "http://pbs.twimg.com/profile_images/1613794608281952258/_KW5WVwX_normal.jpg",
        "profile_image_url_https": "https://pbs.twimg.com/profile_images/1613794608281952258/_KW5WVwX_normal.jpg",
        "profile_banner_url": "https://pbs.twimg.com/profile_banners/1547495585409900546/1672307294",
        "default_profile": true,
        "default_profile_image": false,
        "following": null,
        "follow_request_sent": null,
        "notifications": null,
        "withheld_in_countries": []
    },
    "geo": null,
    "coordinates": null,
    "place": null,
    "contributors": null,
    "retweeted_status": {
        "created_at": "Tue Jan 17 14:52:34 +0000 2023",
        "id": 1615361444270473218,
        "id_str": "1615361444270473218",
        "text": "Suella Braverman's response to David Carrick case was shamefully weak &amp; lacking in leadership. \n\nNothing to raise s… https://t.co/tjhxIbY0QG",
        "display_text_range": [
            0,
            140
        ],
        "source": "<a href=\"http://twitter.com/download/iphone\" rel=\"nofollow\">Twitter for iPhone</a>",
        "truncated": true,
        "in_reply_to_status_id": null,
        "in_reply_to_status_id_str": null,
        "in_reply_to_user_id": null,
        "in_reply_to_user_id_str": null,
        "in_reply_to_screen_name": null,
        "user": {
            "id": 328634628,
            "id_str": "328634628",
            "name": "Yvette Cooper",
            "screen_name": "YvetteCooperMP",
            "location": "Castleford, West Yorkshire",
            "url": "http://www.yvettecooper.com",
            "description": "Labour MP for Normanton, Pontefract, Castleford & Knottingley. For constituency casework pls contact coopery@parliament.uk",
            "translator_type": "none",
            "protected": false,
            "verified": true,
            "verified_type": "blue",
            "followers_count": 423003,
            "friends_count": 931,
            "listed_count": 2270,
            "favourites_count": 60,
            "statuses_count": 11030,
            "created_at": "Sun Jul 03 18:59:51 +0000 2011",
            "utc_offset": null,
            "time_zone": null,
            "geo_enabled": false,
            "lang": null,
            "contributors_enabled": false,
            "is_translator": false,
            "profile_background_color": "C0DEED",
            "profile_background_image_url": "http://abs.twimg.com/images/themes/theme1/bg.png",
            "profile_background_image_url_https": "https://abs.twimg.com/images/themes/theme1/bg.png",
            "profile_background_tile": false,
            "profile_link_color": "1DA1F2",
            "profile_sidebar_border_color": "C0DEED",
            "profile_sidebar_fill_color": "DDEEF6",
            "profile_text_color": "333333",
            "profile_use_background_image": true,
            "profile_image_url": "http://pbs.twimg.com/profile_images/598844620651495424/WrQ1Je4g_normal.jpg",
            "profile_image_url_https": "https://pbs.twimg.com/profile_images/598844620651495424/WrQ1Je4g_normal.jpg",
            "profile_banner_url": "https://pbs.twimg.com/profile_banners/328634628/1663789693",
            "default_profile": true,
            "default_profile_image": false,
            "following": null,
            "follow_request_sent": null,
            "notifications": null,
            "withheld_in_countries": []
        },
        "geo": null,
        "coordinates": null,
        "place": null,
        "contributors": null,
        "is_quote_status": false,
        "extended_tweet": {
            "full_text": "Suella Braverman's response to David Carrick case was shamefully weak &amp; lacking in leadership. \n\nNothing to raise standards. \n\nJust re-announcing existing reviews.\n\nEven where police act on misogyny she dismisses them as “woke”\n\nLabour will bring in new compulsory legal standards https://t.co/MJ1AmaGf7u",
            "display_text_range": [
                0,
                284
            ],
            "entities": {
                "hashtags": [],
                "urls": [],
                "user_mentions": [],
                "symbols": [],
                "media": [
                    {
                        "id": 1615361344907186179,
                        "id_str": "1615361344907186179",
                        "indices": [
                            285,
                            308
                        ],
                        "additional_media_info": {
                            "monetizable": false
                        },
                        "media_url": "http://pbs.twimg.com/ext_tw_video_thumb/1615361344907186179/pu/img/UqKaCMXguEkaky4w.jpg",
                        "media_url_https": "https://pbs.twimg.com/ext_tw_video_thumb/1615361344907186179/pu/img/UqKaCMXguEkaky4w.jpg",
                        "url": "https://t.co/MJ1AmaGf7u",
                        "display_url": "pic.twitter.com/MJ1AmaGf7u",
                        "expanded_url": "https://twitter.com/YvetteCooperMP/status/1615361444270473218/video/1",
                        "type": "video",
                        "video_info": {
                            "aspect_ratio": [
                                16,
                                9
                            ],
                            "duration_millis": 107026,
                            "variants": [
                                {
                                    "bitrate": 256000,
                                    "content_type": "video/mp4",
                                    "url": "https://video.twimg.com/ext_tw_video/1615361344907186179/pu/vid/480x270/S-tldbfISOxgJhyM.mp4?tag=12"
                                },
                                {
                                    "bitrate": 2176000,
                                    "content_type": "video/mp4",
                                    "url": "https://video.twimg.com/ext_tw_video/1615361344907186179/pu/vid/1024x576/z-JG77bIoTnDcTJr.mp4?tag=12"
                                },
                                {
                                    "content_type": "application/x-mpegURL",
                                    "url": "https://video.twimg.com/ext_tw_video/1615361344907186179/pu/pl/Ay8El53Xzqahqk1T.m3u8?tag=12&container=fmp4"
                                },
                                {
                                    "bitrate": 832000,
                                    "content_type": "video/mp4",
                                    "url": "https://video.twimg.com/ext_tw_video/1615361344907186179/pu/vid/640x360/xHnmuUHm7luiszMv.mp4?tag=12"
                                }
                            ]
                        },
                        "sizes": {
                            "medium": {
                                "w": 1024,
                                "h": 576,
                                "resize": "fit"
                            },
                            "thumb": {
                                "w": 150,
                                "h": 150,
                                "resize": "crop"
                            },
                            "large": {
                                "w": 1024,
                                "h": 576,
                                "resize": "fit"
                            },
                            "small": {
                                "w": 680,
                                "h": 383,
                                "resize": "fit"
                            }
                        }
                    }
                ]
            },
            "extended_entities": {
                "media": [
                    {
                        "id": 1615361344907186179,
                        "id_str": "1615361344907186179",
                        "indices": [
                            285,
                            308
                        ],
                        "additional_media_info": {
                            "monetizable": false
                        },
                        "media_url": "http://pbs.twimg.com/ext_tw_video_thumb/1615361344907186179/pu/img/UqKaCMXguEkaky4w.jpg",
                        "media_url_https": "https://pbs.twimg.com/ext_tw_video_thumb/1615361344907186179/pu/img/UqKaCMXguEkaky4w.jpg",
                        "url": "https://t.co/MJ1AmaGf7u",
                        "display_url": "pic.twitter.com/MJ1AmaGf7u",
                        "expanded_url": "https://twitter.com/YvetteCooperMP/status/1615361444270473218/video/1",
                        "type": "video",
                        "video_info": {
                            "aspect_ratio": [
                                16,
                                9
                            ],
                            "duration_millis": 107026,
                            "variants": [
                                {
                                    "bitrate": 256000,
                                    "content_type": "video/mp4",
                                    "url": "https://video.twimg.com/ext_tw_video/1615361344907186179/pu/vid/480x270/S-tldbfISOxgJhyM.mp4?tag=12"
                                },
                                {
                                    "bitrate": 2176000,
                                    "content_type": "video/mp4",
                                    "url": "https://video.twimg.com/ext_tw_video/1615361344907186179/pu/vid/1024x576/z-JG77bIoTnDcTJr.mp4?tag=12"
                                },
                                {
                                    "content_type": "application/x-mpegURL",
                                    "url": "https://video.twimg.com/ext_tw_video/1615361344907186179/pu/pl/Ay8El53Xzqahqk1T.m3u8?tag=12&container=fmp4"
                                },
                                {
                                    "bitrate": 832000,
                                    "content_type": "video/mp4",
                                    "url": "https://video.twimg.com/ext_tw_video/1615361344907186179/pu/vid/640x360/xHnmuUHm7luiszMv.mp4?tag=12"
                                }
                            ]
                        },
                        "sizes": {
                            "medium": {
                                "w": 1024,
                                "h": 576,
                                "resize": "fit"
                            },
                            "thumb": {
                                "w": 150,
                                "h": 150,
                                "resize": "crop"
                            },
                            "large": {
                                "w": 1024,
                                "h": 576,
                                "resize": "fit"
                            },
                            "small": {
                                "w": 680,
                                "h": 383,
                                "resize": "fit"
                            }
                        }
                    }
                ]
            }
        },
        "quote_count": 47,
        "reply_count": 177,
        "retweet_count": 798,
        "favorite_count": 4209,
        "entities": {
            "hashtags": [],
            "urls": [
                {
                    "url": "https://t.co/tjhxIbY0QG",
                    "expanded_url": "https://twitter.com/i/web/status/1615361444270473218",
                    "display_url": "twitter.com/i/web/status/1…",
                    "indices": [
                        121,
                        144
                    ]
                }
            ],
            "user_mentions": [],
            "symbols": []
        },
        "favorited": false,
        "retweeted": false,
        "possibly_sensitive": false,
        "filter_level": "low",
        "lang": "en"
    },
    "is_quote_status": false,
    "quote_count": 0,
    "reply_count": 0,
    "retweet_count": 0,
    "favorite_count": 0,
    "entities": {
        "hashtags": [],
        "urls": [],
        "user_mentions": [
            {
                "screen_name": "YvetteCooperMP",
                "name": "Yvette Cooper",
                "id": 328634628,
                "id_str": "328634628",
                "indices": [
                    3,
                    18
                ]
            }
        ],
        "symbols": []
    },
    "favorited": false,
    "retweeted": false,
    "filter_level": "low",
    "lang": "en",
    "timestamp_ms": "1674023871894"
}