{
    "created_at": "Wed Jan 18 06:37:49 +0000 2023",
    "id": 1615599323093372930,
    "id_str": "1615599323093372930",
    "text": "RT @taadelodun: I caught up with my brother that has a farm in Oyo state last night. He installed CCTV on the farm, and he can see and hear…",
    "source": "<a href=\"http://twitter.com/download/iphone\" rel=\"nofollow\">Twitter for iPhone</a>",
    "truncated": false,
    "in_reply_to_status_id": null,
    "in_reply_to_status_id_str": null,
    "in_reply_to_user_id": null,
    "in_reply_to_user_id_str": null,
    "in_reply_to_screen_name": null,
    "user": {
        "id": 280522892,
        "id_str": "280522892",
        "name": "Suleiman Maiyaki",
        "screen_name": "Suleiman_Meyaki",
        "location": "Federal Capital Territory, Nig",
        "url": null,
        "description": "🌍Global Citizen, SDGs ambassador \n🇳🇬Nationalist 🇳🇬\nNigeria 1st, Nigeria always!!!",
        "translator_type": "none",
        "protected": false,
        "verified": false,
        "verified_type": "blue",
        "followers_count": 428,
        "friends_count": 4066,
        "listed_count": 16,
        "favourites_count": 17875,
        "statuses_count": 19832,
        "created_at": "Mon Apr 11 14:03:42 +0000 2011",
        "utc_offset": null,
        "time_zone": null,
        "geo_enabled": true,
        "lang": null,
        "contributors_enabled": false,
        "is_translator": false,
        "profile_background_color": "C0DEED",
        "profile_background_image_url": "http://abs.twimg.com/images/themes/theme1/bg.png",
        "profile_background_image_url_https": "https://abs.twimg.com/images/themes/theme1/bg.png",
        "profile_background_tile": false,
        "profile_link_color": "1DA1F2",
        "profile_sidebar_border_color": "C0DEED",
        "profile_sidebar_fill_color": "DDEEF6",
        "profile_text_color": "333333",
        "profile_use_background_image": true,
        "profile_image_url": "http://pbs.twimg.com/profile_images/814392588685950976/ciEuOLUl_normal.jpg",
        "profile_image_url_https": "https://pbs.twimg.com/profile_images/814392588685950976/ciEuOLUl_normal.jpg",
        "profile_banner_url": "https://pbs.twimg.com/profile_banners/280522892/1607118444",
        "default_profile": true,
        "default_profile_image": false,
        "following": null,
        "follow_request_sent": null,
        "notifications": null,
        "withheld_in_countries": []
    },
    "geo": null,
    "coordinates": null,
    "place": null,
    "contributors": null,
    "retweeted_status": {
        "created_at": "Tue Jan 17 15:26:49 +0000 2023",
        "id": 1615370063154130944,
        "id_str": "1615370063154130944",
        "text": "I caught up with my brother that has a farm in Oyo state last night. He installed CCTV on the farm, and he can see… https://t.co/Eharho2MiQ",
        "source": "<a href=\"https://mobile.twitter.com\" rel=\"nofollow\">Twitter Web App</a>",
        "truncated": true,
        "in_reply_to_status_id": null,
        "in_reply_to_status_id_str": null,
        "in_reply_to_user_id": null,
        "in_reply_to_user_id_str": null,
        "in_reply_to_screen_name": null,
        "user": {
            "id": 170810770,
            "id_str": "170810770",
            "name": "Toyyib Adewale Adelodun",
            "screen_name": "taadelodun",
            "location": "United Kingdom",
            "url": "https://www.getrevue.co/profile/taadelodun",
            "description": "Personal Development Coach | Civil Engineer | Investor \n\n\n“Every man has two lives, and the second starts when he realizes he has just one” — Confucius",
            "translator_type": "none",
            "protected": false,
            "verified": false,
            "verified_type": "blue",
            "followers_count": 150251,
            "friends_count": 5625,
            "listed_count": 294,
            "favourites_count": 11200,
            "statuses_count": 43751,
            "created_at": "Sun Jul 25 20:48:57 +0000 2010",
            "utc_offset": null,
            "time_zone": null,
            "geo_enabled": true,
            "lang": null,
            "contributors_enabled": false,
            "is_translator": false,
            "profile_background_color": "C0DEED",
            "profile_background_image_url": "http://abs.twimg.com/images/themes/theme1/bg.png",
            "profile_background_image_url_https": "https://abs.twimg.com/images/themes/theme1/bg.png",
            "profile_background_tile": false,
            "profile_link_color": "1DA1F2",
            "profile_sidebar_border_color": "C0DEED",
            "profile_sidebar_fill_color": "DDEEF6",
            "profile_text_color": "333333",
            "profile_use_background_image": true,
            "profile_image_url": "http://pbs.twimg.com/profile_images/1388366077382512640/oYKDJ4rg_normal.jpg",
            "profile_image_url_https": "https://pbs.twimg.com/profile_images/1388366077382512640/oYKDJ4rg_normal.jpg",
            "profile_banner_url": "https://pbs.twimg.com/profile_banners/170810770/1614935259",
            "default_profile": true,
            "default_profile_image": false,
            "following": null,
            "follow_request_sent": null,
            "notifications": null,
            "withheld_in_countries": []
        },
        "geo": null,
        "coordinates": null,
        "place": null,
        "contributors": null,
        "is_quote_status": false,
        "extended_tweet": {
            "full_text": "I caught up with my brother that has a farm in Oyo state last night. He installed CCTV on the farm, and he can see and hear everything on his phone in London. He said the week he installed technology, there was mass resignation😂😂\n\nWithout technology, corruption grows wings😭",
            "display_text_range": [
                0,
                274
            ],
            "entities": {
                "hashtags": [],
                "urls": [],
                "user_mentions": [],
                "symbols": []
            }
        },
        "quote_count": 39,
        "reply_count": 90,
        "retweet_count": 1277,
        "favorite_count": 4986,
        "entities": {
            "hashtags": [],
            "urls": [
                {
                    "url": "https://t.co/Eharho2MiQ",
                    "expanded_url": "https://twitter.com/i/web/status/1615370063154130944",
                    "display_url": "twitter.com/i/web/status/1…",
                    "indices": [
                        116,
                        139
                    ]
                }
            ],
            "user_mentions": [],
            "symbols": []
        },
        "favorited": false,
        "retweeted": false,
        "filter_level": "low",
        "lang": "en"
    },
    "is_quote_status": false,
    "quote_count": 0,
    "reply_count": 0,
    "retweet_count": 0,
    "favorite_count": 0,
    "entities": {
        "hashtags": [],
        "urls": [],
        "user_mentions": [
            {
                "screen_name": "taadelodun",
                "name": "Toyyib Adewale Adelodun",
                "id": 170810770,
                "id_str": "170810770",
                "indices": [
                    3,
                    14
                ]
            }
        ],
        "symbols": []
    },
    "favorited": false,
    "retweeted": false,
    "filter_level": "low",
    "lang": "en",
    "timestamp_ms": "1674023869666"
}