{
    "created_at": "Wed Jan 18 06:37:48 +0000 2023",
    "id": 1615599318076891137,
    "id_str": "1615599318076891137",
    "text": "RT @sophielouisecc: Saying this again because i just can’t get my head round it - Jeremy clarkson is cancelled because he wrote a dodgy col…",
    "source": "<a href=\"http://twitter.com/download/iphone\" rel=\"nofollow\">Twitter for iPhone</a>",
    "truncated": false,
    "in_reply_to_status_id": null,
    "in_reply_to_status_id_str": null,
    "in_reply_to_user_id": null,
    "in_reply_to_user_id_str": null,
    "in_reply_to_screen_name": null,
    "user": {
        "id": 813464616453963776,
        "id_str": "813464616453963776",
        "name": "gazvillalad",
        "screen_name": "07547_557795",
        "location": null,
        "url": null,
        "description": "07/12/1967",
        "translator_type": "none",
        "protected": false,
        "verified": false,
        "verified_type": "blue",
        "followers_count": 142,
        "friends_count": 198,
        "listed_count": 1,
        "favourites_count": 14530,
        "statuses_count": 6050,
        "created_at": "Mon Dec 26 19:20:52 +0000 2016",
        "utc_offset": null,
        "time_zone": null,
        "geo_enabled": true,
        "lang": null,
        "contributors_enabled": false,
        "is_translator": false,
        "profile_background_color": "F5F8FA",
        "profile_background_image_url": "",
        "profile_background_image_url_https": "",
        "profile_background_tile": false,
        "profile_link_color": "1DA1F2",
        "profile_sidebar_border_color": "C0DEED",
        "profile_sidebar_fill_color": "DDEEF6",
        "profile_text_color": "333333",
        "profile_use_background_image": true,
        "profile_image_url": "http://pbs.twimg.com/profile_images/833275055941513218/ZbNlAnel_normal.jpg",
        "profile_image_url_https": "https://pbs.twimg.com/profile_images/833275055941513218/ZbNlAnel_normal.jpg",
        "profile_banner_url": "https://pbs.twimg.com/profile_banners/813464616453963776/1487503227",
        "default_profile": true,
        "default_profile_image": false,
        "following": null,
        "follow_request_sent": null,
        "notifications": null,
        "withheld_in_countries": []
    },
    "geo": null,
    "coordinates": null,
    "place": null,
    "contributors": null,
    "retweeted_status": {
        "created_at": "Tue Jan 17 14:33:44 +0000 2023",
        "id": 1615356704497225729,
        "id_str": "1615356704497225729",
        "text": "Saying this again because i just can’t get my head round it - Jeremy clarkson is cancelled because he wrote a dodgy… https://t.co/JjLreDHiif",
        "source": "<a href=\"https://mobile.twitter.com\" rel=\"nofollow\">Twitter Web App</a>",
        "truncated": true,
        "in_reply_to_status_id": null,
        "in_reply_to_status_id_str": null,
        "in_reply_to_user_id": null,
        "in_reply_to_user_id_str": null,
        "in_reply_to_screen_name": null,
        "user": {
            "id": 1063839405977337856,
            "id_str": "1063839405977337856",
            "name": "Sophie Corcoran",
            "screen_name": "sophielouisecc",
            "location": "Thurrock, Essex",
            "url": null,
            "description": "broadcaster on @gbnews @skynewsaust @themegynkellyshow @gmb contact: Sophiecorcoran0@outlook.com - dyslexic - study at QMUL. Football&Futsal player",
            "translator_type": "none",
            "protected": false,
            "verified": true,
            "verified_type": "blue",
            "followers_count": 162264,
            "friends_count": 5021,
            "listed_count": 621,
            "favourites_count": 3800,
            "statuses_count": 3055,
            "created_at": "Sat Nov 17 17:00:54 +0000 2018",
            "utc_offset": null,
            "time_zone": null,
            "geo_enabled": true,
            "lang": null,
            "contributors_enabled": false,
            "is_translator": false,
            "profile_background_color": "F5F8FA",
            "profile_background_image_url": "",
            "profile_background_image_url_https": "",
            "profile_background_tile": false,
            "profile_link_color": "1DA1F2",
            "profile_sidebar_border_color": "C0DEED",
            "profile_sidebar_fill_color": "DDEEF6",
            "profile_text_color": "333333",
            "profile_use_background_image": true,
            "profile_image_url": "http://pbs.twimg.com/profile_images/1608531014925668357/JQFoWThW_normal.jpg",
            "profile_image_url_https": "https://pbs.twimg.com/profile_images/1608531014925668357/JQFoWThW_normal.jpg",
            "profile_banner_url": "https://pbs.twimg.com/profile_banners/1063839405977337856/1672421647",
            "default_profile": true,
            "default_profile_image": false,
            "following": null,
            "follow_request_sent": null,
            "notifications": null,
            "withheld_in_countries": []
        },
        "geo": null,
        "coordinates": null,
        "place": null,
        "contributors": null,
        "is_quote_status": false,
        "extended_tweet": {
            "full_text": "Saying this again because i just can’t get my head round it - Jeremy clarkson is cancelled because he wrote a dodgy column then apologised profusely for it - begum joined isis - said she didn’t mind beheadings and that the Manchester attack was justified - and gets a 10 part pod",
            "display_text_range": [
                0,
                279
            ],
            "entities": {
                "hashtags": [],
                "urls": [],
                "user_mentions": [],
                "symbols": []
            }
        },
        "quote_count": 51,
        "reply_count": 472,
        "retweet_count": 1311,
        "favorite_count": 7532,
        "entities": {
            "hashtags": [],
            "urls": [
                {
                    "url": "https://t.co/JjLreDHiif",
                    "expanded_url": "https://twitter.com/i/web/status/1615356704497225729",
                    "display_url": "twitter.com/i/web/status/1…",
                    "indices": [
                        117,
                        140
                    ]
                }
            ],
            "user_mentions": [],
            "symbols": []
        },
        "favorited": false,
        "retweeted": false,
        "filter_level": "low",
        "lang": "en"
    },
    "is_quote_status": false,
    "quote_count": 0,
    "reply_count": 0,
    "retweet_count": 0,
    "favorite_count": 0,
    "entities": {
        "hashtags": [],
        "urls": [],
        "user_mentions": [
            {
                "screen_name": "sophielouisecc",
                "name": "Sophie Corcoran",
                "id": 1063839405977337856,
                "id_str": "1063839405977337856",
                "indices": [
                    3,
                    18
                ]
            }
        ],
        "symbols": []
    },
    "favorited": false,
    "retweeted": false,
    "filter_level": "low",
    "lang": "en",
    "timestamp_ms": "1674023868470"
}