{
    "created_at": "Wed Jan 18 06:37:52 +0000 2023",
    "id": 1615599336192188418,
    "id_str": "1615599336192188418",
    "text": "@theSNP @Dr_PhilippaW I think you have backed the wrong horse in your attempt to steal a chunk of my country.",
    "display_text_range": [
        22,
        109
    ],
    "source": "<a href=\"http://twitter.com/download/iphone\" rel=\"nofollow\">Twitter for iPhone</a>",
    "truncated": false,
    "in_reply_to_status_id": 1615381407123243008,
    "in_reply_to_status_id_str": "1615381407123243008",
    "in_reply_to_user_id": 77821953,
    "in_reply_to_user_id_str": "77821953",
    "in_reply_to_screen_name": "theSNP",
    "user": {
        "id": 718202101,
        "id_str": "718202101",
        "name": "Tom Covenent",
        "screen_name": "TomCovenent",
        "location": "England, United Kingdom",
        "url": "http://tomcovenent.blogspot.co.uk/",
        "description": "British/English/Scot ancestry.Anti-EU,pro-eclectic Europe.Anti-PC & illegal immigration 🇬🇧🏴󠁧󠁢󠁷󠁬󠁳󠁿🇺🇸 Not buying 'man made' climate change.",
        "translator_type": "none",
        "protected": false,
        "verified": false,
        "verified_type": "blue",
        "followers_count": 2479,
        "friends_count": 4968,
        "listed_count": 26,
        "favourites_count": 23035,
        "statuses_count": 48414,
        "created_at": "Thu Jul 26 14:21:29 +0000 2012",
        "utc_offset": null,
        "time_zone": null,
        "geo_enabled": false,
        "lang": null,
        "contributors_enabled": false,
        "is_translator": false,
        "profile_background_color": "C0DEED",
        "profile_background_image_url": "http://abs.twimg.com/images/themes/theme1/bg.png",
        "profile_background_image_url_https": "https://abs.twimg.com/images/themes/theme1/bg.png",
        "profile_background_tile": false,
        "profile_link_color": "1DA1F2",
        "profile_sidebar_border_color": "C0DEED",
        "profile_sidebar_fill_color": "DDEEF6",
        "profile_text_color": "333333",
        "profile_use_background_image": true,
        "profile_image_url": "http://pbs.twimg.com/profile_images/1390016605233553420/Fyo9OngA_normal.jpg",
        "profile_image_url_https": "https://pbs.twimg.com/profile_images/1390016605233553420/Fyo9OngA_normal.jpg",
        "profile_banner_url": "https://pbs.twimg.com/profile_banners/718202101/1670779559",
        "default_profile": true,
        "default_profile_image": false,
        "following": null,
        "follow_request_sent": null,
        "notifications": null,
        "withheld_in_countries": []
    },
    "geo": null,
    "coordinates": null,
    "place": null,
    "contributors": null,
    "is_quote_status": false,
    "quote_count": 0,
    "reply_count": 0,
    "retweet_count": 0,
    "favorite_count": 0,
    "entities": {
        "hashtags": [],
        "urls": [],
        "user_mentions": [
            {
                "screen_name": "theSNP",
                "name": "The SNP",
                "id": 77821953,
                "id_str": "77821953",
                "indices": [
                    0,
                    7
                ]
            },
            {
                "screen_name": "Dr_PhilippaW",
                "name": "Dr Philippa Whitford",
                "id": 2932558313,
                "id_str": "2932558313",
                "indices": [
                    8,
                    21
                ]
            }
        ],
        "symbols": []
    },
    "favorited": false,
    "retweeted": false,
    "filter_level": "low",
    "lang": "en",
    "timestamp_ms": "1674023872789"
}