{
    "created_at": "Wed Jan 18 06:37:45 +0000 2023",
    "id": 1615599305624113153,
    "id_str": "1615599305624113153",
    "text": "RT @EleanorRylance: Who knew that people told they are not welcome would feel unwelcome?  https://t.co/mRF5cJYipi",
    "source": "<a href=\"http://twitter.com/download/android\" rel=\"nofollow\">Twitter for Android</a>",
    "truncated": false,
    "in_reply_to_status_id": null,
    "in_reply_to_status_id_str": null,
    "in_reply_to_user_id": null,
    "in_reply_to_user_id_str": null,
    "in_reply_to_screen_name": null,
    "user": {
        "id": 1346216866101006339,
        "id_str": "1346216866101006339",
        "name": "Matty",
        "screen_name": "mattyfeb1987",
        "location": "Malton, England",
        "url": null,
        "description": "I am here to discuss mainly football and politics.  I love football, socialising and meeting new people.",
        "translator_type": "none",
        "protected": false,
        "verified": false,
        "verified_type": "blue",
        "followers_count": 3003,
        "friends_count": 4999,
        "listed_count": 4,
        "favourites_count": 3155,
        "statuses_count": 106421,
        "created_at": "Mon Jan 04 22:08:25 +0000 2021",
        "utc_offset": null,
        "time_zone": null,
        "geo_enabled": false,
        "lang": null,
        "contributors_enabled": false,
        "is_translator": false,
        "profile_background_color": "F5F8FA",
        "profile_background_image_url": "",
        "profile_background_image_url_https": "",
        "profile_background_tile": false,
        "profile_link_color": "1DA1F2",
        "profile_sidebar_border_color": "C0DEED",
        "profile_sidebar_fill_color": "DDEEF6",
        "profile_text_color": "333333",
        "profile_use_background_image": true,
        "profile_image_url": "http://pbs.twimg.com/profile_images/1346217209396387842/Fs0yWGJ8_normal.jpg",
        "profile_image_url_https": "https://pbs.twimg.com/profile_images/1346217209396387842/Fs0yWGJ8_normal.jpg",
        "default_profile": true,
        "default_profile_image": false,
        "following": null,
        "follow_request_sent": null,
        "notifications": null,
        "withheld_in_countries": []
    },
    "geo": null,
    "coordinates": null,
    "place": null,
    "contributors": null,
    "retweeted_status": {
        "created_at": "Wed Jan 18 05:45:29 +0000 2023",
        "id": 1615586150868983811,
        "id_str": "1615586150868983811",
        "text": "Who knew that people told they are not welcome would feel unwelcome?  https://t.co/mRF5cJYipi",
        "source": "<a href=\"https://mobile.twitter.com\" rel=\"nofollow\">Twitter Web App</a>",
        "truncated": false,
        "in_reply_to_status_id": null,
        "in_reply_to_status_id_str": null,
        "in_reply_to_user_id": null,
        "in_reply_to_user_id_str": null,
        "in_reply_to_screen_name": null,
        "user": {
            "id": 462989654,
            "id_str": "462989654",
            "name": "Eleanor Rylance 🌳🔶🇪🇺🇬🇧🇫🇷 #FBPPR #Rejoin 🌎",
            "screen_name": "EleanorRylance",
            "location": "Devon, England",
            "url": null,
            "description": "Translator, rural parish & district councillor, LD parliamentary spokesperson East Devon @eastdevonlibdem, Secretary @euromove. European always.",
            "translator_type": "none",
            "protected": false,
            "verified": false,
            "verified_type": "blue",
            "followers_count": 9508,
            "friends_count": 8914,
            "listed_count": 48,
            "favourites_count": 66712,
            "statuses_count": 54279,
            "created_at": "Fri Jan 13 16:02:54 +0000 2012",
            "utc_offset": null,
            "time_zone": null,
            "geo_enabled": false,
            "lang": null,
            "contributors_enabled": false,
            "is_translator": false,
            "profile_background_color": "000000",
            "profile_background_image_url": "http://abs.twimg.com/images/themes/theme1/bg.png",
            "profile_background_image_url_https": "https://abs.twimg.com/images/themes/theme1/bg.png",
            "profile_background_tile": false,
            "profile_link_color": "FAB81E",
            "profile_sidebar_border_color": "000000",
            "profile_sidebar_fill_color": "000000",
            "profile_text_color": "000000",
            "profile_use_background_image": false,
            "profile_image_url": "http://pbs.twimg.com/profile_images/1308683620354199553/5iN-qF9h_normal.png",
            "profile_image_url_https": "https://pbs.twimg.com/profile_images/1308683620354199553/5iN-qF9h_normal.png",
            "profile_banner_url": "https://pbs.twimg.com/profile_banners/462989654/1580515452",
            "default_profile": false,
            "default_profile_image": false,
            "following": null,
            "follow_request_sent": null,
            "notifications": null,
            "withheld_in_countries": []
        },
        "geo": null,
        "coordinates": null,
        "place": null,
        "contributors": null,
        "is_quote_status": false,
        "quote_count": 3,
        "reply_count": 2,
        "retweet_count": 22,
        "favorite_count": 40,
        "entities": {
            "hashtags": [],
            "urls": [
                {
                    "url": "https://t.co/mRF5cJYipi",
                    "expanded_url": "https://www.theguardian.com/politics/2023/jan/17/shortfall-of-330000-workers-in-uk-due-to-brexit-say-thinktanks?CMP=share_btn_tw",
                    "display_url": "theguardian.com/politics/2023/…",
                    "indices": [
                        70,
                        93
                    ]
                }
            ],
            "user_mentions": [],
            "symbols": []
        },
        "favorited": false,
        "retweeted": false,
        "possibly_sensitive": false,
        "filter_level": "low",
        "lang": "en"
    },
    "is_quote_status": false,
    "quote_count": 0,
    "reply_count": 0,
    "retweet_count": 0,
    "favorite_count": 0,
    "entities": {
        "hashtags": [],
        "urls": [
            {
                "url": "https://t.co/mRF5cJYipi",
                "expanded_url": "https://www.theguardian.com/politics/2023/jan/17/shortfall-of-330000-workers-in-uk-due-to-brexit-say-thinktanks?CMP=share_btn_tw",
                "display_url": "theguardian.com/politics/2023/…",
                "indices": [
                    90,
                    113
                ]
            }
        ],
        "user_mentions": [
            {
                "screen_name": "EleanorRylance",
                "name": "Eleanor Rylance 🌳🔶🇪🇺🇬🇧🇫🇷 #FBPPR #Rejoin 🌎",
                "id": 462989654,
                "id_str": "462989654",
                "indices": [
                    3,
                    18
                ]
            }
        ],
        "symbols": []
    },
    "favorited": false,
    "retweeted": false,
    "possibly_sensitive": false,
    "filter_level": "low",
    "lang": "en",
    "timestamp_ms": "1674023865501"
}