{
    "created_at": "Wed Jan 18 06:37:40 +0000 2023",
    "id": 1615599286607286272,
    "id_str": "1615599286607286272",
    "text": "RT @healthbyjames: 🚨URGENT — Cardiologist On Live News Says Excess Cardiovascular Deaths In UK Are Likely Linked To mRNA COVID Vaccines And…",
    "source": "<a href=\"https://mobile.twitter.com\" rel=\"nofollow\">Twitter Web App</a>",
    "truncated": false,
    "in_reply_to_status_id": null,
    "in_reply_to_status_id_str": null,
    "in_reply_to_user_id": null,
    "in_reply_to_user_id_str": null,
    "in_reply_to_screen_name": null,
    "user": {
        "id": 1381203841622831109,
        "id_str": "1381203841622831109",
        "name": "Antonia del la Varis",
        "screen_name": "Antonia_dlV",
        "location": null,
        "url": null,
        "description": "Social, justice, environmental campaigner. Love music (Bach-Buckley), art, architecture and people. Linguist, political commentator. Sister, mother, friend.",
        "translator_type": "none",
        "protected": false,
        "verified": false,
        "verified_type": "blue",
        "followers_count": 1024,
        "friends_count": 2002,
        "listed_count": 2,
        "favourites_count": 76810,
        "statuses_count": 48503,
        "created_at": "Sun Apr 11 11:14:45 +0000 2021",
        "utc_offset": null,
        "time_zone": null,
        "geo_enabled": false,
        "lang": null,
        "contributors_enabled": false,
        "is_translator": false,
        "profile_background_color": "F5F8FA",
        "profile_background_image_url": "",
        "profile_background_image_url_https": "",
        "profile_background_tile": false,
        "profile_link_color": "1DA1F2",
        "profile_sidebar_border_color": "C0DEED",
        "profile_sidebar_fill_color": "DDEEF6",
        "profile_text_color": "333333",
        "profile_use_background_image": true,
        "profile_image_url": "http://pbs.twimg.com/profile_images/1416893500709212160/pvpkArOx_normal.jpg",
        "profile_image_url_https": "https://pbs.twimg.com/profile_images/1416893500709212160/pvpkArOx_normal.jpg",
        "profile_banner_url": "https://pbs.twimg.com/profile_banners/1381203841622831109/1667545683",
        "default_profile": true,
        "default_profile_image": false,
        "following": null,
        "follow_request_sent": null,
        "notifications": null,
        "withheld_in_countries": []
    },
    "geo": null,
    "coordinates": null,
    "place": null,
    "contributors": null,
    "retweeted_status": {
        "created_at": "Wed Jan 18 05:20:59 +0000 2023",
        "id": 1615579988509458432,
        "id_str": "1615579988509458432",
        "text": "🚨URGENT — Cardiologist On Live News Says Excess Cardiovascular Deaths In UK Are Likely Linked To mRNA COVID Vaccine… https://t.co/2UHRYz4WRe",
        "source": "<a href=\"https://mobile.twitter.com\" rel=\"nofollow\">Twitter Web App</a>",
        "truncated": true,
        "in_reply_to_status_id": null,
        "in_reply_to_status_id_str": null,
        "in_reply_to_user_id": null,
        "in_reply_to_user_id_str": null,
        "in_reply_to_screen_name": null,
        "user": {
            "id": 1478792963090169860,
            "id_str": "1478792963090169860",
            "name": "James Cintolo, RN FN CPT",
            "screen_name": "healthbyjames",
            "location": "Boston, Ma",
            "url": "https://jamescintolo.substack.com",
            "description": "Expert on medical & nutritional health 💡tweets don’t reflect employers opinions",
            "translator_type": "none",
            "protected": false,
            "verified": false,
            "verified_type": "blue",
            "followers_count": 52626,
            "friends_count": 175,
            "listed_count": 326,
            "favourites_count": 3344,
            "statuses_count": 5868,
            "created_at": "Wed Jan 05 18:18:18 +0000 2022",
            "utc_offset": null,
            "time_zone": null,
            "geo_enabled": false,
            "lang": null,
            "contributors_enabled": false,
            "is_translator": false,
            "profile_background_color": "F5F8FA",
            "profile_background_image_url": "",
            "profile_background_image_url_https": "",
            "profile_background_tile": false,
            "profile_link_color": "1DA1F2",
            "profile_sidebar_border_color": "C0DEED",
            "profile_sidebar_fill_color": "DDEEF6",
            "profile_text_color": "333333",
            "profile_use_background_image": true,
            "profile_image_url": "http://pbs.twimg.com/profile_images/1478793420785258505/IyMSZowM_normal.jpg",
            "profile_image_url_https": "https://pbs.twimg.com/profile_images/1478793420785258505/IyMSZowM_normal.jpg",
            "profile_banner_url": "https://pbs.twimg.com/profile_banners/1478792963090169860/1643485088",
            "default_profile": true,
            "default_profile_image": false,
            "following": null,
            "follow_request_sent": null,
            "notifications": null,
            "withheld_in_countries": []
        },
        "geo": null,
        "coordinates": null,
        "place": null,
        "contributors": null,
        "is_quote_status": false,
        "extended_tweet": {
            "full_text": "🚨URGENT — Cardiologist On Live News Says Excess Cardiovascular Deaths In UK Are Likely Linked To mRNA COVID Vaccines And Calls For A Stop To Them Being Administered — BBC News\n\nhttps://t.co/y7ugThvJFo",
            "display_text_range": [
                0,
                200
            ],
            "entities": {
                "hashtags": [],
                "urls": [
                    {
                        "url": "https://t.co/y7ugThvJFo",
                        "expanded_url": "https://jamescintolo.substack.com/p/breaking-cardiologist-on-live-news",
                        "display_url": "jamescintolo.substack.com/p/breaking-car…",
                        "indices": [
                            177,
                            200
                        ]
                    }
                ],
                "user_mentions": [],
                "symbols": []
            }
        },
        "quote_count": 7,
        "reply_count": 13,
        "retweet_count": 108,
        "favorite_count": 199,
        "entities": {
            "hashtags": [],
            "urls": [
                {
                    "url": "https://t.co/2UHRYz4WRe",
                    "expanded_url": "https://twitter.com/i/web/status/1615579988509458432",
                    "display_url": "twitter.com/i/web/status/1…",
                    "indices": [
                        117,
                        140
                    ]
                }
            ],
            "user_mentions": [],
            "symbols": []
        },
        "favorited": false,
        "retweeted": false,
        "possibly_sensitive": false,
        "filter_level": "low",
        "lang": "en"
    },
    "is_quote_status": false,
    "quote_count": 0,
    "reply_count": 0,
    "retweet_count": 0,
    "favorite_count": 0,
    "entities": {
        "hashtags": [],
        "urls": [],
        "user_mentions": [
            {
                "screen_name": "healthbyjames",
                "name": "James Cintolo, RN FN CPT",
                "id": 1478792963090169860,
                "id_str": "1478792963090169860",
                "indices": [
                    3,
                    17
                ]
            }
        ],
        "symbols": []
    },
    "favorited": false,
    "retweeted": false,
    "filter_level": "low",
    "lang": "en",
    "timestamp_ms": "1674023860967"
}