{
    "created_at": "Wed Jan 18 06:37:49 +0000 2023",
    "id": 1615599320535007232,
    "id_str": "1615599320535007232",
    "text": "RT @Spotlight_Abby: Here's the video of Skye News feature on Peter Obi. Who else heard Emilokan saying, \"All I want to do, is dance!\" This…",
    "source": "<a href=\"http://twitter.com/download/iphone\" rel=\"nofollow\">Twitter for iPhone</a>",
    "truncated": false,
    "in_reply_to_status_id": null,
    "in_reply_to_status_id_str": null,
    "in_reply_to_user_id": null,
    "in_reply_to_user_id_str": null,
    "in_reply_to_screen_name": null,
    "user": {
        "id": 1020406378916188161,
        "id_str": "1020406378916188161",
        "name": "“Peter Obi’s Hype Man”",
        "screen_name": "joesahara4",
        "location": "Abuja, Nigeria",
        "url": null,
        "description": "Don’t come @ me spewing Religious or Ethnic Mediocrity. I ONLY talk the ‘Nigerian Dream’ 👊🏽Positivity #Growth",
        "translator_type": "none",
        "protected": false,
        "verified": false,
        "verified_type": "blue",
        "followers_count": 2691,
        "friends_count": 2327,
        "listed_count": 0,
        "favourites_count": 76624,
        "statuses_count": 52246,
        "created_at": "Fri Jul 20 20:33:33 +0000 2018",
        "utc_offset": null,
        "time_zone": null,
        "geo_enabled": true,
        "lang": null,
        "contributors_enabled": false,
        "is_translator": false,
        "profile_background_color": "F5F8FA",
        "profile_background_image_url": "",
        "profile_background_image_url_https": "",
        "profile_background_tile": false,
        "profile_link_color": "1DA1F2",
        "profile_sidebar_border_color": "C0DEED",
        "profile_sidebar_fill_color": "DDEEF6",
        "profile_text_color": "333333",
        "profile_use_background_image": true,
        "profile_image_url": "http://pbs.twimg.com/profile_images/1537470983082332161/_pg942RD_normal.jpg",
        "profile_image_url_https": "https://pbs.twimg.com/profile_images/1537470983082332161/_pg942RD_normal.jpg",
        "profile_banner_url": "https://pbs.twimg.com/profile_banners/1020406378916188161/1662286762",
        "default_profile": true,
        "default_profile_image": false,
        "following": null,
        "follow_request_sent": null,
        "notifications": null,
        "withheld_in_countries": []
    },
    "geo": null,
    "coordinates": null,
    "place": null,
    "contributors": null,
    "retweeted_status": {
        "created_at": "Tue Jan 17 23:48:19 +0000 2023",
        "id": 1615496267412525059,
        "id_str": "1615496267412525059",
        "text": "Here's the video of Skye News feature on Peter Obi. Who else heard Emilokan saying, \"All I want to do, is dance!\" T… https://t.co/frvaS6Nm1r",
        "display_text_range": [
            0,
            140
        ],
        "source": "<a href=\"http://twitter.com/download/android\" rel=\"nofollow\">Twitter for Android</a>",
        "truncated": true,
        "in_reply_to_status_id": 1615480906264842242,
        "in_reply_to_status_id_str": "1615480906264842242",
        "in_reply_to_user_id": 1482061710798331912,
        "in_reply_to_user_id_str": "1482061710798331912",
        "in_reply_to_screen_name": "Spotlight_Abby",
        "user": {
            "id": 1482061710798331912,
            "id_str": "1482061710798331912",
            "name": "Spotlight on #PeterObi2023 #Obidatti023",
            "screen_name": "Spotlight_Abby",
            "location": "Subsea",
            "url": null,
            "description": "Supply Chain Leader | Wife | Mom | Living vicariously | Curious. An admirer of Peter Obi (Nigeria's Next President)",
            "translator_type": "none",
            "protected": false,
            "verified": false,
            "verified_type": "blue",
            "followers_count": 46241,
            "friends_count": 3003,
            "listed_count": 38,
            "favourites_count": 8763,
            "statuses_count": 13221,
            "created_at": "Fri Jan 14 18:47:20 +0000 2022",
            "utc_offset": null,
            "time_zone": null,
            "geo_enabled": false,
            "lang": null,
            "contributors_enabled": false,
            "is_translator": false,
            "profile_background_color": "F5F8FA",
            "profile_background_image_url": "",
            "profile_background_image_url_https": "",
            "profile_background_tile": false,
            "profile_link_color": "1DA1F2",
            "profile_sidebar_border_color": "C0DEED",
            "profile_sidebar_fill_color": "DDEEF6",
            "profile_text_color": "333333",
            "profile_use_background_image": true,
            "profile_image_url": "http://pbs.twimg.com/profile_images/1566040905064321027/HKMmUmt8_normal.jpg",
            "profile_image_url_https": "https://pbs.twimg.com/profile_images/1566040905064321027/HKMmUmt8_normal.jpg",
            "profile_banner_url": "https://pbs.twimg.com/profile_banners/1482061710798331912/1650643150",
            "default_profile": true,
            "default_profile_image": false,
            "following": null,
            "follow_request_sent": null,
            "notifications": null,
            "withheld_in_countries": []
        },
        "geo": null,
        "coordinates": null,
        "place": null,
        "contributors": null,
        "is_quote_status": false,
        "extended_tweet": {
            "full_text": "Here's the video of Skye News feature on Peter Obi. Who else heard Emilokan saying, \"All I want to do, is dance!\" This is an intellectual yab on the APC and their candidate o. I won't be surprised to see APC PCC's caustic retorts tmr!\n\nBUT FORGET IT, SKYE NEWS UK IS OBIDIENT!🤣😋 https://t.co/bs7AqIWuO1",
            "display_text_range": [
                0,
                278
            ],
            "entities": {
                "hashtags": [],
                "urls": [],
                "user_mentions": [],
                "symbols": [],
                "media": [
                    {
                        "id": 1615495258040565760,
                        "id_str": "1615495258040565760",
                        "indices": [
                            279,
                            302
                        ],
                        "additional_media_info": {
                            "monetizable": false
                        },
                        "media_url": "http://pbs.twimg.com/ext_tw_video_thumb/1615495258040565760/pu/img/prjICRZD8-pqC0gu.jpg",
                        "media_url_https": "https://pbs.twimg.com/ext_tw_video_thumb/1615495258040565760/pu/img/prjICRZD8-pqC0gu.jpg",
                        "url": "https://t.co/bs7AqIWuO1",
                        "display_url": "pic.twitter.com/bs7AqIWuO1",
                        "expanded_url": "https://twitter.com/Spotlight_Abby/status/1615496267412525059/video/1",
                        "type": "video",
                        "video_info": {
                            "aspect_ratio": [
                                360,
                                191
                            ],
                            "duration_millis": 138579,
                            "variants": [
                                {
                                    "bitrate": 256000,
                                    "content_type": "video/mp4",
                                    "url": "https://video.twimg.com/ext_tw_video/1615495258040565760/pu/vid/508x270/U59H0pr1DsGItrMb.mp4?tag=12"
                                },
                                {
                                    "bitrate": 832000,
                                    "content_type": "video/mp4",
                                    "url": "https://video.twimg.com/ext_tw_video/1615495258040565760/pu/vid/720x382/35gX7uMvbaGDIazx.mp4?tag=12"
                                },
                                {
                                    "content_type": "application/x-mpegURL",
                                    "url": "https://video.twimg.com/ext_tw_video/1615495258040565760/pu/pl/DkNCn7S5Urpb7wk0.m3u8?tag=12&container=fmp4"
                                }
                            ]
                        },
                        "sizes": {
                            "thumb": {
                                "w": 150,
                                "h": 150,
                                "resize": "crop"
                            },
                            "small": {
                                "w": 680,
                                "h": 361,
                                "resize": "fit"
                            },
                            "large": {
                                "w": 720,
                                "h": 382,
                                "resize": "fit"
                            },
                            "medium": {
                                "w": 720,
                                "h": 382,
                                "resize": "fit"
                            }
                        }
                    }
                ]
            },
            "extended_entities": {
                "media": [
                    {
                        "id": 1615495258040565760,
                        "id_str": "1615495258040565760",
                        "indices": [
                            279,
                            302
                        ],
                        "additional_media_info": {
                            "monetizable": false
                        },
                        "media_url": "http://pbs.twimg.com/ext_tw_video_thumb/1615495258040565760/pu/img/prjICRZD8-pqC0gu.jpg",
                        "media_url_https": "https://pbs.twimg.com/ext_tw_video_thumb/1615495258040565760/pu/img/prjICRZD8-pqC0gu.jpg",
                        "url": "https://t.co/bs7AqIWuO1",
                        "display_url": "pic.twitter.com/bs7AqIWuO1",
                        "expanded_url": "https://twitter.com/Spotlight_Abby/status/1615496267412525059/video/1",
                        "type": "video",
                        "video_info": {
                            "aspect_ratio": [
                                360,
                                191
                            ],
                            "duration_millis": 138579,
                            "variants": [
                                {
                                    "bitrate": 256000,
                                    "content_type": "video/mp4",
                                    "url": "https://video.twimg.com/ext_tw_video/1615495258040565760/pu/vid/508x270/U59H0pr1DsGItrMb.mp4?tag=12"
                                },
                                {
                                    "bitrate": 832000,
                                    "content_type": "video/mp4",
                                    "url": "https://video.twimg.com/ext_tw_video/1615495258040565760/pu/vid/720x382/35gX7uMvbaGDIazx.mp4?tag=12"
                                },
                                {
                                    "content_type": "application/x-mpegURL",
                                    "url": "https://video.twimg.com/ext_tw_video/1615495258040565760/pu/pl/DkNCn7S5Urpb7wk0.m3u8?tag=12&container=fmp4"
                                }
                            ]
                        },
                        "sizes": {
                            "thumb": {
                                "w": 150,
                                "h": 150,
                                "resize": "crop"
                            },
                            "small": {
                                "w": 680,
                                "h": 361,
                                "resize": "fit"
                            },
                            "large": {
                                "w": 720,
                                "h": 382,
                                "resize": "fit"
                            },
                            "medium": {
                                "w": 720,
                                "h": 382,
                                "resize": "fit"
                            }
                        }
                    }
                ]
            }
        },
        "quote_count": 42,
        "reply_count": 41,
        "retweet_count": 446,
        "favorite_count": 575,
        "entities": {
            "hashtags": [],
            "urls": [
                {
                    "url": "https://t.co/frvaS6Nm1r",
                    "expanded_url": "https://twitter.com/i/web/status/1615496267412525059",
                    "display_url": "twitter.com/i/web/status/1…",
                    "indices": [
                        117,
                        140
                    ]
                }
            ],
            "user_mentions": [],
            "symbols": []
        },
        "favorited": false,
        "retweeted": false,
        "possibly_sensitive": false,
        "filter_level": "low",
        "lang": "en"
    },
    "is_quote_status": false,
    "quote_count": 0,
    "reply_count": 0,
    "retweet_count": 0,
    "favorite_count": 0,
    "entities": {
        "hashtags": [],
        "urls": [],
        "user_mentions": [
            {
                "screen_name": "Spotlight_Abby",
                "name": "Spotlight on #PeterObi2023 #Obidatti023",
                "id": 1482061710798331912,
                "id_str": "1482061710798331912",
                "indices": [
                    3,
                    18
                ]
            }
        ],
        "symbols": []
    },
    "favorited": false,
    "retweeted": false,
    "filter_level": "low",
    "lang": "en",
    "timestamp_ms": "1674023869056"
}