{
    "created_at": "Wed Jan 18 06:37:41 +0000 2023",
    "id": 1615599288356311042,
    "id_str": "1615599288356311042",
    "text": "@jomilleweb @RepublicStaff I stand with the UK monarchy!!!",
    "display_text_range": [
        27,
        58
    ],
    "source": "<a href=\"http://twitter.com/download/iphone\" rel=\"nofollow\">Twitter for iPhone</a>",
    "truncated": false,
    "in_reply_to_status_id": 1615501269103267841,
    "in_reply_to_status_id_str": "1615501269103267841",
    "in_reply_to_user_id": 107045613,
    "in_reply_to_user_id_str": "107045613",
    "in_reply_to_screen_name": "jomilleweb",
    "user": {
        "id": 1557262471622270977,
        "id_str": "1557262471622270977",
        "name": "Patti Marr",
        "screen_name": "enfirmera",
        "location": null,
        "url": null,
        "description": "yo mama",
        "translator_type": "none",
        "protected": false,
        "verified": false,
        "verified_type": "blue",
        "followers_count": 17,
        "friends_count": 140,
        "listed_count": 1,
        "favourites_count": 650,
        "statuses_count": 359,
        "created_at": "Wed Aug 10 07:09:52 +0000 2022",
        "utc_offset": null,
        "time_zone": null,
        "geo_enabled": false,
        "lang": null,
        "contributors_enabled": false,
        "is_translator": false,
        "profile_background_color": "F5F8FA",
        "profile_background_image_url": "",
        "profile_background_image_url_https": "",
        "profile_background_tile": false,
        "profile_link_color": "1DA1F2",
        "profile_sidebar_border_color": "C0DEED",
        "profile_sidebar_fill_color": "DDEEF6",
        "profile_text_color": "333333",
        "profile_use_background_image": true,
        "profile_image_url": "http://pbs.twimg.com/profile_images/1609595443536601088/_s5e1Qtd_normal.jpg",
        "profile_image_url_https": "https://pbs.twimg.com/profile_images/1609595443536601088/_s5e1Qtd_normal.jpg",
        "profile_banner_url": "https://pbs.twimg.com/profile_banners/1557262471622270977/1672592484",
        "default_profile": true,
        "default_profile_image": false,
        "following": null,
        "follow_request_sent": null,
        "notifications": null,
        "withheld_in_countries": []
    },
    "geo": null,
    "coordinates": null,
    "place": null,
    "contributors": null,
    "is_quote_status": false,
    "quote_count": 0,
    "reply_count": 0,
    "retweet_count": 0,
    "favorite_count": 0,
    "entities": {
        "hashtags": [],
        "urls": [],
        "user_mentions": [
            {
                "screen_name": "jomilleweb",
                "name": "Evans E. 🏳️‍🌈⚧ 👨🏿‍🏫 #KingCharles'Angel",
                "id": 107045613,
                "id_str": "107045613",
                "indices": [
                    0,
                    11
                ]
            },
            {
                "screen_name": "RepublicStaff",
                "name": "Republic",
                "id": 19659004,
                "id_str": "19659004",
                "indices": [
                    12,
                    26
                ]
            }
        ],
        "symbols": []
    },
    "favorited": false,
    "retweeted": false,
    "filter_level": "low",
    "lang": "en",
    "timestamp_ms": "1674023861384"
}