{
    "created_at": "Wed Jan 18 06:37:41 +0000 2023",
    "id": 1615599290679803907,
    "id_str": "1615599290679803907",
    "text": "RT @SkyNews: \"It's too late for warm words\".\n\nShadow home secretary, Yvette Cooper, slams Suella Braverman's statement on David Carrick, sa…",
    "source": "<a href=\"http://twitter.com/download/android\" rel=\"nofollow\">Twitter for Android</a>",
    "truncated": false,
    "in_reply_to_status_id": null,
    "in_reply_to_status_id_str": null,
    "in_reply_to_user_id": null,
    "in_reply_to_user_id_str": null,
    "in_reply_to_screen_name": null,
    "user": {
        "id": 54626188,
        "id_str": "54626188",
        "name": "Baroness Oldbird of Jamland 🇪🇺 💙💙💙🇺🇦",
        "screen_name": "essexoldbird",
        "location": "Near Colchester, as in United",
        "url": null,
        "description": "Guardian reading, tofu eating member of the wokerati. Trolls blocked",
        "translator_type": "none",
        "protected": false,
        "verified": false,
        "verified_type": "blue",
        "followers_count": 4144,
        "friends_count": 4999,
        "listed_count": 40,
        "favourites_count": 231073,
        "statuses_count": 99900,
        "created_at": "Tue Jul 07 18:00:33 +0000 2009",
        "utc_offset": null,
        "time_zone": null,
        "geo_enabled": true,
        "lang": null,
        "contributors_enabled": false,
        "is_translator": false,
        "profile_background_color": "0099B9",
        "profile_background_image_url": "http://abs.twimg.com/images/themes/theme4/bg.gif",
        "profile_background_image_url_https": "https://abs.twimg.com/images/themes/theme4/bg.gif",
        "profile_background_tile": true,
        "profile_link_color": "0099B9",
        "profile_sidebar_border_color": "5ED4DC",
        "profile_sidebar_fill_color": "95E8EC",
        "profile_text_color": "3C3940",
        "profile_use_background_image": true,
        "profile_image_url": "http://pbs.twimg.com/profile_images/1327983969325953026/uUhnKbss_normal.jpg",
        "profile_image_url_https": "https://pbs.twimg.com/profile_images/1327983969325953026/uUhnKbss_normal.jpg",
        "profile_banner_url": "https://pbs.twimg.com/profile_banners/54626188/1647127821",
        "default_profile": false,
        "default_profile_image": false,
        "following": null,
        "follow_request_sent": null,
        "notifications": null,
        "withheld_in_countries": []
    },
    "geo": null,
    "coordinates": null,
    "place": null,
    "contributors": null,
    "retweeted_status": {
        "created_at": "Tue Jan 17 13:28:07 +0000 2023",
        "id": 1615340191161454593,
        "id_str": "1615340191161454593",
        "text": "\"It's too late for warm words\".\n\nShadow home secretary, Yvette Cooper, slams Suella Braverman's statement on David… https://t.co/IcHT4LBJhg",
        "display_text_range": [
            0,
            140
        ],
        "source": "<a href=\"http://wildmoka.com\" rel=\"nofollow\">Wildmoka</a>",
        "truncated": true,
        "in_reply_to_status_id": null,
        "in_reply_to_status_id_str": null,
        "in_reply_to_user_id": null,
        "in_reply_to_user_id_str": null,
        "in_reply_to_screen_name": null,
        "user": {
            "id": 7587032,
            "id_str": "7587032",
            "name": "Sky News",
            "screen_name": "SkyNews",
            "location": "London, UK",
            "url": "http://news.sky.com/",
            "description": "For breaking news @SkyNewsBreak. Watch live on Sky 501, Virgin Media HD 602, Freeview 233 and YouTube.\n\nDownload our app: http://onelink.to/skynews",
            "translator_type": "none",
            "protected": false,
            "verified": true,
            "verified_type": "business",
            "followers_count": 8313184,
            "friends_count": 22,
            "listed_count": 31562,
            "favourites_count": 1,
            "statuses_count": 567376,
            "created_at": "Thu Jul 19 14:42:53 +0000 2007",
            "utc_offset": null,
            "time_zone": null,
            "geo_enabled": false,
            "lang": null,
            "contributors_enabled": false,
            "is_translator": false,
            "profile_background_color": "000000",
            "profile_background_image_url": "http://abs.twimg.com/images/themes/theme1/bg.png",
            "profile_background_image_url_https": "https://abs.twimg.com/images/themes/theme1/bg.png",
            "profile_background_tile": false,
            "profile_link_color": "385FAC",
            "profile_sidebar_border_color": "000000",
            "profile_sidebar_fill_color": "EDEDED",
            "profile_text_color": "333333",
            "profile_use_background_image": true,
            "profile_image_url": "http://pbs.twimg.com/profile_images/1604907328242962433/P_79at43_normal.jpg",
            "profile_image_url_https": "https://pbs.twimg.com/profile_images/1604907328242962433/P_79at43_normal.jpg",
            "profile_banner_url": "https://pbs.twimg.com/profile_banners/7587032/1664187298",
            "default_profile": false,
            "default_profile_image": false,
            "following": null,
            "follow_request_sent": null,
            "notifications": null,
            "withheld_in_countries": []
        },
        "geo": null,
        "coordinates": null,
        "place": null,
        "contributors": null,
        "is_quote_status": false,
        "extended_tweet": {
            "full_text": "\"It's too late for warm words\".\n\nShadow home secretary, Yvette Cooper, slams Suella Braverman's statement on David Carrick, saying the government has 'let down' women and police officers and it is \"time for change\".\n\nhttps://t.co/7FuxqAZiZB\n\n📺 Sky 501, Virgin 602, Freeview 233 https://t.co/WgDb54K5GV",
            "display_text_range": [
                0,
                277
            ],
            "entities": {
                "hashtags": [],
                "urls": [
                    {
                        "url": "https://t.co/7FuxqAZiZB",
                        "expanded_url": "https://trib.al/oZlk4ig",
                        "display_url": "trib.al/oZlk4ig",
                        "indices": [
                            217,
                            240
                        ]
                    }
                ],
                "user_mentions": [],
                "symbols": [],
                "media": [
                    {
                        "id": 1615340045531054081,
                        "id_str": "1615340045531054081",
                        "indices": [
                            278,
                            301
                        ],
                        "additional_media_info": {
                            "embeddable": true,
                            "monetizable": false
                        },
                        "media_url": "http://pbs.twimg.com/media/FmrXVyRWQAIs2_9.jpg",
                        "media_url_https": "https://pbs.twimg.com/media/FmrXVyRWQAIs2_9.jpg",
                        "url": "https://t.co/WgDb54K5GV",
                        "display_url": "pic.twitter.com/WgDb54K5GV",
                        "expanded_url": "https://twitter.com/SkyNews/status/1615340191161454593/video/1",
                        "type": "video",
                        "video_info": {
                            "aspect_ratio": [
                                16,
                                9
                            ],
                            "duration_millis": 70360,
                            "variants": [
                                {
                                    "content_type": "application/x-mpegURL",
                                    "url": "https://video.twimg.com/amplify_video/1615340045531054081/pl/lQWkoT4OQ5ghc5f4.m3u8?tag=16&container=fmp4"
                                },
                                {
                                    "bitrate": 288000,
                                    "content_type": "video/mp4",
                                    "url": "https://video.twimg.com/amplify_video/1615340045531054081/vid/480x270/bEynHgcKSD8zIxW_.mp4?tag=16"
                                },
                                {
                                    "bitrate": 832000,
                                    "content_type": "video/mp4",
                                    "url": "https://video.twimg.com/amplify_video/1615340045531054081/vid/640x360/dD-jYo9Dwq71Yp7P.mp4?tag=16"
                                },
                                {
                                    "bitrate": 10368000,
                                    "content_type": "video/mp4",
                                    "url": "https://video.twimg.com/amplify_video/1615340045531054081/vid/1920x1080/yeTGvA2Mqkp6eOod.mp4?tag=16"
                                },
                                {
                                    "bitrate": 2176000,
                                    "content_type": "video/mp4",
                                    "url": "https://video.twimg.com/amplify_video/1615340045531054081/vid/1280x720/bhEmAhLd-11VWBIh.mp4?tag=16"
                                }
                            ]
                        },
                        "sizes": {
                            "thumb": {
                                "w": 150,
                                "h": 150,
                                "resize": "crop"
                            },
                            "large": {
                                "w": 1920,
                                "h": 1080,
                                "resize": "fit"
                            },
                            "medium": {
                                "w": 1200,
                                "h": 675,
                                "resize": "fit"
                            },
                            "small": {
                                "w": 680,
                                "h": 383,
                                "resize": "fit"
                            }
                        }
                    }
                ]
            },
            "extended_entities": {
                "media": [
                    {
                        "id": 1615340045531054081,
                        "id_str": "1615340045531054081",
                        "indices": [
                            278,
                            301
                        ],
                        "additional_media_info": {
                            "embeddable": true,
                            "monetizable": false
                        },
                        "media_url": "http://pbs.twimg.com/media/FmrXVyRWQAIs2_9.jpg",
                        "media_url_https": "https://pbs.twimg.com/media/FmrXVyRWQAIs2_9.jpg",
                        "url": "https://t.co/WgDb54K5GV",
                        "display_url": "pic.twitter.com/WgDb54K5GV",
                        "expanded_url": "https://twitter.com/SkyNews/status/1615340191161454593/video/1",
                        "type": "video",
                        "video_info": {
                            "aspect_ratio": [
                                16,
                                9
                            ],
                            "duration_millis": 70360,
                            "variants": [
                                {
                                    "content_type": "application/x-mpegURL",
                                    "url": "https://video.twimg.com/amplify_video/1615340045531054081/pl/lQWkoT4OQ5ghc5f4.m3u8?tag=16&container=fmp4"
                                },
                                {
                                    "bitrate": 288000,
                                    "content_type": "video/mp4",
                                    "url": "https://video.twimg.com/amplify_video/1615340045531054081/vid/480x270/bEynHgcKSD8zIxW_.mp4?tag=16"
                                },
                                {
                                    "bitrate": 832000,
                                    "content_type": "video/mp4",
                                    "url": "https://video.twimg.com/amplify_video/1615340045531054081/vid/640x360/dD-jYo9Dwq71Yp7P.mp4?tag=16"
                                },
                                {
                                    "bitrate": 10368000,
                                    "content_type": "video/mp4",
                                    "url": "https://video.twimg.com/amplify_video/1615340045531054081/vid/1920x1080/yeTGvA2Mqkp6eOod.mp4?tag=16"
                                },
                                {
                                    "bitrate": 2176000,
                                    "content_type": "video/mp4",
                                    "url": "https://video.twimg.com/amplify_video/1615340045531054081/vid/1280x720/bhEmAhLd-11VWBIh.mp4?tag=16"
                                }
                            ]
                        },
                        "sizes": {
                            "thumb": {
                                "w": 150,
                                "h": 150,
                                "resize": "crop"
                            },
                            "large": {
                                "w": 1920,
                                "h": 1080,
                                "resize": "fit"
                            },
                            "medium": {
                                "w": 1200,
                                "h": 675,
                                "resize": "fit"
                            },
                            "small": {
                                "w": 680,
                                "h": 383,
                                "resize": "fit"
                            }
                        }
                    }
                ]
            }
        },
        "quote_count": 35,
        "reply_count": 2,
        "retweet_count": 348,
        "favorite_count": 1197,
        "entities": {
            "hashtags": [],
            "urls": [
                {
                    "url": "https://t.co/IcHT4LBJhg",
                    "expanded_url": "https://twitter.com/i/web/status/1615340191161454593",
                    "display_url": "twitter.com/i/web/status/1…",
                    "indices": [
                        116,
                        139
                    ]
                }
            ],
            "user_mentions": [],
            "symbols": []
        },
        "favorited": false,
        "retweeted": false,
        "possibly_sensitive": false,
        "filter_level": "low",
        "lang": "en"
    },
    "is_quote_status": false,
    "quote_count": 0,
    "reply_count": 0,
    "retweet_count": 0,
    "favorite_count": 0,
    "entities": {
        "hashtags": [],
        "urls": [],
        "user_mentions": [
            {
                "screen_name": "SkyNews",
                "name": "Sky News",
                "id": 7587032,
                "id_str": "7587032",
                "indices": [
                    3,
                    11
                ]
            }
        ],
        "symbols": []
    },
    "favorited": false,
    "retweeted": false,
    "filter_level": "low",
    "lang": "en",
    "timestamp_ms": "1674023861938"
}