{
    "created_at": "Wed Jan 18 06:37:50 +0000 2023",
    "id": 1615599328206417920,
    "id_str": "1615599328206417920",
    "text": "RT @CentreTransfer: Manchester United are very confident of tying Alejandro Garnacho down to a new contract [@FabrizioRomano via @caughtoff…",
    "source": "<a href=\"http://twitter.com/download/android\" rel=\"nofollow\">Twitter for Android</a>",
    "truncated": false,
    "in_reply_to_status_id": null,
    "in_reply_to_status_id_str": null,
    "in_reply_to_user_id": null,
    "in_reply_to_user_id_str": null,
    "in_reply_to_screen_name": null,
    "user": {
        "id": 790918043257937921,
        "id_str": "790918043257937921",
        "name": "Ayam Hardeholla",
        "screen_name": "hardeholla051",
        "location": "Akure, Nigeria",
        "url": null,
        "description": "Student Activist, \nLover of music 🎧🎧🎧\nManchester United fan🔴🔴🔴\n#GGMU❤️❤️❤️\n#RED DEVIL\n#RCCG\nproudly 🇳🇬🇳🇬🇳🇬",
        "translator_type": "none",
        "protected": false,
        "verified": false,
        "verified_type": "blue",
        "followers_count": 189,
        "friends_count": 1368,
        "listed_count": 0,
        "favourites_count": 59885,
        "statuses_count": 22387,
        "created_at": "Tue Oct 25 14:08:50 +0000 2016",
        "utc_offset": null,
        "time_zone": null,
        "geo_enabled": true,
        "lang": null,
        "contributors_enabled": false,
        "is_translator": false,
        "profile_background_color": "F5F8FA",
        "profile_background_image_url": "",
        "profile_background_image_url_https": "",
        "profile_background_tile": false,
        "profile_link_color": "1DA1F2",
        "profile_sidebar_border_color": "C0DEED",
        "profile_sidebar_fill_color": "DDEEF6",
        "profile_text_color": "333333",
        "profile_use_background_image": true,
        "profile_image_url": "http://pbs.twimg.com/profile_images/1592268671275208706/xKiDJ8Kq_normal.jpg",
        "profile_image_url_https": "https://pbs.twimg.com/profile_images/1592268671275208706/xKiDJ8Kq_normal.jpg",
        "profile_banner_url": "https://pbs.twimg.com/profile_banners/790918043257937921/1659742176",
        "default_profile": true,
        "default_profile_image": false,
        "following": null,
        "follow_request_sent": null,
        "notifications": null,
        "withheld_in_countries": []
    },
    "geo": null,
    "coordinates": null,
    "place": null,
    "contributors": null,
    "retweeted_status": {
        "created_at": "Wed Jan 18 06:17:44 +0000 2023",
        "id": 1615594267799420928,
        "id_str": "1615594267799420928",
        "text": "Manchester United are very confident of tying Alejandro Garnacho down to a new contract [@FabrizioRomano via @caughtoffside] #MUFC",
        "source": "<a href=\"http://twitter.com/download/android\" rel=\"nofollow\">Twitter for Android</a>",
        "truncated": false,
        "in_reply_to_status_id": null,
        "in_reply_to_status_id_str": null,
        "in_reply_to_user_id": null,
        "in_reply_to_user_id_str": null,
        "in_reply_to_screen_name": null,
        "user": {
            "id": 991417442,
            "id_str": "991417442",
            "name": "Transfer Centre",
            "screen_name": "CentreTransfer",
            "location": "transfercentre123@gmail.com",
            "url": "http://www.caughtoffside.com",
            "description": "The home of Transfer Centre. Sharing all the latest transfer news and gossip. (This is not affiliated with Sky Sports!) 18+ only / Be Gamble Aware",
            "translator_type": "none",
            "protected": false,
            "verified": false,
            "verified_type": "blue",
            "followers_count": 402653,
            "friends_count": 62,
            "listed_count": 1327,
            "favourites_count": 54,
            "statuses_count": 10679,
            "created_at": "Wed Dec 05 17:34:56 +0000 2012",
            "utc_offset": null,
            "time_zone": null,
            "geo_enabled": true,
            "lang": null,
            "contributors_enabled": false,
            "is_translator": false,
            "profile_background_color": "131516",
            "profile_background_image_url": "http://abs.twimg.com/images/themes/theme14/bg.gif",
            "profile_background_image_url_https": "https://abs.twimg.com/images/themes/theme14/bg.gif",
            "profile_background_tile": true,
            "profile_link_color": "009999",
            "profile_sidebar_border_color": "FFFFFF",
            "profile_sidebar_fill_color": "EFEFEF",
            "profile_text_color": "333333",
            "profile_use_background_image": true,
            "profile_image_url": "http://pbs.twimg.com/profile_images/791222514789806080/c_YSgHXM_normal.jpg",
            "profile_image_url_https": "https://pbs.twimg.com/profile_images/791222514789806080/c_YSgHXM_normal.jpg",
            "profile_banner_url": "https://pbs.twimg.com/profile_banners/991417442/1477477124",
            "default_profile": false,
            "default_profile_image": false,
            "following": null,
            "follow_request_sent": null,
            "notifications": null,
            "withheld_in_countries": []
        },
        "geo": null,
        "coordinates": null,
        "place": null,
        "contributors": null,
        "is_quote_status": false,
        "quote_count": 0,
        "reply_count": 0,
        "retweet_count": 8,
        "favorite_count": 59,
        "entities": {
            "hashtags": [
                {
                    "text": "MUFC",
                    "indices": [
                        125,
                        130
                    ]
                }
            ],
            "urls": [],
            "user_mentions": [
                {
                    "screen_name": "FabrizioRomano",
                    "name": "Fabrizio Romano",
                    "id": 330262748,
                    "id_str": "330262748",
                    "indices": [
                        89,
                        104
                    ]
                },
                {
                    "screen_name": "caughtoffside",
                    "name": "CaughtOffside",
                    "id": 20728733,
                    "id_str": "20728733",
                    "indices": [
                        109,
                        123
                    ]
                }
            ],
            "symbols": []
        },
        "favorited": false,
        "retweeted": false,
        "filter_level": "low",
        "lang": "en"
    },
    "is_quote_status": false,
    "quote_count": 0,
    "reply_count": 0,
    "retweet_count": 0,
    "favorite_count": 0,
    "entities": {
        "hashtags": [],
        "urls": [],
        "user_mentions": [
            {
                "screen_name": "CentreTransfer",
                "name": "Transfer Centre",
                "id": 991417442,
                "id_str": "991417442",
                "indices": [
                    3,
                    18
                ]
            },
            {
                "screen_name": "FabrizioRomano",
                "name": "Fabrizio Romano",
                "id": 330262748,
                "id_str": "330262748",
                "indices": [
                    109,
                    124
                ]
            }
        ],
        "symbols": []
    },
    "favorited": false,
    "retweeted": false,
    "filter_level": "low",
    "lang": "en",
    "timestamp_ms": "1674023870885"
}