{
    "created_at": "Wed Jan 18 06:37:46 +0000 2023",
    "id": 1615599310216826883,
    "id_str": "1615599310216826883",
    "text": "RT @AdoptionsUk: Please retweet to help Mandy find a home #CHESHIRE #UK \n\nLovely Rottweiler aged about 6, found as a stray, there is no his…",
    "source": "<a href=\"https://mobile.twitter.com\" rel=\"nofollow\">Twitter Web App</a>",
    "truncated": false,
    "in_reply_to_status_id": null,
    "in_reply_to_status_id_str": null,
    "in_reply_to_user_id": null,
    "in_reply_to_user_id_str": null,
    "in_reply_to_screen_name": null,
    "user": {
        "id": 455135288,
        "id_str": "455135288",
        "name": "Hannah Lawrence",
        "screen_name": "HLawrence1011",
        "location": "Bristol, England",
        "url": "http://www.hlawrence.info",
        "description": "I write about animals-freelance articles/short stories, also scripts/poems/novels & I create animal artwork. Everything I do is inspired by my pet companions",
        "translator_type": "none",
        "protected": false,
        "verified": false,
        "verified_type": "blue",
        "followers_count": 776,
        "friends_count": 1875,
        "listed_count": 16,
        "favourites_count": 15409,
        "statuses_count": 26003,
        "created_at": "Wed Jan 04 19:35:44 +0000 2012",
        "utc_offset": null,
        "time_zone": null,
        "geo_enabled": true,
        "lang": null,
        "contributors_enabled": false,
        "is_translator": false,
        "profile_background_color": "F50E25",
        "profile_background_image_url": "http://abs.twimg.com/images/themes/theme1/bg.png",
        "profile_background_image_url_https": "https://abs.twimg.com/images/themes/theme1/bg.png",
        "profile_background_tile": false,
        "profile_link_color": "F50E25",
        "profile_sidebar_border_color": "FFFFFF",
        "profile_sidebar_fill_color": "DDEEF6",
        "profile_text_color": "333333",
        "profile_use_background_image": false,
        "profile_image_url": "http://pbs.twimg.com/profile_images/1541482157331341320/sPW8okrV_normal.jpg",
        "profile_image_url_https": "https://pbs.twimg.com/profile_images/1541482157331341320/sPW8okrV_normal.jpg",
        "profile_banner_url": "https://pbs.twimg.com/profile_banners/455135288/1656352962",
        "default_profile": false,
        "default_profile_image": false,
        "following": null,
        "follow_request_sent": null,
        "notifications": null,
        "withheld_in_countries": []
    },
    "geo": null,
    "coordinates": null,
    "place": null,
    "contributors": null,
    "retweeted_status": {
        "created_at": "Tue Jan 17 17:00:00 +0000 2023",
        "id": 1615393512396128256,
        "id_str": "1615393512396128256",
        "text": "Please retweet to help Mandy find a home #CHESHIRE #UK \n\nLovely Rottweiler aged about 6, found as a stray, there is… https://t.co/JYZMmw5ND3",
        "display_text_range": [
            0,
            140
        ],
        "source": "<a href=\"https://mobile.twitter.com\" rel=\"nofollow\">Twitter Web App</a>",
        "truncated": true,
        "in_reply_to_status_id": null,
        "in_reply_to_status_id_str": null,
        "in_reply_to_user_id": null,
        "in_reply_to_user_id_str": null,
        "in_reply_to_screen_name": null,
        "user": {
            "id": 1231514832479948802,
            "id_str": "1231514832479948802",
            "name": "Animal Adoptions UK 🐕‍🦺🐈🐎❤️",
            "screen_name": "AdoptionsUk",
            "location": "Wales ,UK",
            "url": "https://animaladoptions.uk/",
            "description": "Please share the animals on my page to help them find homes, all with charities in the UK.",
            "translator_type": "none",
            "protected": false,
            "verified": false,
            "verified_type": "blue",
            "followers_count": 66334,
            "friends_count": 56205,
            "listed_count": 125,
            "favourites_count": 72061,
            "statuses_count": 96511,
            "created_at": "Sun Feb 23 09:43:26 +0000 2020",
            "utc_offset": null,
            "time_zone": null,
            "geo_enabled": true,
            "lang": null,
            "contributors_enabled": false,
            "is_translator": false,
            "profile_background_color": "F5F8FA",
            "profile_background_image_url": "",
            "profile_background_image_url_https": "",
            "profile_background_tile": false,
            "profile_link_color": "1DA1F2",
            "profile_sidebar_border_color": "C0DEED",
            "profile_sidebar_fill_color": "DDEEF6",
            "profile_text_color": "333333",
            "profile_use_background_image": true,
            "profile_image_url": "http://pbs.twimg.com/profile_images/1231515403769217024/CMcHwLEh_normal.jpg",
            "profile_image_url_https": "https://pbs.twimg.com/profile_images/1231515403769217024/CMcHwLEh_normal.jpg",
            "profile_banner_url": "https://pbs.twimg.com/profile_banners/1231514832479948802/1582451457",
            "default_profile": true,
            "default_profile_image": false,
            "following": null,
            "follow_request_sent": null,
            "notifications": null,
            "withheld_in_countries": []
        },
        "geo": null,
        "coordinates": null,
        "place": null,
        "contributors": null,
        "is_quote_status": false,
        "extended_tweet": {
            "full_text": "Please retweet to help Mandy find a home #CHESHIRE #UK \n\nLovely Rottweiler aged about 6, found as a stray, there is no history known. \nShe can live with children aged 14+ and needs to be the only pet 🍀\n\nDETAILS or APPLY👇\nhttps://t.co/G0navTIypc\n\n#Rottweiler #dogs #pets https://t.co/rLHPLCbB9i",
            "display_text_range": [
                0,
                269
            ],
            "entities": {
                "hashtags": [
                    {
                        "text": "CHESHIRE",
                        "indices": [
                            41,
                            50
                        ]
                    },
                    {
                        "text": "UK",
                        "indices": [
                            51,
                            54
                        ]
                    },
                    {
                        "text": "Rottweiler",
                        "indices": [
                            246,
                            257
                        ]
                    },
                    {
                        "text": "dogs",
                        "indices": [
                            258,
                            263
                        ]
                    },
                    {
                        "text": "pets",
                        "indices": [
                            264,
                            269
                        ]
                    }
                ],
                "urls": [
                    {
                        "url": "https://t.co/G0navTIypc",
                        "expanded_url": "https://dogshome.net/dog-for-adoption/mandy-2/",
                        "display_url": "dogshome.net/dog-for-adopti…",
                        "indices": [
                            221,
                            244
                        ]
                    }
                ],
                "user_mentions": [],
                "symbols": [],
                "media": [
                    {
                        "id": 1615295442631200770,
                        "id_str": "1615295442631200770",
                        "indices": [
                            270,
                            293
                        ],
                        "media_url": "http://pbs.twimg.com/media/FmqupZlXEAIhQLm.jpg",
                        "media_url_https": "https://pbs.twimg.com/media/FmqupZlXEAIhQLm.jpg",
                        "url": "https://t.co/rLHPLCbB9i",
                        "display_url": "pic.twitter.com/rLHPLCbB9i",
                        "expanded_url": "https://twitter.com/AdoptionsUk/status/1615393512396128256/photo/1",
                        "type": "photo",
                        "sizes": {
                            "thumb": {
                                "w": 150,
                                "h": 150,
                                "resize": "crop"
                            },
                            "medium": {
                                "w": 1200,
                                "h": 975,
                                "resize": "fit"
                            },
                            "large": {
                                "w": 2048,
                                "h": 1664,
                                "resize": "fit"
                            },
                            "small": {
                                "w": 680,
                                "h": 553,
                                "resize": "fit"
                            }
                        }
                    }
                ]
            },
            "extended_entities": {
                "media": [
                    {
                        "id": 1615295442631200770,
                        "id_str": "1615295442631200770",
                        "indices": [
                            270,
                            293
                        ],
                        "media_url": "http://pbs.twimg.com/media/FmqupZlXEAIhQLm.jpg",
                        "media_url_https": "https://pbs.twimg.com/media/FmqupZlXEAIhQLm.jpg",
                        "url": "https://t.co/rLHPLCbB9i",
                        "display_url": "pic.twitter.com/rLHPLCbB9i",
                        "expanded_url": "https://twitter.com/AdoptionsUk/status/1615393512396128256/photo/1",
                        "type": "photo",
                        "sizes": {
                            "thumb": {
                                "w": 150,
                                "h": 150,
                                "resize": "crop"
                            },
                            "medium": {
                                "w": 1200,
                                "h": 975,
                                "resize": "fit"
                            },
                            "large": {
                                "w": 2048,
                                "h": 1664,
                                "resize": "fit"
                            },
                            "small": {
                                "w": 680,
                                "h": 553,
                                "resize": "fit"
                            }
                        }
                    }
                ]
            }
        },
        "quote_count": 2,
        "reply_count": 4,
        "retweet_count": 231,
        "favorite_count": 169,
        "entities": {
            "hashtags": [
                {
                    "text": "CHESHIRE",
                    "indices": [
                        41,
                        50
                    ]
                },
                {
                    "text": "UK",
                    "indices": [
                        51,
                        54
                    ]
                }
            ],
            "urls": [
                {
                    "url": "https://t.co/JYZMmw5ND3",
                    "expanded_url": "https://twitter.com/i/web/status/1615393512396128256",
                    "display_url": "twitter.com/i/web/status/1…",
                    "indices": [
                        117,
                        140
                    ]
                }
            ],
            "user_mentions": [],
            "symbols": []
        },
        "favorited": false,
        "retweeted": false,
        "possibly_sensitive": false,
        "filter_level": "low",
        "lang": "en"
    },
    "is_quote_status": false,
    "quote_count": 0,
    "reply_count": 0,
    "retweet_count": 0,
    "favorite_count": 0,
    "entities": {
        "hashtags": [
            {
                "text": "CHESHIRE",
                "indices": [
                    58,
                    67
                ]
            },
            {
                "text": "UK",
                "indices": [
                    68,
                    71
                ]
            }
        ],
        "urls": [],
        "user_mentions": [
            {
                "screen_name": "AdoptionsUk",
                "name": "Animal Adoptions UK 🐕‍🦺🐈🐎❤️",
                "id": 1231514832479948802,
                "id_str": "1231514832479948802",
                "indices": [
                    3,
                    15
                ]
            }
        ],
        "symbols": []
    },
    "favorited": false,
    "retweeted": false,
    "filter_level": "low",
    "lang": "en",
    "timestamp_ms": "1674023866596"
}