{
    "created_at": "Wed Jan 18 06:37:52 +0000 2023",
    "id": 1615599333075996672,
    "id_str": "1615599333075996672",
    "text": "RT @EuromaidanPress: \"If Russia wins the war in Ukraine, we will see decades of this kind of behaviour ahead of us,\" the Prime Minister of…",
    "source": "<a href=\"http://twitter.com/#!/download/ipad\" rel=\"nofollow\">Twitter for iPad</a>",
    "truncated": false,
    "in_reply_to_status_id": null,
    "in_reply_to_status_id_str": null,
    "in_reply_to_user_id": null,
    "in_reply_to_user_id_str": null,
    "in_reply_to_screen_name": null,
    "user": {
        "id": 1169009086261792769,
        "id_str": "1169009086261792769",
        "name": "Bruce Macpherson",
        "screen_name": "BruceMacpherso8",
        "location": null,
        "url": null,
        "description": "I’m old and cranky, and I block people who are demonstrably dim.",
        "translator_type": "none",
        "protected": false,
        "verified": false,
        "verified_type": "blue",
        "followers_count": 24,
        "friends_count": 163,
        "listed_count": 0,
        "favourites_count": 35459,
        "statuses_count": 359,
        "created_at": "Tue Sep 03 22:09:17 +0000 2019",
        "utc_offset": null,
        "time_zone": null,
        "geo_enabled": false,
        "lang": null,
        "contributors_enabled": false,
        "is_translator": false,
        "profile_background_color": "F5F8FA",
        "profile_background_image_url": "",
        "profile_background_image_url_https": "",
        "profile_background_tile": false,
        "profile_link_color": "1DA1F2",
        "profile_sidebar_border_color": "C0DEED",
        "profile_sidebar_fill_color": "DDEEF6",
        "profile_text_color": "333333",
        "profile_use_background_image": true,
        "profile_image_url": "http://abs.twimg.com/sticky/default_profile_images/default_profile_normal.png",
        "profile_image_url_https": "https://abs.twimg.com/sticky/default_profile_images/default_profile_normal.png",
        "default_profile": true,
        "default_profile_image": false,
        "following": null,
        "follow_request_sent": null,
        "notifications": null,
        "withheld_in_countries": []
    },
    "geo": null,
    "coordinates": null,
    "place": null,
    "contributors": null,
    "retweeted_status": {
        "created_at": "Wed Jan 18 06:17:30 +0000 2023",
        "id": 1615594208370229254,
        "id_str": "1615594208370229254",
        "text": "\"If Russia wins the war in Ukraine, we will see decades of this kind of behaviour ahead of us,\" the Prime Minister… https://t.co/E9f1GLZ5SX",
        "display_text_range": [
            0,
            140
        ],
        "source": "<a href=\"https://mobile.twitter.com\" rel=\"nofollow\">Twitter Web App</a>",
        "truncated": true,
        "in_reply_to_status_id": null,
        "in_reply_to_status_id_str": null,
        "in_reply_to_user_id": null,
        "in_reply_to_user_id_str": null,
        "in_reply_to_screen_name": null,
        "user": {
            "id": 2595088842,
            "id_str": "2595088842",
            "name": "Euromaidan Press",
            "screen_name": "EuromaidanPress",
            "location": null,
            "url": "http://euromaidanpress.com",
            "description": "News and views from Ukraine. Support our independent grassroots media outlet here: http://patreon.com/euromaidanpress",
            "translator_type": "none",
            "protected": false,
            "verified": true,
            "verified_type": "blue",
            "followers_count": 307573,
            "friends_count": 1407,
            "listed_count": 5789,
            "favourites_count": 5603,
            "statuses_count": 87498,
            "created_at": "Sun Jun 29 17:47:52 +0000 2014",
            "utc_offset": null,
            "time_zone": null,
            "geo_enabled": true,
            "lang": null,
            "contributors_enabled": false,
            "is_translator": false,
            "profile_background_color": "FFFFFF",
            "profile_background_image_url": "http://abs.twimg.com/images/themes/theme15/bg.png",
            "profile_background_image_url_https": "https://abs.twimg.com/images/themes/theme15/bg.png",
            "profile_background_tile": false,
            "profile_link_color": "05ACFA",
            "profile_sidebar_border_color": "FFFFFF",
            "profile_sidebar_fill_color": "DDEEF6",
            "profile_text_color": "333333",
            "profile_use_background_image": false,
            "profile_image_url": "http://pbs.twimg.com/profile_images/1596465959421739008/oZh3_O7h_normal.jpg",
            "profile_image_url_https": "https://pbs.twimg.com/profile_images/1596465959421739008/oZh3_O7h_normal.jpg",
            "profile_banner_url": "https://pbs.twimg.com/profile_banners/2595088842/1646062061",
            "default_profile": false,
            "default_profile_image": false,
            "following": null,
            "follow_request_sent": null,
            "notifications": null,
            "withheld_in_countries": []
        },
        "geo": null,
        "coordinates": null,
        "place": null,
        "contributors": null,
        "is_quote_status": false,
        "extended_tweet": {
            "full_text": "\"If Russia wins the war in Ukraine, we will see decades of this kind of behaviour ahead of us,\" the Prime Minister of Finland Sanna Marin said in Davos.\n🎥https://t.co/Qf6tN2EQbl https://t.co/99zXvPgkMz",
            "display_text_range": [
                0,
                177
            ],
            "entities": {
                "hashtags": [],
                "urls": [
                    {
                        "url": "https://t.co/Qf6tN2EQbl",
                        "expanded_url": "http://weforum.org",
                        "display_url": "weforum.org",
                        "indices": [
                            154,
                            177
                        ]
                    }
                ],
                "user_mentions": [],
                "symbols": [],
                "media": [
                    {
                        "id": 1615584561047506944,
                        "id_str": "1615584561047506944",
                        "indices": [
                            178,
                            201
                        ],
                        "additional_media_info": {
                            "monetizable": false
                        },
                        "media_url": "http://pbs.twimg.com/ext_tw_video_thumb/1615584561047506944/pu/img/NVEvMs3JXw-CIHv3.jpg",
                        "media_url_https": "https://pbs.twimg.com/ext_tw_video_thumb/1615584561047506944/pu/img/NVEvMs3JXw-CIHv3.jpg",
                        "url": "https://t.co/99zXvPgkMz",
                        "display_url": "pic.twitter.com/99zXvPgkMz",
                        "expanded_url": "https://twitter.com/EuromaidanPress/status/1615594208370229254/video/1",
                        "type": "video",
                        "video_info": {
                            "aspect_ratio": [
                                323,
                                180
                            ],
                            "duration_millis": 31136,
                            "variants": [
                                {
                                    "content_type": "application/x-mpegURL",
                                    "url": "https://video.twimg.com/ext_tw_video/1615584561047506944/pu/pl/1RGejs8WhIrkuHlT.m3u8?tag=12&container=fmp4"
                                },
                                {
                                    "bitrate": 256000,
                                    "content_type": "video/mp4",
                                    "url": "https://video.twimg.com/ext_tw_video/1615584561047506944/pu/vid/484x270/5D2-Pk7nTJWFKIb3.mp4?tag=12"
                                },
                                {
                                    "bitrate": 832000,
                                    "content_type": "video/mp4",
                                    "url": "https://video.twimg.com/ext_tw_video/1615584561047506944/pu/vid/646x360/rkA46JnBSFUN3DLB.mp4?tag=12"
                                }
                            ]
                        },
                        "sizes": {
                            "thumb": {
                                "w": 150,
                                "h": 150,
                                "resize": "crop"
                            },
                            "medium": {
                                "w": 646,
                                "h": 360,
                                "resize": "fit"
                            },
                            "large": {
                                "w": 646,
                                "h": 360,
                                "resize": "fit"
                            },
                            "small": {
                                "w": 646,
                                "h": 360,
                                "resize": "fit"
                            }
                        }
                    }
                ]
            },
            "extended_entities": {
                "media": [
                    {
                        "id": 1615584561047506944,
                        "id_str": "1615584561047506944",
                        "indices": [
                            178,
                            201
                        ],
                        "additional_media_info": {
                            "monetizable": false
                        },
                        "media_url": "http://pbs.twimg.com/ext_tw_video_thumb/1615584561047506944/pu/img/NVEvMs3JXw-CIHv3.jpg",
                        "media_url_https": "https://pbs.twimg.com/ext_tw_video_thumb/1615584561047506944/pu/img/NVEvMs3JXw-CIHv3.jpg",
                        "url": "https://t.co/99zXvPgkMz",
                        "display_url": "pic.twitter.com/99zXvPgkMz",
                        "expanded_url": "https://twitter.com/EuromaidanPress/status/1615594208370229254/video/1",
                        "type": "video",
                        "video_info": {
                            "aspect_ratio": [
                                323,
                                180
                            ],
                            "duration_millis": 31136,
                            "variants": [
                                {
                                    "content_type": "application/x-mpegURL",
                                    "url": "https://video.twimg.com/ext_tw_video/1615584561047506944/pu/pl/1RGejs8WhIrkuHlT.m3u8?tag=12&container=fmp4"
                                },
                                {
                                    "bitrate": 256000,
                                    "content_type": "video/mp4",
                                    "url": "https://video.twimg.com/ext_tw_video/1615584561047506944/pu/vid/484x270/5D2-Pk7nTJWFKIb3.mp4?tag=12"
                                },
                                {
                                    "bitrate": 832000,
                                    "content_type": "video/mp4",
                                    "url": "https://video.twimg.com/ext_tw_video/1615584561047506944/pu/vid/646x360/rkA46JnBSFUN3DLB.mp4?tag=12"
                                }
                            ]
                        },
                        "sizes": {
                            "thumb": {
                                "w": 150,
                                "h": 150,
                                "resize": "crop"
                            },
                            "medium": {
                                "w": 646,
                                "h": 360,
                                "resize": "fit"
                            },
                            "large": {
                                "w": 646,
                                "h": 360,
                                "resize": "fit"
                            },
                            "small": {
                                "w": 646,
                                "h": 360,
                                "resize": "fit"
                            }
                        }
                    }
                ]
            }
        },
        "quote_count": 5,
        "reply_count": 7,
        "retweet_count": 60,
        "favorite_count": 323,
        "entities": {
            "hashtags": [],
            "urls": [
                {
                    "url": "https://t.co/E9f1GLZ5SX",
                    "expanded_url": "https://twitter.com/i/web/status/1615594208370229254",
                    "display_url": "twitter.com/i/web/status/1…",
                    "indices": [
                        116,
                        139
                    ]
                }
            ],
            "user_mentions": [],
            "symbols": []
        },
        "favorited": false,
        "retweeted": false,
        "possibly_sensitive": false,
        "filter_level": "low",
        "lang": "en"
    },
    "is_quote_status": false,
    "quote_count": 0,
    "reply_count": 0,
    "retweet_count": 0,
    "favorite_count": 0,
    "entities": {
        "hashtags": [],
        "urls": [],
        "user_mentions": [
            {
                "screen_name": "EuromaidanPress",
                "name": "Euromaidan Press",
                "id": 2595088842,
                "id_str": "2595088842",
                "indices": [
                    3,
                    19
                ]
            }
        ],
        "symbols": []
    },
    "favorited": false,
    "retweeted": false,
    "filter_level": "low",
    "lang": "en",
    "timestamp_ms": "1674023872046"
}