{
    "created_at": "Wed Jan 18 06:37:47 +0000 2023",
    "id": 1615599315023716352,
    "id_str": "1615599315023716352",
    "text": "RT @PreityUpala: Hindus make up 2% of the UK population and 0% of its prison population\n\nMuslims make up 4% of the UK population and almost…",
    "source": "<a href=\"http://twitter.com/download/android\" rel=\"nofollow\">Twitter for Android</a>",
    "truncated": false,
    "in_reply_to_status_id": null,
    "in_reply_to_status_id_str": null,
    "in_reply_to_user_id": null,
    "in_reply_to_user_id_str": null,
    "in_reply_to_screen_name": null,
    "user": {
        "id": 1559856331032449024,
        "id_str": "1559856331032449024",
        "name": "sriram prasanna",
        "screen_name": "sriramprasann15",
        "location": null,
        "url": null,
        "description": "Satyameva Jayanti 🙏",
        "translator_type": "none",
        "protected": false,
        "verified": false,
        "verified_type": "blue",
        "followers_count": 158,
        "friends_count": 278,
        "listed_count": 0,
        "favourites_count": 25187,
        "statuses_count": 22006,
        "created_at": "Wed Aug 17 10:55:26 +0000 2022",
        "utc_offset": null,
        "time_zone": null,
        "geo_enabled": false,
        "lang": null,
        "contributors_enabled": false,
        "is_translator": false,
        "profile_background_color": "F5F8FA",
        "profile_background_image_url": "",
        "profile_background_image_url_https": "",
        "profile_background_tile": false,
        "profile_link_color": "1DA1F2",
        "profile_sidebar_border_color": "C0DEED",
        "profile_sidebar_fill_color": "DDEEF6",
        "profile_text_color": "333333",
        "profile_use_background_image": true,
        "profile_image_url": "http://pbs.twimg.com/profile_images/1615204645437313025/tcxm3pB6_normal.jpg",
        "profile_image_url_https": "https://pbs.twimg.com/profile_images/1615204645437313025/tcxm3pB6_normal.jpg",
        "profile_banner_url": "https://pbs.twimg.com/profile_banners/1559856331032449024/1660734630",
        "default_profile": true,
        "default_profile_image": false,
        "following": null,
        "follow_request_sent": null,
        "notifications": null,
        "withheld_in_countries": []
    },
    "geo": null,
    "coordinates": null,
    "place": null,
    "contributors": null,
    "retweeted_status": {
        "created_at": "Wed Jan 18 00:56:17 +0000 2023",
        "id": 1615513371725672449,
        "id_str": "1615513371725672449",
        "text": "Hindus make up 2% of the UK population and 0% of its prison population\n\nMuslims make up 4% of the UK population and… https://t.co/pXdU3CyZ7p",
        "source": "<a href=\"http://twitter.com/download/iphone\" rel=\"nofollow\">Twitter for iPhone</a>",
        "truncated": true,
        "in_reply_to_status_id": null,
        "in_reply_to_status_id_str": null,
        "in_reply_to_user_id": null,
        "in_reply_to_user_id_str": null,
        "in_reply_to_screen_name": null,
        "user": {
            "id": 56650645,
            "id_str": "56650645",
            "name": "ThePreityEffect™🇺🇲🇮🇳",
            "screen_name": "PreityUpala",
            "location": "Los Angeles, CA",
            "url": "https://linktr.ee/Thepreityeffect",
            "description": "Geo-Political Expert|TV Host|Speaker|Author @CNN @Forbes @WEF @EUICCI @thepreityexp: DM👉Media Enquiries",
            "translator_type": "none",
            "protected": false,
            "verified": false,
            "verified_type": "blue",
            "followers_count": 24960,
            "friends_count": 8476,
            "listed_count": 9,
            "favourites_count": 90505,
            "statuses_count": 44876,
            "created_at": "Tue Jul 14 09:13:02 +0000 2009",
            "utc_offset": null,
            "time_zone": null,
            "geo_enabled": false,
            "lang": null,
            "contributors_enabled": false,
            "is_translator": false,
            "profile_background_color": "C0DEED",
            "profile_background_image_url": "http://abs.twimg.com/images/themes/theme1/bg.png",
            "profile_background_image_url_https": "https://abs.twimg.com/images/themes/theme1/bg.png",
            "profile_background_tile": false,
            "profile_link_color": "1DA1F2",
            "profile_sidebar_border_color": "C0DEED",
            "profile_sidebar_fill_color": "DDEEF6",
            "profile_text_color": "333333",
            "profile_use_background_image": true,
            "profile_image_url": "http://pbs.twimg.com/profile_images/1545134346016681984/qvivMshy_normal.jpg",
            "profile_image_url_https": "https://pbs.twimg.com/profile_images/1545134346016681984/qvivMshy_normal.jpg",
            "profile_banner_url": "https://pbs.twimg.com/profile_banners/56650645/1658962016",
            "default_profile": true,
            "default_profile_image": false,
            "following": null,
            "follow_request_sent": null,
            "notifications": null,
            "withheld_in_countries": []
        },
        "geo": null,
        "coordinates": null,
        "place": null,
        "contributors": null,
        "is_quote_status": false,
        "extended_tweet": {
            "full_text": "Hindus make up 2% of the UK population and 0% of its prison population\n\nMuslims make up 4% of the UK population and almost 20% of its prison population \n\nThey are 20 times more likely to commit crimes than Hindus. Stop shamelessly demonizing Hindus who are an integral part of UK",
            "display_text_range": [
                0,
                279
            ],
            "entities": {
                "hashtags": [],
                "urls": [],
                "user_mentions": [],
                "symbols": []
            }
        },
        "quote_count": 42,
        "reply_count": 106,
        "retweet_count": 1838,
        "favorite_count": 7025,
        "entities": {
            "hashtags": [],
            "urls": [
                {
                    "url": "https://t.co/pXdU3CyZ7p",
                    "expanded_url": "https://twitter.com/i/web/status/1615513371725672449",
                    "display_url": "twitter.com/i/web/status/1…",
                    "indices": [
                        117,
                        140
                    ]
                }
            ],
            "user_mentions": [],
            "symbols": []
        },
        "favorited": false,
        "retweeted": false,
        "filter_level": "low",
        "lang": "en"
    },
    "is_quote_status": false,
    "quote_count": 0,
    "reply_count": 0,
    "retweet_count": 0,
    "favorite_count": 0,
    "entities": {
        "hashtags": [],
        "urls": [],
        "user_mentions": [
            {
                "screen_name": "PreityUpala",
                "name": "ThePreityEffect™🇺🇲🇮🇳",
                "id": 56650645,
                "id_str": "56650645",
                "indices": [
                    3,
                    15
                ]
            }
        ],
        "symbols": []
    },
    "favorited": false,
    "retweeted": false,
    "filter_level": "low",
    "lang": "en",
    "timestamp_ms": "1674023867742"
}