{
    "created_at": "Wed Jan 18 06:37:51 +0000 2023",
    "id": 1615599329263190016,
    "id_str": "1615599329263190016",
    "text": "RT @Jonestheregen: Hull England. Hello Wednesday https://t.co/zvqfP6UqgK",
    "source": "<a href=\"http://twitter.com/download/iphone\" rel=\"nofollow\">Twitter for iPhone</a>",
    "truncated": false,
    "in_reply_to_status_id": null,
    "in_reply_to_status_id_str": null,
    "in_reply_to_user_id": null,
    "in_reply_to_user_id_str": null,
    "in_reply_to_screen_name": null,
    "user": {
        "id": 961062661,
        "id_str": "961062661",
        "name": "Margaret Pinder",
        "screen_name": "MargaretPinder",
        "location": "Beverley, East Yorkshire",
        "url": "https://www.margaretpinder.com/",
        "description": "Too smart to fail; too dumb to quit. Yorkshire born & bred. Labour candidate GE 2015. Jo Cox Women in Leadership 2022. Contra- bassista. Solvitur ambulando.",
        "translator_type": "none",
        "protected": false,
        "verified": false,
        "verified_type": "blue",
        "followers_count": 1083,
        "friends_count": 1996,
        "listed_count": 35,
        "favourites_count": 8661,
        "statuses_count": 13198,
        "created_at": "Tue Nov 20 19:23:09 +0000 2012",
        "utc_offset": null,
        "time_zone": null,
        "geo_enabled": true,
        "lang": null,
        "contributors_enabled": false,
        "is_translator": false,
        "profile_background_color": "C0DEED",
        "profile_background_image_url": "http://abs.twimg.com/images/themes/theme1/bg.png",
        "profile_background_image_url_https": "https://abs.twimg.com/images/themes/theme1/bg.png",
        "profile_background_tile": false,
        "profile_link_color": "DD2E44",
        "profile_sidebar_border_color": "FFFFFF",
        "profile_sidebar_fill_color": "DDEEF6",
        "profile_text_color": "333333",
        "profile_use_background_image": true,
        "profile_image_url": "http://pbs.twimg.com/profile_images/1597136765428682753/3b_Z8ZVI_normal.jpg",
        "profile_image_url_https": "https://pbs.twimg.com/profile_images/1597136765428682753/3b_Z8ZVI_normal.jpg",
        "profile_banner_url": "https://pbs.twimg.com/profile_banners/961062661/1669621751",
        "default_profile": false,
        "default_profile_image": false,
        "following": null,
        "follow_request_sent": null,
        "notifications": null,
        "withheld_in_countries": []
    },
    "geo": null,
    "coordinates": null,
    "place": null,
    "contributors": null,
    "retweeted_status": {
        "created_at": "Wed Jan 18 05:44:02 +0000 2023",
        "id": 1615585787009007616,
        "id_str": "1615585787009007616",
        "text": "Hull England. Hello Wednesday https://t.co/zvqfP6UqgK",
        "display_text_range": [
            0,
            29
        ],
        "source": "<a href=\"http://twitter.com/download/android\" rel=\"nofollow\">Twitter for Android</a>",
        "truncated": false,
        "in_reply_to_status_id": null,
        "in_reply_to_status_id_str": null,
        "in_reply_to_user_id": null,
        "in_reply_to_user_id_str": null,
        "in_reply_to_screen_name": null,
        "user": {
            "id": 2578162147,
            "id_str": "2578162147",
            "name": "Mark Jones MBE 💎",
            "screen_name": "Jonestheregen",
            "location": "Hull",
            "url": null,
            "description": "Director of Regeneration at Hull City Council.\nProud of a brilliant team.\nLead for our fantastic Care Leavers 💎 \nLikes: Outdoors, Motorcycles and Drag Racing",
            "translator_type": "none",
            "protected": false,
            "verified": false,
            "verified_type": "blue",
            "followers_count": 21210,
            "friends_count": 19444,
            "listed_count": 43,
            "favourites_count": 728047,
            "statuses_count": 10405,
            "created_at": "Fri Jun 20 06:14:53 +0000 2014",
            "utc_offset": null,
            "time_zone": null,
            "geo_enabled": false,
            "lang": null,
            "contributors_enabled": false,
            "is_translator": false,
            "profile_background_color": "C0DEED",
            "profile_background_image_url": "http://abs.twimg.com/images/themes/theme1/bg.png",
            "profile_background_image_url_https": "https://abs.twimg.com/images/themes/theme1/bg.png",
            "profile_background_tile": false,
            "profile_link_color": "1DA1F2",
            "profile_sidebar_border_color": "C0DEED",
            "profile_sidebar_fill_color": "DDEEF6",
            "profile_text_color": "333333",
            "profile_use_background_image": true,
            "profile_image_url": "http://pbs.twimg.com/profile_images/1189223021313175554/ahP2DAAl_normal.jpg",
            "profile_image_url_https": "https://pbs.twimg.com/profile_images/1189223021313175554/ahP2DAAl_normal.jpg",
            "profile_banner_url": "https://pbs.twimg.com/profile_banners/2578162147/1572367838",
            "default_profile": true,
            "default_profile_image": false,
            "following": null,
            "follow_request_sent": null,
            "notifications": null,
            "withheld_in_countries": []
        },
        "geo": null,
        "coordinates": null,
        "place": null,
        "contributors": null,
        "is_quote_status": false,
        "quote_count": 2,
        "reply_count": 6,
        "retweet_count": 3,
        "favorite_count": 83,
        "entities": {
            "hashtags": [],
            "urls": [],
            "user_mentions": [],
            "symbols": [],
            "media": [
                {
                    "id": 1615585784458891264,
                    "id_str": "1615585784458891264",
                    "indices": [
                        30,
                        53
                    ],
                    "media_url": "http://pbs.twimg.com/media/Fmu2thLX0AArJ5r.jpg",
                    "media_url_https": "https://pbs.twimg.com/media/Fmu2thLX0AArJ5r.jpg",
                    "url": "https://t.co/zvqfP6UqgK",
                    "display_url": "pic.twitter.com/zvqfP6UqgK",
                    "expanded_url": "https://twitter.com/Jonestheregen/status/1615585787009007616/photo/1",
                    "type": "photo",
                    "sizes": {
                        "thumb": {
                            "w": 150,
                            "h": 150,
                            "resize": "crop"
                        },
                        "medium": {
                            "w": 900,
                            "h": 1200,
                            "resize": "fit"
                        },
                        "large": {
                            "w": 1536,
                            "h": 2048,
                            "resize": "fit"
                        },
                        "small": {
                            "w": 510,
                            "h": 680,
                            "resize": "fit"
                        }
                    }
                }
            ]
        },
        "extended_entities": {
            "media": [
                {
                    "id": 1615585784458891264,
                    "id_str": "1615585784458891264",
                    "indices": [
                        30,
                        53
                    ],
                    "media_url": "http://pbs.twimg.com/media/Fmu2thLX0AArJ5r.jpg",
                    "media_url_https": "https://pbs.twimg.com/media/Fmu2thLX0AArJ5r.jpg",
                    "url": "https://t.co/zvqfP6UqgK",
                    "display_url": "pic.twitter.com/zvqfP6UqgK",
                    "expanded_url": "https://twitter.com/Jonestheregen/status/1615585787009007616/photo/1",
                    "type": "photo",
                    "sizes": {
                        "thumb": {
                            "w": 150,
                            "h": 150,
                            "resize": "crop"
                        },
                        "medium": {
                            "w": 900,
                            "h": 1200,
                            "resize": "fit"
                        },
                        "large": {
                            "w": 1536,
                            "h": 2048,
                            "resize": "fit"
                        },
                        "small": {
                            "w": 510,
                            "h": 680,
                            "resize": "fit"
                        }
                    }
                }
            ]
        },
        "favorited": false,
        "retweeted": false,
        "possibly_sensitive": false,
        "filter_level": "low",
        "lang": "en"
    },
    "is_quote_status": false,
    "quote_count": 0,
    "reply_count": 0,
    "retweet_count": 0,
    "favorite_count": 0,
    "entities": {
        "hashtags": [],
        "urls": [],
        "user_mentions": [
            {
                "screen_name": "Jonestheregen",
                "name": "Mark Jones MBE 💎",
                "id": 2578162147,
                "id_str": "2578162147",
                "indices": [
                    3,
                    17
                ]
            }
        ],
        "symbols": [],
        "media": [
            {
                "id": 1615585784458891264,
                "id_str": "1615585784458891264",
                "indices": [
                    49,
                    72
                ],
                "media_url": "http://pbs.twimg.com/media/Fmu2thLX0AArJ5r.jpg",
                "media_url_https": "https://pbs.twimg.com/media/Fmu2thLX0AArJ5r.jpg",
                "url": "https://t.co/zvqfP6UqgK",
                "display_url": "pic.twitter.com/zvqfP6UqgK",
                "expanded_url": "https://twitter.com/Jonestheregen/status/1615585787009007616/photo/1",
                "type": "photo",
                "sizes": {
                    "thumb": {
                        "w": 150,
                        "h": 150,
                        "resize": "crop"
                    },
                    "medium": {
                        "w": 900,
                        "h": 1200,
                        "resize": "fit"
                    },
                    "large": {
                        "w": 1536,
                        "h": 2048,
                        "resize": "fit"
                    },
                    "small": {
                        "w": 510,
                        "h": 680,
                        "resize": "fit"
                    }
                },
                "source_status_id": 1615585787009007616,
                "source_status_id_str": "1615585787009007616",
                "source_user_id": 2578162147,
                "source_user_id_str": "2578162147"
            }
        ]
    },
    "extended_entities": {
        "media": [
            {
                "id": 1615585784458891264,
                "id_str": "1615585784458891264",
                "indices": [
                    49,
                    72
                ],
                "media_url": "http://pbs.twimg.com/media/Fmu2thLX0AArJ5r.jpg",
                "media_url_https": "https://pbs.twimg.com/media/Fmu2thLX0AArJ5r.jpg",
                "url": "https://t.co/zvqfP6UqgK",
                "display_url": "pic.twitter.com/zvqfP6UqgK",
                "expanded_url": "https://twitter.com/Jonestheregen/status/1615585787009007616/photo/1",
                "type": "photo",
                "sizes": {
                    "thumb": {
                        "w": 150,
                        "h": 150,
                        "resize": "crop"
                    },
                    "medium": {
                        "w": 900,
                        "h": 1200,
                        "resize": "fit"
                    },
                    "large": {
                        "w": 1536,
                        "h": 2048,
                        "resize": "fit"
                    },
                    "small": {
                        "w": 510,
                        "h": 680,
                        "resize": "fit"
                    }
                },
                "source_status_id": 1615585787009007616,
                "source_status_id_str": "1615585787009007616",
                "source_user_id": 2578162147,
                "source_user_id_str": "2578162147"
            }
        ]
    },
    "favorited": false,
    "retweeted": false,
    "possibly_sensitive": false,
    "filter_level": "low",
    "lang": "en",
    "timestamp_ms": "1674023871137"
}