{
    "created_at": "Wed Jan 18 06:37:47 +0000 2023",
    "id": 1615599314792812544,
    "id_str": "1615599314792812544",
    "text": "It ain’t worth it tbh",
    "source": "<a href=\"http://twitter.com/download/iphone\" rel=\"nofollow\">Twitter for iPhone</a>",
    "truncated": false,
    "in_reply_to_status_id": null,
    "in_reply_to_status_id_str": null,
    "in_reply_to_user_id": null,
    "in_reply_to_user_id_str": null,
    "in_reply_to_screen_name": null,
    "user": {
        "id": 1616745733,
        "id_str": "1616745733",
        "name": "Da Outlaw⚜️🔱",
        "screen_name": "Riggs_Gee",
        "location": null,
        "url": null,
        "description": "⚜️Snapchat:Lilmingo38 Instagram:Nolia_Fresh4",
        "translator_type": "none",
        "protected": false,
        "verified": false,
        "verified_type": "blue",
        "followers_count": 1186,
        "friends_count": 2145,
        "listed_count": 1,
        "favourites_count": 5190,
        "statuses_count": 21083,
        "created_at": "Wed Jul 24 03:32:50 +0000 2013",
        "utc_offset": null,
        "time_zone": null,
        "geo_enabled": true,
        "lang": null,
        "contributors_enabled": false,
        "is_translator": false,
        "profile_background_color": "C0DEED",
        "profile_background_image_url": "http://abs.twimg.com/images/themes/theme1/bg.png",
        "profile_background_image_url_https": "https://abs.twimg.com/images/themes/theme1/bg.png",
        "profile_background_tile": false,
        "profile_link_color": "1DA1F2",
        "profile_sidebar_border_color": "C0DEED",
        "profile_sidebar_fill_color": "DDEEF6",
        "profile_text_color": "333333",
        "profile_use_background_image": true,
        "profile_image_url": "http://pbs.twimg.com/profile_images/1458847859600769026/SX7NtlAW_normal.jpg",
        "profile_image_url_https": "https://pbs.twimg.com/profile_images/1458847859600769026/SX7NtlAW_normal.jpg",
        "profile_banner_url": "https://pbs.twimg.com/profile_banners/1616745733/1600011471",
        "default_profile": true,
        "default_profile_image": false,
        "following": null,
        "follow_request_sent": null,
        "notifications": null,
        "withheld_in_countries": []
    },
    "geo": null,
    "coordinates": null,
    "place": null,
    "contributors": null,
    "quoted_status_id": 1615514050867216384,
    "quoted_status_id_str": "1615514050867216384",
    "quoted_status": {
        "created_at": "Wed Jan 18 00:58:59 +0000 2023",
        "id": 1615514050867216384,
        "id_str": "1615514050867216384",
        "text": "I’ve been in Birmingham since 2017, and still never ate Green Acres",
        "source": "<a href=\"http://twitter.com/download/iphone\" rel=\"nofollow\">Twitter for iPhone</a>",
        "truncated": false,
        "in_reply_to_status_id": null,
        "in_reply_to_status_id_str": null,
        "in_reply_to_user_id": null,
        "in_reply_to_user_id_str": null,
        "in_reply_to_screen_name": null,
        "user": {
            "id": 2386127059,
            "id_str": "2386127059",
            "name": "♡",
            "screen_name": "rayvkeyan",
            "location": "256 | 205",
            "url": null,
            "description": "there’s always time to become a better version of yourself. ••••••••• uab alum • madre innis hoe •",
            "translator_type": "none",
            "protected": false,
            "verified": false,
            "verified_type": "blue",
            "followers_count": 934,
            "friends_count": 763,
            "listed_count": 0,
            "favourites_count": 1117,
            "statuses_count": 1301,
            "created_at": "Thu Mar 13 02:04:25 +0000 2014",
            "utc_offset": null,
            "time_zone": null,
            "geo_enabled": true,
            "lang": null,
            "contributors_enabled": false,
            "is_translator": false,
            "profile_background_color": "000000",
            "profile_background_image_url": "http://abs.twimg.com/images/themes/theme1/bg.png",
            "profile_background_image_url_https": "https://abs.twimg.com/images/themes/theme1/bg.png",
            "profile_background_tile": true,
            "profile_link_color": "F58EA8",
            "profile_sidebar_border_color": "FFFFFF",
            "profile_sidebar_fill_color": "DDEEF6",
            "profile_text_color": "333333",
            "profile_use_background_image": false,
            "profile_image_url": "http://pbs.twimg.com/profile_images/1570704876358836227/Vo2SuP1__normal.jpg",
            "profile_image_url_https": "https://pbs.twimg.com/profile_images/1570704876358836227/Vo2SuP1__normal.jpg",
            "profile_banner_url": "https://pbs.twimg.com/profile_banners/2386127059/1663320245",
            "default_profile": false,
            "default_profile_image": false,
            "following": null,
            "follow_request_sent": null,
            "notifications": null,
            "withheld_in_countries": []
        },
        "geo": null,
        "coordinates": null,
        "place": null,
        "contributors": null,
        "is_quote_status": false,
        "quote_count": 1,
        "reply_count": 2,
        "retweet_count": 0,
        "favorite_count": 0,
        "entities": {
            "hashtags": [],
            "urls": [],
            "user_mentions": [],
            "symbols": []
        },
        "favorited": false,
        "retweeted": false,
        "filter_level": "low",
        "lang": "en"
    },
    "quoted_status_permalink": {
        "url": "https://t.co/yZ1AFhoRcg",
        "expanded": "https://twitter.com/rayvkeyan/status/1615514050867216384",
        "display": "twitter.com/rayvkeyan/stat…"
    },
    "is_quote_status": true,
    "quote_count": 0,
    "reply_count": 0,
    "retweet_count": 0,
    "favorite_count": 0,
    "entities": {
        "hashtags": [],
        "urls": [],
        "user_mentions": [],
        "symbols": []
    },
    "favorited": false,
    "retweeted": false,
    "filter_level": "low",
    "lang": "en",
    "timestamp_ms": "1674023867687"
}