{
    "created_at": "Wed Jan 18 06:37:46 +0000 2023",
    "id": 1615599309931552769,
    "id_str": "1615599309931552769",
    "text": "RT @UtdPlug: 🚨 NEW: \n\nShould Kane want to remain in England, then Manchester United could be an option should they maintain their upward tr…",
    "source": "<a href=\"http://twitter.com/download/android\" rel=\"nofollow\">Twitter for Android</a>",
    "truncated": false,
    "in_reply_to_status_id": null,
    "in_reply_to_status_id_str": null,
    "in_reply_to_user_id": null,
    "in_reply_to_user_id_str": null,
    "in_reply_to_screen_name": null,
    "user": {
        "id": 3741286095,
        "id_str": "3741286095",
        "name": "MayD007",
        "screen_name": "MayD03867611",
        "location": "Nigeria",
        "url": null,
        "description": "Tall black boiy from the middle of Nigeria™😎",
        "translator_type": "none",
        "protected": false,
        "verified": false,
        "verified_type": "blue",
        "followers_count": 52,
        "friends_count": 1112,
        "listed_count": 0,
        "favourites_count": 4148,
        "statuses_count": 2153,
        "created_at": "Tue Sep 22 18:21:23 +0000 2015",
        "utc_offset": null,
        "time_zone": null,
        "geo_enabled": true,
        "lang": null,
        "contributors_enabled": false,
        "is_translator": false,
        "profile_background_color": "C0DEED",
        "profile_background_image_url": "http://abs.twimg.com/images/themes/theme1/bg.png",
        "profile_background_image_url_https": "https://abs.twimg.com/images/themes/theme1/bg.png",
        "profile_background_tile": false,
        "profile_link_color": "1DA1F2",
        "profile_sidebar_border_color": "C0DEED",
        "profile_sidebar_fill_color": "DDEEF6",
        "profile_text_color": "333333",
        "profile_use_background_image": true,
        "profile_image_url": "http://pbs.twimg.com/profile_images/1585723096983638025/8O-ugJTe_normal.jpg",
        "profile_image_url_https": "https://pbs.twimg.com/profile_images/1585723096983638025/8O-ugJTe_normal.jpg",
        "profile_banner_url": "https://pbs.twimg.com/profile_banners/3741286095/1666900822",
        "default_profile": true,
        "default_profile_image": false,
        "following": null,
        "follow_request_sent": null,
        "notifications": null,
        "withheld_in_countries": []
    },
    "geo": null,
    "coordinates": null,
    "place": null,
    "contributors": null,
    "retweeted_status": {
        "created_at": "Tue Jan 17 15:32:37 +0000 2023",
        "id": 1615371522046132224,
        "id_str": "1615371522046132224",
        "text": "🚨 NEW: \n\nShould Kane want to remain in England, then Manchester United could be an option should they maintain thei… https://t.co/bfe9fPO6s1",
        "display_text_range": [
            0,
            140
        ],
        "source": "<a href=\"https://mobile.twitter.com\" rel=\"nofollow\">Twitter Web App</a>",
        "truncated": true,
        "in_reply_to_status_id": null,
        "in_reply_to_status_id_str": null,
        "in_reply_to_user_id": null,
        "in_reply_to_user_id_str": null,
        "in_reply_to_screen_name": null,
        "user": {
            "id": 1599057055,
            "id_str": "1599057055",
            "name": "UtdPlug",
            "screen_name": "UtdPlug",
            "location": "Manchester, England",
            "url": null,
            "description": "📲🔴 Covering Manchester United Updates, Transfer News, Stats, Pictures, Quotes, Match Coverage and Much More | @ManUtd | #MUFC",
            "translator_type": "none",
            "protected": false,
            "verified": false,
            "verified_type": "blue",
            "followers_count": 392486,
            "friends_count": 2061,
            "listed_count": 857,
            "favourites_count": 42326,
            "statuses_count": 40450,
            "created_at": "Tue Jul 16 18:47:01 +0000 2013",
            "utc_offset": null,
            "time_zone": null,
            "geo_enabled": true,
            "lang": null,
            "contributors_enabled": false,
            "is_translator": false,
            "profile_background_color": "131516",
            "profile_background_image_url": "http://abs.twimg.com/images/themes/theme14/bg.gif",
            "profile_background_image_url_https": "https://abs.twimg.com/images/themes/theme14/bg.gif",
            "profile_background_tile": true,
            "profile_link_color": "DD2E44",
            "profile_sidebar_border_color": "FFFFFF",
            "profile_sidebar_fill_color": "DDEEF6",
            "profile_text_color": "333333",
            "profile_use_background_image": true,
            "profile_image_url": "http://pbs.twimg.com/profile_images/1433016791559770117/E3jcG92i_normal.jpg",
            "profile_image_url_https": "https://pbs.twimg.com/profile_images/1433016791559770117/E3jcG92i_normal.jpg",
            "profile_banner_url": "https://pbs.twimg.com/profile_banners/1599057055/1671053978",
            "default_profile": false,
            "default_profile_image": false,
            "following": null,
            "follow_request_sent": null,
            "notifications": null,
            "withheld_in_countries": []
        },
        "geo": null,
        "coordinates": null,
        "place": null,
        "contributors": null,
        "is_quote_status": false,
        "extended_tweet": {
            "full_text": "🚨 NEW: \n\nShould Kane want to remain in England, then Manchester United could be an option should they maintain their upward trajectory and qualify for the Champions League. @GraemeBailey #MUFC ✅ https://t.co/Bf8qzdiYJ8",
            "display_text_range": [
                0,
                194
            ],
            "entities": {
                "hashtags": [
                    {
                        "text": "MUFC",
                        "indices": [
                            187,
                            192
                        ]
                    }
                ],
                "urls": [],
                "user_mentions": [
                    {
                        "screen_name": "GraemeBailey",
                        "name": "Graeme Bailey",
                        "id": 20684989,
                        "id_str": "20684989",
                        "indices": [
                            173,
                            186
                        ]
                    }
                ],
                "symbols": [],
                "media": [
                    {
                        "id": 1615371499052978178,
                        "id_str": "1615371499052978178",
                        "indices": [
                            195,
                            218
                        ],
                        "media_url": "http://pbs.twimg.com/media/Fmrz0d1X0AI2vgY.jpg",
                        "media_url_https": "https://pbs.twimg.com/media/Fmrz0d1X0AI2vgY.jpg",
                        "url": "https://t.co/Bf8qzdiYJ8",
                        "display_url": "pic.twitter.com/Bf8qzdiYJ8",
                        "expanded_url": "https://twitter.com/UtdPlug/status/1615371522046132224/photo/1",
                        "type": "photo",
                        "sizes": {
                            "thumb": {
                                "w": 150,
                                "h": 150,
                                "resize": "crop"
                            },
                            "small": {
                                "w": 680,
                                "h": 468,
                                "resize": "fit"
                            },
                            "medium": {
                                "w": 800,
                                "h": 551,
                                "resize": "fit"
                            },
                            "large": {
                                "w": 800,
                                "h": 551,
                                "resize": "fit"
                            }
                        }
                    }
                ]
            },
            "extended_entities": {
                "media": [
                    {
                        "id": 1615371499052978178,
                        "id_str": "1615371499052978178",
                        "indices": [
                            195,
                            218
                        ],
                        "media_url": "http://pbs.twimg.com/media/Fmrz0d1X0AI2vgY.jpg",
                        "media_url_https": "https://pbs.twimg.com/media/Fmrz0d1X0AI2vgY.jpg",
                        "url": "https://t.co/Bf8qzdiYJ8",
                        "display_url": "pic.twitter.com/Bf8qzdiYJ8",
                        "expanded_url": "https://twitter.com/UtdPlug/status/1615371522046132224/photo/1",
                        "type": "photo",
                        "sizes": {
                            "thumb": {
                                "w": 150,
                                "h": 150,
                                "resize": "crop"
                            },
                            "small": {
                                "w": 680,
                                "h": 468,
                                "resize": "fit"
                            },
                            "medium": {
                                "w": 800,
                                "h": 551,
                                "resize": "fit"
                            },
                            "large": {
                                "w": 800,
                                "h": 551,
                                "resize": "fit"
                            }
                        }
                    }
                ]
            }
        },
        "quote_count": 70,
        "reply_count": 176,
        "retweet_count": 220,
        "favorite_count": 3269,
        "entities": {
            "hashtags": [],
            "urls": [
                {
                    "url": "https://t.co/bfe9fPO6s1",
                    "expanded_url": "https://twitter.com/i/web/status/1615371522046132224",
                    "display_url": "twitter.com/i/web/status/1…",
                    "indices": [
                        117,
                        140
                    ]
                }
            ],
            "user_mentions": [],
            "symbols": []
        },
        "favorited": false,
        "retweeted": false,
        "possibly_sensitive": false,
        "filter_level": "low",
        "lang": "en"
    },
    "is_quote_status": false,
    "quote_count": 0,
    "reply_count": 0,
    "retweet_count": 0,
    "favorite_count": 0,
    "entities": {
        "hashtags": [],
        "urls": [],
        "user_mentions": [
            {
                "screen_name": "UtdPlug",
                "name": "UtdPlug",
                "id": 1599057055,
                "id_str": "1599057055",
                "indices": [
                    3,
                    11
                ]
            }
        ],
        "symbols": []
    },
    "favorited": false,
    "retweeted": false,
    "filter_level": "low",
    "lang": "en",
    "timestamp_ms": "1674023866528"
}