{
    "created_at": "Wed Jan 18 06:37:43 +0000 2023",
    "id": 1615599298393116672,
    "id_str": "1615599298393116672",
    "text": "RT @SkyNews: Sky News had rare access to the Labour Party candidate during a brief visit to London https://t.co/cFbi7pkvhx",
    "source": "<a href=\"http://twitter.com/download/android\" rel=\"nofollow\">Twitter for Android</a>",
    "truncated": false,
    "in_reply_to_status_id": null,
    "in_reply_to_status_id_str": null,
    "in_reply_to_user_id": null,
    "in_reply_to_user_id_str": null,
    "in_reply_to_screen_name": null,
    "user": {
        "id": 1555159086341185542,
        "id_str": "1555159086341185542",
        "name": "Cruxcrypto",
        "screen_name": "Cruxcrypto9",
        "location": "Lagos Nigeria",
        "url": "http://www.jobindex.com.ng",
        "description": "Sociologist, blogger,crypto enthusiast, music lover, die hard Manchester United fan. @Peterobi for president, let love lead!",
        "translator_type": "none",
        "protected": false,
        "verified": false,
        "verified_type": "blue",
        "followers_count": 2277,
        "friends_count": 2223,
        "listed_count": 0,
        "favourites_count": 2515,
        "statuses_count": 3282,
        "created_at": "Thu Aug 04 11:50:18 +0000 2022",
        "utc_offset": null,
        "time_zone": null,
        "geo_enabled": false,
        "lang": null,
        "contributors_enabled": false,
        "is_translator": false,
        "profile_background_color": "F5F8FA",
        "profile_background_image_url": "",
        "profile_background_image_url_https": "",
        "profile_background_tile": false,
        "profile_link_color": "1DA1F2",
        "profile_sidebar_border_color": "C0DEED",
        "profile_sidebar_fill_color": "DDEEF6",
        "profile_text_color": "333333",
        "profile_use_background_image": true,
        "profile_image_url": "http://pbs.twimg.com/profile_images/1556177686271238146/VHKAIxIU_normal.jpg",
        "profile_image_url_https": "https://pbs.twimg.com/profile_images/1556177686271238146/VHKAIxIU_normal.jpg",
        "default_profile": true,
        "default_profile_image": false,
        "following": null,
        "follow_request_sent": null,
        "notifications": null,
        "withheld_in_countries": []
    },
    "geo": null,
    "coordinates": null,
    "place": null,
    "contributors": null,
    "retweeted_status": {
        "created_at": "Tue Jan 17 22:22:11 +0000 2023",
        "id": 1615474594135121926,
        "id_str": "1615474594135121926",
        "text": "Sky News had rare access to the Labour Party candidate during a brief visit to London https://t.co/cFbi7pkvhx",
        "source": "<a href=\"http://www.socialflow.com\" rel=\"nofollow\">SocialFlow</a>",
        "truncated": false,
        "in_reply_to_status_id": null,
        "in_reply_to_status_id_str": null,
        "in_reply_to_user_id": null,
        "in_reply_to_user_id_str": null,
        "in_reply_to_screen_name": null,
        "user": {
            "id": 7587032,
            "id_str": "7587032",
            "name": "Sky News",
            "screen_name": "SkyNews",
            "location": "London, UK",
            "url": "http://news.sky.com/",
            "description": "For breaking news @SkyNewsBreak. Watch live on Sky 501, Virgin Media HD 602, Freeview 233 and YouTube.\n\nDownload our app: http://onelink.to/skynews",
            "translator_type": "none",
            "protected": false,
            "verified": true,
            "verified_type": "business",
            "followers_count": 8313184,
            "friends_count": 22,
            "listed_count": 31562,
            "favourites_count": 1,
            "statuses_count": 567376,
            "created_at": "Thu Jul 19 14:42:53 +0000 2007",
            "utc_offset": null,
            "time_zone": null,
            "geo_enabled": false,
            "lang": null,
            "contributors_enabled": false,
            "is_translator": false,
            "profile_background_color": "000000",
            "profile_background_image_url": "http://abs.twimg.com/images/themes/theme1/bg.png",
            "profile_background_image_url_https": "https://abs.twimg.com/images/themes/theme1/bg.png",
            "profile_background_tile": false,
            "profile_link_color": "385FAC",
            "profile_sidebar_border_color": "000000",
            "profile_sidebar_fill_color": "EDEDED",
            "profile_text_color": "333333",
            "profile_use_background_image": true,
            "profile_image_url": "http://pbs.twimg.com/profile_images/1604907328242962433/P_79at43_normal.jpg",
            "profile_image_url_https": "https://pbs.twimg.com/profile_images/1604907328242962433/P_79at43_normal.jpg",
            "profile_banner_url": "https://pbs.twimg.com/profile_banners/7587032/1664187298",
            "default_profile": false,
            "default_profile_image": false,
            "following": null,
            "follow_request_sent": null,
            "notifications": null,
            "withheld_in_countries": []
        },
        "geo": null,
        "coordinates": null,
        "place": null,
        "contributors": null,
        "is_quote_status": false,
        "quote_count": 45,
        "reply_count": 71,
        "retweet_count": 1598,
        "favorite_count": 2752,
        "entities": {
            "hashtags": [],
            "urls": [
                {
                    "url": "https://t.co/cFbi7pkvhx",
                    "expanded_url": "https://trib.al/HbaH7TW",
                    "display_url": "trib.al/HbaH7TW",
                    "indices": [
                        86,
                        109
                    ]
                }
            ],
            "user_mentions": [],
            "symbols": []
        },
        "favorited": false,
        "retweeted": false,
        "possibly_sensitive": false,
        "filter_level": "low",
        "lang": "en"
    },
    "is_quote_status": false,
    "quote_count": 0,
    "reply_count": 0,
    "retweet_count": 0,
    "favorite_count": 0,
    "entities": {
        "hashtags": [],
        "urls": [
            {
                "url": "https://t.co/cFbi7pkvhx",
                "expanded_url": "https://trib.al/HbaH7TW",
                "display_url": "trib.al/HbaH7TW",
                "indices": [
                    99,
                    122
                ]
            }
        ],
        "user_mentions": [
            {
                "screen_name": "SkyNews",
                "name": "Sky News",
                "id": 7587032,
                "id_str": "7587032",
                "indices": [
                    3,
                    11
                ]
            }
        ],
        "symbols": []
    },
    "favorited": false,
    "retweeted": false,
    "possibly_sensitive": false,
    "filter_level": "low",
    "lang": "en",
    "timestamp_ms": "1674023863777"
}