{
    "created_at": "Wed Jan 18 06:37:44 +0000 2023",
    "id": 1615599301555634176,
    "id_str": "1615599301555634176",
    "text": "@BladeoftheS When it suits \n\nhttps://t.co/OujZsWWwBx",
    "display_text_range": [
        13,
        52
    ],
    "source": "<a href=\"http://twitter.com/download/iphone\" rel=\"nofollow\">Twitter for iPhone</a>",
    "truncated": false,
    "in_reply_to_status_id": 1615353986558599169,
    "in_reply_to_status_id_str": "1615353986558599169",
    "in_reply_to_user_id": 1455903807389458436,
    "in_reply_to_user_id_str": "1455903807389458436",
    "in_reply_to_screen_name": "BladeoftheS",
    "user": {
        "id": 3438382305,
        "id_str": "3438382305",
        "name": "Its not me its you",
        "screen_name": "Douknowtheman",
        "location": "Somewhere in time ",
        "url": null,
        "description": "I’ve no time for bullshit",
        "translator_type": "none",
        "protected": false,
        "verified": false,
        "verified_type": "blue",
        "followers_count": 178,
        "friends_count": 2043,
        "listed_count": 0,
        "favourites_count": 5116,
        "statuses_count": 20115,
        "created_at": "Mon Aug 24 20:36:43 +0000 2015",
        "utc_offset": null,
        "time_zone": null,
        "geo_enabled": true,
        "lang": null,
        "contributors_enabled": false,
        "is_translator": false,
        "profile_background_color": "C0DEED",
        "profile_background_image_url": "http://abs.twimg.com/images/themes/theme1/bg.png",
        "profile_background_image_url_https": "https://abs.twimg.com/images/themes/theme1/bg.png",
        "profile_background_tile": false,
        "profile_link_color": "1DA1F2",
        "profile_sidebar_border_color": "C0DEED",
        "profile_sidebar_fill_color": "DDEEF6",
        "profile_text_color": "333333",
        "profile_use_background_image": true,
        "profile_image_url": "http://pbs.twimg.com/profile_images/1539720728316182528/Kf5TT-xg_normal.jpg",
        "profile_image_url_https": "https://pbs.twimg.com/profile_images/1539720728316182528/Kf5TT-xg_normal.jpg",
        "profile_banner_url": "https://pbs.twimg.com/profile_banners/3438382305/1669314850",
        "default_profile": true,
        "default_profile_image": false,
        "following": null,
        "follow_request_sent": null,
        "notifications": null,
        "withheld_in_countries": []
    },
    "geo": null,
    "coordinates": null,
    "place": null,
    "contributors": null,
    "is_quote_status": false,
    "quote_count": 0,
    "reply_count": 0,
    "retweet_count": 0,
    "favorite_count": 0,
    "entities": {
        "hashtags": [],
        "urls": [
            {
                "url": "https://t.co/OujZsWWwBx",
                "expanded_url": "https://www.bbc.com/news/uk-scotland-scotland-politics-63973961",
                "display_url": "bbc.com/news/uk-scotla…",
                "indices": [
                    29,
                    52
                ]
            }
        ],
        "user_mentions": [
            {
                "screen_name": "BladeoftheS",
                "name": "BladeoftheSun",
                "id": 1455903807389458436,
                "id_str": "1455903807389458436",
                "indices": [
                    0,
                    12
                ]
            }
        ],
        "symbols": []
    },
    "favorited": false,
    "retweeted": false,
    "possibly_sensitive": true,
    "filter_level": "low",
    "lang": "en",
    "timestamp_ms": "1674023864531"
}