{
    "created_at": "Wed Jan 18 06:37:42 +0000 2023",
    "id": 1615599292139581441,
    "id_str": "1615599292139581441",
    "text": "RT @AdoptionsUk: Please retweet to help Ace find a home #LIVERPOOL #UK \n\nAffectionate Border Collie aged 1-2. He can live children aged 10+…",
    "source": "<a href=\"http://twitter.com/download/android\" rel=\"nofollow\">Twitter for Android</a>",
    "truncated": false,
    "in_reply_to_status_id": null,
    "in_reply_to_status_id_str": null,
    "in_reply_to_user_id": null,
    "in_reply_to_user_id_str": null,
    "in_reply_to_screen_name": null,
    "user": {
        "id": 3131372879,
        "id_str": "3131372879",
        "name": "Uncle Memester",
        "screen_name": "UncleMemester",
        "location": "Matthew 24:13",
        "url": null,
        "description": "Parody! Fluent in #GenX. Blocked by @HoppyKercheval. Twitter felon. Probably a racist bigot. Recluse by popular demand. Cuter in person. #GodBlessHolyRussia ☦",
        "translator_type": "none",
        "protected": false,
        "verified": false,
        "verified_type": "blue",
        "followers_count": 239,
        "friends_count": 283,
        "listed_count": 6,
        "favourites_count": 11680,
        "statuses_count": 18031,
        "created_at": "Thu Apr 02 18:14:45 +0000 2015",
        "utc_offset": null,
        "time_zone": null,
        "geo_enabled": false,
        "lang": null,
        "contributors_enabled": false,
        "is_translator": false,
        "profile_background_color": "C0DEED",
        "profile_background_image_url": "http://abs.twimg.com/images/themes/theme1/bg.png",
        "profile_background_image_url_https": "https://abs.twimg.com/images/themes/theme1/bg.png",
        "profile_background_tile": false,
        "profile_link_color": "1DA1F2",
        "profile_sidebar_border_color": "C0DEED",
        "profile_sidebar_fill_color": "DDEEF6",
        "profile_text_color": "333333",
        "profile_use_background_image": true,
        "profile_image_url": "http://pbs.twimg.com/profile_images/598357979465981952/ex4NnFMa_normal.jpg",
        "profile_image_url_https": "https://pbs.twimg.com/profile_images/598357979465981952/ex4NnFMa_normal.jpg",
        "profile_banner_url": "https://pbs.twimg.com/profile_banners/3131372879/1668987731",
        "default_profile": true,
        "default_profile_image": false,
        "following": null,
        "follow_request_sent": null,
        "notifications": null,
        "withheld_in_countries": []
    },
    "geo": null,
    "coordinates": null,
    "place": null,
    "contributors": null,
    "retweeted_status": {
        "created_at": "Tue Jan 17 09:29:01 +0000 2023",
        "id": 1615280018967371778,
        "id_str": "1615280018967371778",
        "text": "Please retweet to help Ace find a home #LIVERPOOL #UK \n\nAffectionate Border Collie aged 1-2. He can live children a… https://t.co/uVUaVb62of",
        "display_text_range": [
            0,
            140
        ],
        "source": "<a href=\"https://mobile.twitter.com\" rel=\"nofollow\">Twitter Web App</a>",
        "truncated": true,
        "in_reply_to_status_id": null,
        "in_reply_to_status_id_str": null,
        "in_reply_to_user_id": null,
        "in_reply_to_user_id_str": null,
        "in_reply_to_screen_name": null,
        "user": {
            "id": 1231514832479948802,
            "id_str": "1231514832479948802",
            "name": "Animal Adoptions UK 🐕‍🦺🐈🐎❤️",
            "screen_name": "AdoptionsUk",
            "location": "Wales ,UK",
            "url": "https://animaladoptions.uk/",
            "description": "Please share the animals on my page to help them find homes, all with charities in the UK.",
            "translator_type": "none",
            "protected": false,
            "verified": false,
            "verified_type": "blue",
            "followers_count": 66318,
            "friends_count": 56179,
            "listed_count": 125,
            "favourites_count": 72057,
            "statuses_count": 96488,
            "created_at": "Sun Feb 23 09:43:26 +0000 2020",
            "utc_offset": null,
            "time_zone": null,
            "geo_enabled": true,
            "lang": null,
            "contributors_enabled": false,
            "is_translator": false,
            "profile_background_color": "F5F8FA",
            "profile_background_image_url": "",
            "profile_background_image_url_https": "",
            "profile_background_tile": false,
            "profile_link_color": "1DA1F2",
            "profile_sidebar_border_color": "C0DEED",
            "profile_sidebar_fill_color": "DDEEF6",
            "profile_text_color": "333333",
            "profile_use_background_image": true,
            "profile_image_url": "http://pbs.twimg.com/profile_images/1231515403769217024/CMcHwLEh_normal.jpg",
            "profile_image_url_https": "https://pbs.twimg.com/profile_images/1231515403769217024/CMcHwLEh_normal.jpg",
            "profile_banner_url": "https://pbs.twimg.com/profile_banners/1231514832479948802/1582451457",
            "default_profile": true,
            "default_profile_image": false,
            "following": null,
            "follow_request_sent": null,
            "notifications": null,
            "withheld_in_countries": []
        },
        "geo": null,
        "coordinates": null,
        "place": null,
        "contributors": null,
        "is_quote_status": false,
        "extended_tweet": {
            "full_text": "Please retweet to help Ace find a home #LIVERPOOL #UK \n\nAffectionate Border Collie aged 1-2. He can live children aged 10+ and with another calm dog. \nHe is housetrained 😀🐶✅\n\nDETAILS or APPLY👇\nhttps://t.co/HL2elrdIcZ\n\n#Collies #dogs #AdoptDontShop https://t.co/G7HuKUXwM2",
            "display_text_range": [
                0,
                247
            ],
            "entities": {
                "hashtags": [
                    {
                        "text": "LIVERPOOL",
                        "indices": [
                            39,
                            49
                        ]
                    },
                    {
                        "text": "UK",
                        "indices": [
                            50,
                            53
                        ]
                    },
                    {
                        "text": "Collies",
                        "indices": [
                            218,
                            226
                        ]
                    },
                    {
                        "text": "dogs",
                        "indices": [
                            227,
                            232
                        ]
                    },
                    {
                        "text": "AdoptDontShop",
                        "indices": [
                            233,
                            247
                        ]
                    }
                ],
                "urls": [
                    {
                        "url": "https://t.co/HL2elrdIcZ",
                        "expanded_url": "https://www.dogstrust.org.uk/rehoming/dogs/collie-border/1263444",
                        "display_url": "dogstrust.org.uk/rehoming/dogs/…",
                        "indices": [
                            193,
                            216
                        ]
                    }
                ],
                "user_mentions": [],
                "symbols": [],
                "media": [
                    {
                        "id": 1615280004274814976,
                        "id_str": "1615280004274814976",
                        "indices": [
                            248,
                            271
                        ],
                        "media_url": "http://pbs.twimg.com/media/FmqgmxOXgAApaC4.jpg",
                        "media_url_https": "https://pbs.twimg.com/media/FmqgmxOXgAApaC4.jpg",
                        "url": "https://t.co/G7HuKUXwM2",
                        "display_url": "pic.twitter.com/G7HuKUXwM2",
                        "expanded_url": "https://twitter.com/AdoptionsUk/status/1615280018967371778/photo/1",
                        "type": "photo",
                        "sizes": {
                            "thumb": {
                                "w": 150,
                                "h": 150,
                                "resize": "crop"
                            },
                            "medium": {
                                "w": 732,
                                "h": 412,
                                "resize": "fit"
                            },
                            "small": {
                                "w": 680,
                                "h": 383,
                                "resize": "fit"
                            },
                            "large": {
                                "w": 732,
                                "h": 412,
                                "resize": "fit"
                            }
                        }
                    }
                ]
            },
            "extended_entities": {
                "media": [
                    {
                        "id": 1615280004274814976,
                        "id_str": "1615280004274814976",
                        "indices": [
                            248,
                            271
                        ],
                        "media_url": "http://pbs.twimg.com/media/FmqgmxOXgAApaC4.jpg",
                        "media_url_https": "https://pbs.twimg.com/media/FmqgmxOXgAApaC4.jpg",
                        "url": "https://t.co/G7HuKUXwM2",
                        "display_url": "pic.twitter.com/G7HuKUXwM2",
                        "expanded_url": "https://twitter.com/AdoptionsUk/status/1615280018967371778/photo/1",
                        "type": "photo",
                        "sizes": {
                            "thumb": {
                                "w": 150,
                                "h": 150,
                                "resize": "crop"
                            },
                            "medium": {
                                "w": 732,
                                "h": 412,
                                "resize": "fit"
                            },
                            "small": {
                                "w": 680,
                                "h": 383,
                                "resize": "fit"
                            },
                            "large": {
                                "w": 732,
                                "h": 412,
                                "resize": "fit"
                            }
                        }
                    }
                ]
            }
        },
        "quote_count": 3,
        "reply_count": 7,
        "retweet_count": 451,
        "favorite_count": 359,
        "entities": {
            "hashtags": [
                {
                    "text": "LIVERPOOL",
                    "indices": [
                        39,
                        49
                    ]
                },
                {
                    "text": "UK",
                    "indices": [
                        50,
                        53
                    ]
                }
            ],
            "urls": [
                {
                    "url": "https://t.co/uVUaVb62of",
                    "expanded_url": "https://twitter.com/i/web/status/1615280018967371778",
                    "display_url": "twitter.com/i/web/status/1…",
                    "indices": [
                        117,
                        140
                    ]
                }
            ],
            "user_mentions": [],
            "symbols": []
        },
        "favorited": false,
        "retweeted": false,
        "possibly_sensitive": false,
        "filter_level": "low",
        "lang": "en"
    },
    "is_quote_status": false,
    "quote_count": 0,
    "reply_count": 0,
    "retweet_count": 0,
    "favorite_count": 0,
    "entities": {
        "hashtags": [
            {
                "text": "LIVERPOOL",
                "indices": [
                    56,
                    66
                ]
            },
            {
                "text": "UK",
                "indices": [
                    67,
                    70
                ]
            }
        ],
        "urls": [],
        "user_mentions": [
            {
                "screen_name": "AdoptionsUk",
                "name": "Animal Adoptions UK 🐕‍🦺🐈🐎❤️",
                "id": 1231514832479948802,
                "id_str": "1231514832479948802",
                "indices": [
                    3,
                    15
                ]
            }
        ],
        "symbols": []
    },
    "favorited": false,
    "retweeted": false,
    "filter_level": "low",
    "lang": "en",
    "timestamp_ms": "1674023862286"
}