{
    "created_at": "Wed Jan 18 06:37:47 +0000 2023",
    "id": 1615599314692362241,
    "id_str": "1615599314692362241",
    "text": "RT @Independent: Products hit worst by inflation in last three months revealed https://t.co/dNbmywZFX7",
    "source": "<a href=\"http://twitter.com/download/android\" rel=\"nofollow\">Twitter for Android</a>",
    "truncated": false,
    "in_reply_to_status_id": null,
    "in_reply_to_status_id_str": null,
    "in_reply_to_user_id": null,
    "in_reply_to_user_id_str": null,
    "in_reply_to_screen_name": null,
    "user": {
        "id": 7424492,
        "id_str": "7424492",
        "name": "Graeme Robertson 🇺🇦",
        "screen_name": "cobaltmale",
        "location": "Dunfermline & Edinburgh",
        "url": null,
        "description": "Gay sgl he/him. Into Doctor Who, humour, current affairs & photography, retro TV/film/art.Anti-tribal.Much gay porn here.\nDO NOT TAG ME IN TWEETS! \nEpileptic.",
        "translator_type": "none",
        "protected": false,
        "verified": false,
        "verified_type": "blue",
        "followers_count": 3180,
        "friends_count": 4983,
        "listed_count": 518,
        "favourites_count": 21983,
        "statuses_count": 1705131,
        "created_at": "Thu Jul 12 09:08:33 +0000 2007",
        "utc_offset": null,
        "time_zone": null,
        "geo_enabled": true,
        "lang": null,
        "contributors_enabled": false,
        "is_translator": false,
        "profile_background_color": "C6E2EE",
        "profile_background_image_url": "http://abs.twimg.com/images/themes/theme2/bg.gif",
        "profile_background_image_url_https": "https://abs.twimg.com/images/themes/theme2/bg.gif",
        "profile_background_tile": true,
        "profile_link_color": "1B95E0",
        "profile_sidebar_border_color": "FFFFFF",
        "profile_sidebar_fill_color": "DAECF4",
        "profile_text_color": "663B12",
        "profile_use_background_image": true,
        "profile_image_url": "http://pbs.twimg.com/profile_images/1571155370361458689/1SBwvP7U_normal.jpg",
        "profile_image_url_https": "https://pbs.twimg.com/profile_images/1571155370361458689/1SBwvP7U_normal.jpg",
        "profile_banner_url": "https://pbs.twimg.com/profile_banners/7424492/1600077941",
        "default_profile": false,
        "default_profile_image": false,
        "following": null,
        "follow_request_sent": null,
        "notifications": null,
        "withheld_in_countries": []
    },
    "geo": null,
    "coordinates": null,
    "place": null,
    "contributors": null,
    "retweeted_status": {
        "created_at": "Wed Jan 18 06:30:49 +0000 2023",
        "id": 1615597559908646915,
        "id_str": "1615597559908646915",
        "text": "Products hit worst by inflation in last three months revealed https://t.co/dNbmywZFX7",
        "source": "<a href=\"https://www.echobox.com\" rel=\"nofollow\">Echobox</a>",
        "truncated": false,
        "in_reply_to_status_id": null,
        "in_reply_to_status_id_str": null,
        "in_reply_to_user_id": null,
        "in_reply_to_user_id_str": null,
        "in_reply_to_screen_name": null,
        "user": {
            "id": 16973333,
            "id_str": "16973333",
            "name": "The Independent",
            "screen_name": "Independent",
            "location": "London, England",
            "url": "http://independent.co.uk",
            "description": "News, comment and features from The Independent. Get the app: http://independent.onelink.me/no5x/independe…  Telegram: http://t.me/Independent",
            "translator_type": "none",
            "protected": false,
            "verified": true,
            "verified_type": "business",
            "followers_count": 3623020,
            "friends_count": 434,
            "listed_count": 25660,
            "favourites_count": 77,
            "statuses_count": 1370803,
            "created_at": "Sun Oct 26 00:00:29 +0000 2008",
            "utc_offset": null,
            "time_zone": null,
            "geo_enabled": false,
            "lang": null,
            "contributors_enabled": false,
            "is_translator": false,
            "profile_background_color": "EBEBEB",
            "profile_background_image_url": "http://abs.twimg.com/images/themes/theme1/bg.png",
            "profile_background_image_url_https": "https://abs.twimg.com/images/themes/theme1/bg.png",
            "profile_background_tile": true,
            "profile_link_color": "FC051A",
            "profile_sidebar_border_color": "FFFFFF",
            "profile_sidebar_fill_color": "FFFFFF",
            "profile_text_color": "333333",
            "profile_use_background_image": true,
            "profile_image_url": "http://pbs.twimg.com/profile_images/1500085652309917697/C6VhBAcV_normal.jpg",
            "profile_image_url_https": "https://pbs.twimg.com/profile_images/1500085652309917697/C6VhBAcV_normal.jpg",
            "profile_banner_url": "https://pbs.twimg.com/profile_banners/16973333/1673530711",
            "default_profile": false,
            "default_profile_image": false,
            "following": null,
            "follow_request_sent": null,
            "notifications": null,
            "withheld_in_countries": []
        },
        "geo": null,
        "coordinates": null,
        "place": null,
        "contributors": null,
        "is_quote_status": false,
        "quote_count": 0,
        "reply_count": 0,
        "retweet_count": 1,
        "favorite_count": 0,
        "entities": {
            "hashtags": [],
            "urls": [
                {
                    "url": "https://t.co/dNbmywZFX7",
                    "expanded_url": "https://www.independent.co.uk/news/uk/home-news/food-inflation-products-worst-hit-b2263780.html?utm_content=Echobox&utm_medium=Social&utm_campaign=Main&utm_source=Twitter#Echobox=1674022542",
                    "display_url": "independent.co.uk/news/uk/home-n…",
                    "indices": [
                        62,
                        85
                    ]
                }
            ],
            "user_mentions": [],
            "symbols": []
        },
        "favorited": false,
        "retweeted": false,
        "possibly_sensitive": false,
        "filter_level": "low",
        "lang": "en"
    },
    "is_quote_status": false,
    "quote_count": 0,
    "reply_count": 0,
    "retweet_count": 0,
    "favorite_count": 0,
    "entities": {
        "hashtags": [],
        "urls": [
            {
                "url": "https://t.co/dNbmywZFX7",
                "expanded_url": "https://www.independent.co.uk/news/uk/home-news/food-inflation-products-worst-hit-b2263780.html?utm_content=Echobox&utm_medium=Social&utm_campaign=Main&utm_source=Twitter#Echobox=1674022542",
                "display_url": "independent.co.uk/news/uk/home-n…",
                "indices": [
                    79,
                    102
                ]
            }
        ],
        "user_mentions": [
            {
                "screen_name": "Independent",
                "name": "The Independent",
                "id": 16973333,
                "id_str": "16973333",
                "indices": [
                    3,
                    15
                ]
            }
        ],
        "symbols": []
    },
    "favorited": false,
    "retweeted": false,
    "possibly_sensitive": true,
    "filter_level": "low",
    "lang": "en",
    "timestamp_ms": "1674023867663"
}