{
    "created_at": "Wed Jan 18 06:37:42 +0000 2023",
    "id": 1615599291955032064,
    "id_str": "1615599291955032064",
    "text": "Sanatana Dharma is alive for such sacrifices. Not due to Netas who refuse to even do Mundan after their mother's de… https://t.co/fUfUMRYRxh",
    "source": "<a href=\"http://twitter.com/download/android\" rel=\"nofollow\">Twitter for Android</a>",
    "truncated": true,
    "in_reply_to_status_id": null,
    "in_reply_to_status_id_str": null,
    "in_reply_to_user_id": null,
    "in_reply_to_user_id_str": null,
    "in_reply_to_screen_name": null,
    "user": {
        "id": 1611391541964320768,
        "id_str": "1611391541964320768",
        "name": "ଶକ୍ତିପ୍ରସାଦ Shaktiprasad",
        "screen_name": "ThatBioinfoGuy",
        "location": "ଅଖଣ୍ଡ କଳିଙ୍ଗ The Kalinga",
        "url": null,
        "description": null,
        "translator_type": "none",
        "protected": false,
        "verified": false,
        "verified_type": "blue",
        "followers_count": 9,
        "friends_count": 533,
        "listed_count": 0,
        "favourites_count": 2439,
        "statuses_count": 173,
        "created_at": "Fri Jan 06 15:57:52 +0000 2023",
        "utc_offset": null,
        "time_zone": null,
        "geo_enabled": false,
        "lang": null,
        "contributors_enabled": false,
        "is_translator": false,
        "profile_background_color": "F5F8FA",
        "profile_background_image_url": "",
        "profile_background_image_url_https": "",
        "profile_background_tile": false,
        "profile_link_color": "1DA1F2",
        "profile_sidebar_border_color": "C0DEED",
        "profile_sidebar_fill_color": "DDEEF6",
        "profile_text_color": "333333",
        "profile_use_background_image": true,
        "profile_image_url": "http://pbs.twimg.com/profile_images/1611394613134389248/T0eUhIVs_normal.jpg",
        "profile_image_url_https": "https://pbs.twimg.com/profile_images/1611394613134389248/T0eUhIVs_normal.jpg",
        "profile_banner_url": "https://pbs.twimg.com/profile_banners/1611391541964320768/1673021463",
        "default_profile": true,
        "default_profile_image": false,
        "following": null,
        "follow_request_sent": null,
        "notifications": null,
        "withheld_in_countries": []
    },
    "geo": null,
    "coordinates": null,
    "place": null,
    "contributors": null,
    "quoted_status_id": 1614993693613690881,
    "quoted_status_id_str": "1614993693613690881",
    "quoted_status": {
        "created_at": "Mon Jan 16 14:31:16 +0000 2023",
        "id": 1614993693613690881,
        "id_str": "1614993693613690881",
        "text": "Leaving London job for 2000 rupees a month salary in village because caste rules forbid overseas travel ......",
        "source": "<a href=\"http://twitter.com/download/android\" rel=\"nofollow\">Twitter for Android</a>",
        "truncated": false,
        "in_reply_to_status_id": null,
        "in_reply_to_status_id_str": null,
        "in_reply_to_user_id": null,
        "in_reply_to_user_id_str": null,
        "in_reply_to_screen_name": null,
        "user": {
            "id": 604354270,
            "id_str": "604354270",
            "name": "V",
            "screen_name": "AgentSaffron",
            "location": "Bhoomi",
            "url": null,
            "description": "Indian 🇮🇳. Hindu 🕉️. Toxic personality.\n\nTweets on Society, Politics, Nature & Fun stuff.\n\nRTs/Likes/Following/Replies are not endorsements.",
            "translator_type": "regular",
            "protected": false,
            "verified": false,
            "verified_type": "blue",
            "followers_count": 43682,
            "friends_count": 4082,
            "listed_count": 217,
            "favourites_count": 102592,
            "statuses_count": 91255,
            "created_at": "Sun Jun 10 09:02:57 +0000 2012",
            "utc_offset": null,
            "time_zone": null,
            "geo_enabled": true,
            "lang": null,
            "contributors_enabled": false,
            "is_translator": false,
            "profile_background_color": "C0DEED",
            "profile_background_image_url": "http://abs.twimg.com/images/themes/theme1/bg.png",
            "profile_background_image_url_https": "https://abs.twimg.com/images/themes/theme1/bg.png",
            "profile_background_tile": true,
            "profile_link_color": "0084B4",
            "profile_sidebar_border_color": "000000",
            "profile_sidebar_fill_color": "DDEEF6",
            "profile_text_color": "333333",
            "profile_use_background_image": true,
            "profile_image_url": "http://pbs.twimg.com/profile_images/1535035836324106268/JPO2VT3z_normal.jpg",
            "profile_image_url_https": "https://pbs.twimg.com/profile_images/1535035836324106268/JPO2VT3z_normal.jpg",
            "profile_banner_url": "https://pbs.twimg.com/profile_banners/604354270/1633228522",
            "default_profile": false,
            "default_profile_image": false,
            "following": null,
            "follow_request_sent": null,
            "notifications": null,
            "withheld_in_countries": []
        },
        "geo": null,
        "coordinates": null,
        "place": null,
        "contributors": null,
        "quoted_status_id": 1614863392543748097,
        "quoted_status_id_str": "1614863392543748097",
        "is_quote_status": true,
        "quote_count": 15,
        "reply_count": 27,
        "retweet_count": 18,
        "favorite_count": 182,
        "entities": {
            "hashtags": [],
            "urls": [],
            "user_mentions": [],
            "symbols": []
        },
        "favorited": false,
        "retweeted": false,
        "filter_level": "low",
        "lang": "en"
    },
    "quoted_status_permalink": {
        "url": "https://t.co/5zIkqX9N24",
        "expanded": "https://twitter.com/AgentSaffron/status/1614993693613690881",
        "display": "twitter.com/AgentSaffron/s…"
    },
    "is_quote_status": true,
    "extended_tweet": {
        "full_text": "Sanatana Dharma is alive for such sacrifices. Not due to Netas who refuse to even do Mundan after their mother's death",
        "display_text_range": [
            0,
            118
        ],
        "entities": {
            "hashtags": [],
            "urls": [],
            "user_mentions": [],
            "symbols": []
        }
    },
    "quote_count": 0,
    "reply_count": 0,
    "retweet_count": 0,
    "favorite_count": 0,
    "entities": {
        "hashtags": [],
        "urls": [
            {
                "url": "https://t.co/fUfUMRYRxh",
                "expanded_url": "https://twitter.com/i/web/status/1615599291955032064",
                "display_url": "twitter.com/i/web/status/1…",
                "indices": [
                    117,
                    140
                ]
            }
        ],
        "user_mentions": [],
        "symbols": []
    },
    "favorited": false,
    "retweeted": false,
    "filter_level": "low",
    "lang": "en",
    "timestamp_ms": "1674023862242"
}