{
    "created_at": "Wed Jan 18 06:37:46 +0000 2023",
    "id": 1615599309348831236,
    "id_str": "1615599309348831236",
    "text": "RT @N_Countouris: A short, first, commentary on a recent landmark decision by the CJEU - Case C-356/21, TP -https://t.co/6cQcHAMELh deployi…",
    "source": "<a href=\"http://twitter.com/download/android\" rel=\"nofollow\">Twitter for Android</a>",
    "truncated": false,
    "in_reply_to_status_id": null,
    "in_reply_to_status_id_str": null,
    "in_reply_to_user_id": null,
    "in_reply_to_user_id_str": null,
    "in_reply_to_screen_name": null,
    "user": {
        "id": 4172500059,
        "id_str": "4172500059",
        "name": "June Namgoong",
        "screen_name": "JuneNamgoong",
        "location": "Sejong, Republic of Korea",
        "url": null,
        "description": "Associate Research Fellow @KoreaLaborInstitute. PhD @UCLLaws in Labour Law, International Economic Law & Human Rights Law.",
        "translator_type": "none",
        "protected": false,
        "verified": false,
        "verified_type": "blue",
        "followers_count": 318,
        "friends_count": 640,
        "listed_count": 4,
        "favourites_count": 5359,
        "statuses_count": 3806,
        "created_at": "Thu Nov 12 16:39:31 +0000 2015",
        "utc_offset": null,
        "time_zone": null,
        "geo_enabled": false,
        "lang": null,
        "contributors_enabled": false,
        "is_translator": false,
        "profile_background_color": "C0DEED",
        "profile_background_image_url": "http://abs.twimg.com/images/themes/theme1/bg.png",
        "profile_background_image_url_https": "https://abs.twimg.com/images/themes/theme1/bg.png",
        "profile_background_tile": false,
        "profile_link_color": "1DA1F2",
        "profile_sidebar_border_color": "C0DEED",
        "profile_sidebar_fill_color": "DDEEF6",
        "profile_text_color": "333333",
        "profile_use_background_image": true,
        "profile_image_url": "http://pbs.twimg.com/profile_images/1413099937244405760/1aalALgT_normal.jpg",
        "profile_image_url_https": "https://pbs.twimg.com/profile_images/1413099937244405760/1aalALgT_normal.jpg",
        "profile_banner_url": "https://pbs.twimg.com/profile_banners/4172500059/1625828165",
        "default_profile": true,
        "default_profile_image": false,
        "following": null,
        "follow_request_sent": null,
        "notifications": null,
        "withheld_in_countries": []
    },
    "geo": null,
    "coordinates": null,
    "place": null,
    "contributors": null,
    "retweeted_status": {
        "created_at": "Tue Jan 17 06:31:11 +0000 2023",
        "id": 1615235265567641601,
        "id_str": "1615235265567641601",
        "text": "A short, first, commentary on a recent landmark decision by the CJEU - Case C-356/21, TP -https://t.co/6cQcHAMELh d… https://t.co/lgj9x53ysl",
        "source": "<a href=\"https://mobile.twitter.com\" rel=\"nofollow\">Twitter Web App</a>",
        "truncated": true,
        "in_reply_to_status_id": null,
        "in_reply_to_status_id_str": null,
        "in_reply_to_user_id": null,
        "in_reply_to_user_id_str": null,
        "in_reply_to_screen_name": null,
        "user": {
            "id": 1339944867326255105,
            "id_str": "1339944867326255105",
            "name": "Nicola Countouris",
            "screen_name": "N_Countouris",
            "location": null,
            "url": null,
            "description": "Director of Research @ETUI_org\nProfessor of Labour Law and European Law @UCLLaws",
            "translator_type": "none",
            "protected": false,
            "verified": false,
            "verified_type": "blue",
            "followers_count": 1110,
            "friends_count": 409,
            "listed_count": 9,
            "favourites_count": 453,
            "statuses_count": 467,
            "created_at": "Fri Dec 18 14:46:00 +0000 2020",
            "utc_offset": null,
            "time_zone": null,
            "geo_enabled": false,
            "lang": null,
            "contributors_enabled": false,
            "is_translator": false,
            "profile_background_color": "F5F8FA",
            "profile_background_image_url": "",
            "profile_background_image_url_https": "",
            "profile_background_tile": false,
            "profile_link_color": "1DA1F2",
            "profile_sidebar_border_color": "C0DEED",
            "profile_sidebar_fill_color": "DDEEF6",
            "profile_text_color": "333333",
            "profile_use_background_image": true,
            "profile_image_url": "http://pbs.twimg.com/profile_images/1339945143206629378/J6Q5PEpX_normal.jpg",
            "profile_image_url_https": "https://pbs.twimg.com/profile_images/1339945143206629378/J6Q5PEpX_normal.jpg",
            "default_profile": true,
            "default_profile_image": false,
            "following": null,
            "follow_request_sent": null,
            "notifications": null,
            "withheld_in_countries": []
        },
        "geo": null,
        "coordinates": null,
        "place": null,
        "contributors": null,
        "is_quote_status": false,
        "extended_tweet": {
            "full_text": "A short, first, commentary on a recent landmark decision by the CJEU - Case C-356/21, TP -https://t.co/6cQcHAMELh deploying the idea of 'personal work' to expand the scope of EU anti-discrimination law https://t.co/1sUVbs0LE2. Written with Mark Freedland and @valeriodeste",
            "display_text_range": [
                0,
                272
            ],
            "entities": {
                "hashtags": [],
                "urls": [
                    {
                        "url": "https://t.co/6cQcHAMELh",
                        "expanded_url": "https://curia.europa.eu/juris/liste.jsf?language=en&num=C-356",
                        "display_url": "curia.europa.eu/juris/liste.js…",
                        "indices": [
                            90,
                            113
                        ]
                    },
                    {
                        "url": "https://t.co/1sUVbs0LE2",
                        "expanded_url": "https://www.socialeurope.eu/making-labour-law-fit-for-all-those-who-labour",
                        "display_url": "socialeurope.eu/making-labour-…",
                        "indices": [
                            202,
                            225
                        ]
                    }
                ],
                "user_mentions": [
                    {
                        "screen_name": "valeriodeste",
                        "name": "Valerio De Stefano is on Mastodon",
                        "id": 2914615372,
                        "id_str": "2914615372",
                        "indices": [
                            259,
                            272
                        ]
                    }
                ],
                "symbols": []
            }
        },
        "quote_count": 0,
        "reply_count": 0,
        "retweet_count": 21,
        "favorite_count": 36,
        "entities": {
            "hashtags": [],
            "urls": [
                {
                    "url": "https://t.co/6cQcHAMELh",
                    "expanded_url": "https://curia.europa.eu/juris/liste.jsf?language=en&num=C-356",
                    "display_url": "curia.europa.eu/juris/liste.js…",
                    "indices": [
                        90,
                        113
                    ]
                },
                {
                    "url": "https://t.co/lgj9x53ysl",
                    "expanded_url": "https://twitter.com/i/web/status/1615235265567641601",
                    "display_url": "twitter.com/i/web/status/1…",
                    "indices": [
                        117,
                        140
                    ]
                }
            ],
            "user_mentions": [],
            "symbols": []
        },
        "favorited": false,
        "retweeted": false,
        "possibly_sensitive": false,
        "filter_level": "low",
        "lang": "en"
    },
    "is_quote_status": false,
    "quote_count": 0,
    "reply_count": 0,
    "retweet_count": 0,
    "favorite_count": 0,
    "entities": {
        "hashtags": [],
        "urls": [
            {
                "url": "https://t.co/6cQcHAMELh",
                "expanded_url": "https://curia.europa.eu/juris/liste.jsf?language=en&num=C-356",
                "display_url": "curia.europa.eu/juris/liste.js…",
                "indices": [
                    108,
                    131
                ]
            }
        ],
        "user_mentions": [
            {
                "screen_name": "N_Countouris",
                "name": "Nicola Countouris",
                "id": 1339944867326255105,
                "id_str": "1339944867326255105",
                "indices": [
                    3,
                    16
                ]
            }
        ],
        "symbols": []
    },
    "favorited": false,
    "retweeted": false,
    "possibly_sensitive": false,
    "filter_level": "low",
    "lang": "en",
    "timestamp_ms": "1674023866389"
}