{
    "created_at": "Wed Jan 18 06:37:42 +0000 2023",
    "id": 1615599294903640065,
    "id_str": "1615599294903640065",
    "text": "RT @LivEchoLFC: Do you agree with @IanDoyleSport's half-time ratings. \n\nLet us know in our blog. \n\nhttps://t.co/1p8NJo2aOv",
    "source": "<a href=\"http://twitter.com/download/android\" rel=\"nofollow\">Twitter for Android</a>",
    "truncated": false,
    "in_reply_to_status_id": null,
    "in_reply_to_status_id_str": null,
    "in_reply_to_user_id": null,
    "in_reply_to_user_id_str": null,
    "in_reply_to_screen_name": null,
    "user": {
        "id": 997425217604501504,
        "id_str": "997425217604501504",
        "name": "Raj Ramphul",
        "screen_name": "RamphulRaj",
        "location": "Republic of Mauritius",
        "url": null,
        "description": "I like to have fun and crack jokes time and again. I'm honest and I believe if you're not honest to yourself you're honest to no one.",
        "translator_type": "none",
        "protected": false,
        "verified": false,
        "verified_type": "blue",
        "followers_count": 290,
        "friends_count": 182,
        "listed_count": 3,
        "favourites_count": 169408,
        "statuses_count": 60891,
        "created_at": "Fri May 18 10:34:37 +0000 2018",
        "utc_offset": null,
        "time_zone": null,
        "geo_enabled": true,
        "lang": null,
        "contributors_enabled": false,
        "is_translator": false,
        "profile_background_color": "F5F8FA",
        "profile_background_image_url": "",
        "profile_background_image_url_https": "",
        "profile_background_tile": false,
        "profile_link_color": "1DA1F2",
        "profile_sidebar_border_color": "C0DEED",
        "profile_sidebar_fill_color": "DDEEF6",
        "profile_text_color": "333333",
        "profile_use_background_image": true,
        "profile_image_url": "http://pbs.twimg.com/profile_images/1282854948074483712/wIVkNUa9_normal.jpg",
        "profile_image_url_https": "https://pbs.twimg.com/profile_images/1282854948074483712/wIVkNUa9_normal.jpg",
        "default_profile": true,
        "default_profile_image": false,
        "following": null,
        "follow_request_sent": null,
        "notifications": null,
        "withheld_in_countries": []
    },
    "geo": null,
    "coordinates": null,
    "place": null,
    "contributors": null,
    "retweeted_status": {
        "created_at": "Tue Jan 17 20:36:26 +0000 2023",
        "id": 1615447979229339677,
        "id_str": "1615447979229339677",
        "text": "Do you agree with @IanDoyleSport's half-time ratings. \n\nLet us know in our blog. \n\nhttps://t.co/1p8NJo2aOv",
        "source": "<a href=\"https://about.twitter.com/products/tweetdeck\" rel=\"nofollow\">TweetDeck</a>",
        "truncated": false,
        "in_reply_to_status_id": null,
        "in_reply_to_status_id_str": null,
        "in_reply_to_user_id": null,
        "in_reply_to_user_id_str": null,
        "in_reply_to_screen_name": null,
        "user": {
            "id": 26743580,
            "id_str": "26743580",
            "name": "Liverpool FC News",
            "screen_name": "LivEchoLFC",
            "location": "Liverpool",
            "url": "https://bit.ly/LIV-News-Daily",
            "description": "Liverpool FC news from the Liverpool ECHO. #LFC\nYouTube - http://bit.ly/BloodRedYT\nNews - http://bit.ly/LIV-News-Daily",
            "translator_type": "none",
            "protected": false,
            "verified": true,
            "verified_type": "business",
            "followers_count": 990663,
            "friends_count": 649,
            "listed_count": 3980,
            "favourites_count": 1445,
            "statuses_count": 479850,
            "created_at": "Thu Mar 26 13:02:32 +0000 2009",
            "utc_offset": null,
            "time_zone": null,
            "geo_enabled": true,
            "lang": null,
            "contributors_enabled": false,
            "is_translator": false,
            "profile_background_color": "DBE9ED",
            "profile_background_image_url": "http://abs.twimg.com/images/themes/theme17/bg.gif",
            "profile_background_image_url_https": "https://abs.twimg.com/images/themes/theme17/bg.gif",
            "profile_background_tile": false,
            "profile_link_color": "CC3366",
            "profile_sidebar_border_color": "FFFFFF",
            "profile_sidebar_fill_color": "E6F6F9",
            "profile_text_color": "333333",
            "profile_use_background_image": true,
            "profile_image_url": "http://pbs.twimg.com/profile_images/1605205476718903297/7qSrUlTp_normal.jpg",
            "profile_image_url_https": "https://pbs.twimg.com/profile_images/1605205476718903297/7qSrUlTp_normal.jpg",
            "profile_banner_url": "https://pbs.twimg.com/profile_banners/26743580/1660907284",
            "default_profile": false,
            "default_profile_image": false,
            "following": null,
            "follow_request_sent": null,
            "notifications": null,
            "withheld_in_countries": []
        },
        "geo": null,
        "coordinates": null,
        "place": null,
        "contributors": null,
        "is_quote_status": false,
        "quote_count": 0,
        "reply_count": 1,
        "retweet_count": 1,
        "favorite_count": 13,
        "entities": {
            "hashtags": [],
            "urls": [
                {
                    "url": "https://t.co/1p8NJo2aOv",
                    "expanded_url": "https://www.liverpoolecho.co.uk/sport/football/football-news/liverpool-wolves-live-stream-score-26000560",
                    "display_url": "liverpoolecho.co.uk/sport/football…",
                    "indices": [
                        83,
                        106
                    ]
                }
            ],
            "user_mentions": [
                {
                    "screen_name": "IanDoyleSport",
                    "name": "Ian Doyle",
                    "id": 346600301,
                    "id_str": "346600301",
                    "indices": [
                        18,
                        32
                    ]
                }
            ],
            "symbols": []
        },
        "favorited": false,
        "retweeted": false,
        "possibly_sensitive": false,
        "filter_level": "low",
        "lang": "en"
    },
    "is_quote_status": false,
    "quote_count": 0,
    "reply_count": 0,
    "retweet_count": 0,
    "favorite_count": 0,
    "entities": {
        "hashtags": [],
        "urls": [
            {
                "url": "https://t.co/1p8NJo2aOv",
                "expanded_url": "https://www.liverpoolecho.co.uk/sport/football/football-news/liverpool-wolves-live-stream-score-26000560",
                "display_url": "liverpoolecho.co.uk/sport/football…",
                "indices": [
                    99,
                    122
                ]
            }
        ],
        "user_mentions": [
            {
                "screen_name": "LivEchoLFC",
                "name": "Liverpool FC News",
                "id": 26743580,
                "id_str": "26743580",
                "indices": [
                    3,
                    14
                ]
            },
            {
                "screen_name": "IanDoyleSport",
                "name": "Ian Doyle",
                "id": 346600301,
                "id_str": "346600301",
                "indices": [
                    34,
                    48
                ]
            }
        ],
        "symbols": []
    },
    "favorited": false,
    "retweeted": false,
    "possibly_sensitive": false,
    "filter_level": "low",
    "lang": "en",
    "timestamp_ms": "1674023862945"
}