{
    "created_at": "Wed Jan 18 06:37:43 +0000 2023",
    "id": 1615599298217127938,
    "id_str": "1615599298217127938",
    "text": "RT @DrMikeEgbebike: The same people shouting that Peter Obi will not have legislators and other structures to govern with will be the first…",
    "source": "<a href=\"http://twitter.com/download/android\" rel=\"nofollow\">Twitter for Android</a>",
    "truncated": false,
    "in_reply_to_status_id": null,
    "in_reply_to_status_id_str": null,
    "in_reply_to_user_id": null,
    "in_reply_to_user_id_str": null,
    "in_reply_to_screen_name": null,
    "user": {
        "id": 1518878684018581505,
        "id_str": "1518878684018581505",
        "name": "Wicked for Peter Obi 2023",
        "screen_name": "Fineboi231",
        "location": null,
        "url": null,
        "description": "MSc Engr, Aguero 93:20, Wizkid FC NPNP",
        "translator_type": "none",
        "protected": false,
        "verified": false,
        "verified_type": "blue",
        "followers_count": 574,
        "friends_count": 569,
        "listed_count": 0,
        "favourites_count": 26762,
        "statuses_count": 43731,
        "created_at": "Tue Apr 26 09:04:50 +0000 2022",
        "utc_offset": null,
        "time_zone": null,
        "geo_enabled": false,
        "lang": null,
        "contributors_enabled": false,
        "is_translator": false,
        "profile_background_color": "F5F8FA",
        "profile_background_image_url": "",
        "profile_background_image_url_https": "",
        "profile_background_tile": false,
        "profile_link_color": "1DA1F2",
        "profile_sidebar_border_color": "C0DEED",
        "profile_sidebar_fill_color": "DDEEF6",
        "profile_text_color": "333333",
        "profile_use_background_image": true,
        "profile_image_url": "http://pbs.twimg.com/profile_images/1535851750237798402/nEQLDWcI_normal.jpg",
        "profile_image_url_https": "https://pbs.twimg.com/profile_images/1535851750237798402/nEQLDWcI_normal.jpg",
        "profile_banner_url": "https://pbs.twimg.com/profile_banners/1518878684018581505/1653550496",
        "default_profile": true,
        "default_profile_image": false,
        "following": null,
        "follow_request_sent": null,
        "notifications": null,
        "withheld_in_countries": []
    },
    "geo": null,
    "coordinates": null,
    "place": null,
    "contributors": null,
    "retweeted_status": {
        "created_at": "Tue Jan 17 14:07:03 +0000 2023",
        "id": 1615349985754902529,
        "id_str": "1615349985754902529",
        "text": "The same people shouting that Peter Obi will not have legislators and other structures to govern with will be the f… https://t.co/ee1ExctjJ1",
        "source": "<a href=\"http://twitter.com/download/iphone\" rel=\"nofollow\">Twitter for iPhone</a>",
        "truncated": true,
        "in_reply_to_status_id": null,
        "in_reply_to_status_id_str": null,
        "in_reply_to_user_id": null,
        "in_reply_to_user_id_str": null,
        "in_reply_to_screen_name": null,
        "user": {
            "id": 718426847013433344,
            "id_str": "718426847013433344",
            "name": "Dr. Michael Egbebike",
            "screen_name": "DrMikeEgbebike",
            "location": "Enugu, Nigeria",
            "url": null,
            "description": "Former Commissioner for Environment in Anambra State, Nigeria, a Philanthropist, Business man, Barrister at law, Engineer, Environmental Scientist, and Surveyor",
            "translator_type": "none",
            "protected": false,
            "verified": false,
            "verified_type": "blue",
            "followers_count": 2013,
            "friends_count": 205,
            "listed_count": 1,
            "favourites_count": 60,
            "statuses_count": 163,
            "created_at": "Fri Apr 08 13:14:42 +0000 2016",
            "utc_offset": null,
            "time_zone": null,
            "geo_enabled": true,
            "lang": null,
            "contributors_enabled": false,
            "is_translator": false,
            "profile_background_color": "F5F8FA",
            "profile_background_image_url": "",
            "profile_background_image_url_https": "",
            "profile_background_tile": false,
            "profile_link_color": "1DA1F2",
            "profile_sidebar_border_color": "C0DEED",
            "profile_sidebar_fill_color": "DDEEF6",
            "profile_text_color": "333333",
            "profile_use_background_image": true,
            "profile_image_url": "http://pbs.twimg.com/profile_images/718428855174852608/EBgKtxAr_normal.jpg",
            "profile_image_url_https": "https://pbs.twimg.com/profile_images/718428855174852608/EBgKtxAr_normal.jpg",
            "default_profile": true,
            "default_profile_image": false,
            "following": null,
            "follow_request_sent": null,
            "notifications": null,
            "withheld_in_countries": []
        },
        "geo": null,
        "coordinates": null,
        "place": null,
        "contributors": null,
        "is_quote_status": false,
        "extended_tweet": {
            "full_text": "The same people shouting that Peter Obi will not have legislators and other structures to govern with will be the first to defect to Labour Party as soon as Labour wins. They will become the sanitized structures",
            "display_text_range": [
                0,
                211
            ],
            "entities": {
                "hashtags": [],
                "urls": [],
                "user_mentions": [],
                "symbols": []
            }
        },
        "quote_count": 1,
        "reply_count": 6,
        "retweet_count": 106,
        "favorite_count": 261,
        "entities": {
            "hashtags": [],
            "urls": [
                {
                    "url": "https://t.co/ee1ExctjJ1",
                    "expanded_url": "https://twitter.com/i/web/status/1615349985754902529",
                    "display_url": "twitter.com/i/web/status/1…",
                    "indices": [
                        117,
                        140
                    ]
                }
            ],
            "user_mentions": [],
            "symbols": []
        },
        "favorited": false,
        "retweeted": false,
        "filter_level": "low",
        "lang": "en"
    },
    "is_quote_status": false,
    "quote_count": 0,
    "reply_count": 0,
    "retweet_count": 0,
    "favorite_count": 0,
    "entities": {
        "hashtags": [],
        "urls": [],
        "user_mentions": [
            {
                "screen_name": "DrMikeEgbebike",
                "name": "Dr. Michael Egbebike",
                "id": 718426847013433344,
                "id_str": "718426847013433344",
                "indices": [
                    3,
                    18
                ]
            }
        ],
        "symbols": []
    },
    "favorited": false,
    "retweeted": false,
    "filter_level": "low",
    "lang": "en",
    "timestamp_ms": "1674023863735"
}