{
    "created_at": "Wed Jan 18 06:37:44 +0000 2023",
    "id": 1615599299559030786,
    "id_str": "1615599299559030786",
    "text": "The Major Role The Catholic Church Played in Slavery - New York Amsterdam News https://t.co/9WKRDVXHDl",
    "source": "<a href=\"http://twitter.com/download/android\" rel=\"nofollow\">Twitter for Android</a>",
    "truncated": false,
    "in_reply_to_status_id": null,
    "in_reply_to_status_id_str": null,
    "in_reply_to_user_id": null,
    "in_reply_to_user_id_str": null,
    "in_reply_to_screen_name": null,
    "user": {
        "id": 2729324279,
        "id_str": "2729324279",
        "name": "AfricaYourBestLife",
        "screen_name": "AfricaBestLife",
        "location": "New York NY",
        "url": null,
        "description": null,
        "translator_type": "none",
        "protected": false,
        "verified": false,
        "verified_type": "blue",
        "followers_count": 418,
        "friends_count": 684,
        "listed_count": 3,
        "favourites_count": 63779,
        "statuses_count": 65271,
        "created_at": "Wed Jul 30 20:00:23 +0000 2014",
        "utc_offset": null,
        "time_zone": null,
        "geo_enabled": false,
        "lang": null,
        "contributors_enabled": false,
        "is_translator": false,
        "profile_background_color": "C0DEED",
        "profile_background_image_url": "http://abs.twimg.com/images/themes/theme1/bg.png",
        "profile_background_image_url_https": "https://abs.twimg.com/images/themes/theme1/bg.png",
        "profile_background_tile": true,
        "profile_link_color": "0084B4",
        "profile_sidebar_border_color": "FFFFFF",
        "profile_sidebar_fill_color": "DDEEF6",
        "profile_text_color": "333333",
        "profile_use_background_image": true,
        "profile_image_url": "http://pbs.twimg.com/profile_images/494934845509091328/HlNdfqud_normal.jpeg",
        "profile_image_url_https": "https://pbs.twimg.com/profile_images/494934845509091328/HlNdfqud_normal.jpeg",
        "profile_banner_url": "https://pbs.twimg.com/profile_banners/2729324279/1435283081",
        "default_profile": false,
        "default_profile_image": false,
        "following": null,
        "follow_request_sent": null,
        "notifications": null,
        "withheld_in_countries": []
    },
    "geo": null,
    "coordinates": null,
    "place": null,
    "contributors": null,
    "is_quote_status": false,
    "quote_count": 0,
    "reply_count": 0,
    "retweet_count": 0,
    "favorite_count": 0,
    "entities": {
        "hashtags": [],
        "urls": [
            {
                "url": "https://t.co/9WKRDVXHDl",
                "expanded_url": "https://amsterdamnews.com/news/2018/09/18/major-role-catholic-church-played-slavery/",
                "display_url": "amsterdamnews.com/news/2018/09/1…",
                "indices": [
                    79,
                    102
                ]
            }
        ],
        "user_mentions": [],
        "symbols": []
    },
    "favorited": false,
    "retweeted": false,
    "possibly_sensitive": false,
    "filter_level": "low",
    "lang": "en",
    "timestamp_ms": "1674023864055"
}