{
    "created_at": "Wed Jan 18 06:37:42 +0000 2023",
    "id": 1615599294395912192,
    "id_str": "1615599294395912192",
    "text": "RT @royal_suitor: 6 weeks in and the UK still can’t get enough of #HarryAndMeghanNetflix. The docuseries remains in the top 10 even as read…",
    "source": "<a href=\"http://twitter.com/download/android\" rel=\"nofollow\">Twitter for Android</a>",
    "truncated": false,
    "in_reply_to_status_id": null,
    "in_reply_to_status_id_str": null,
    "in_reply_to_user_id": null,
    "in_reply_to_user_id_str": null,
    "in_reply_to_screen_name": null,
    "user": {
        "id": 1468299778518024192,
        "id_str": "1468299778518024192",
        "name": "WorthyAndBeautiful DIVA",
        "screen_name": "PatriciaBeloved",
        "location": "Kampala, Uganda",
        "url": null,
        "description": "I can do all things through Christ who strengthens me 🙏\nLove the Sussex royals\n#BLM \nI am a Worthy black daughter\nDeranged regime racist apologists stay away",
        "translator_type": "none",
        "protected": false,
        "verified": false,
        "verified_type": "blue",
        "followers_count": 628,
        "friends_count": 560,
        "listed_count": 5,
        "favourites_count": 329041,
        "statuses_count": 13965,
        "created_at": "Tue Dec 07 19:22:30 +0000 2021",
        "utc_offset": null,
        "time_zone": null,
        "geo_enabled": false,
        "lang": null,
        "contributors_enabled": false,
        "is_translator": false,
        "profile_background_color": "F5F8FA",
        "profile_background_image_url": "",
        "profile_background_image_url_https": "",
        "profile_background_tile": false,
        "profile_link_color": "1DA1F2",
        "profile_sidebar_border_color": "C0DEED",
        "profile_sidebar_fill_color": "DDEEF6",
        "profile_text_color": "333333",
        "profile_use_background_image": true,
        "profile_image_url": "http://pbs.twimg.com/profile_images/1514582565818183688/7pfwg8eU_normal.jpg",
        "profile_image_url_https": "https://pbs.twimg.com/profile_images/1514582565818183688/7pfwg8eU_normal.jpg",
        "profile_banner_url": "https://pbs.twimg.com/profile_banners/1468299778518024192/1638912584",
        "default_profile": true,
        "default_profile_image": false,
        "following": null,
        "follow_request_sent": null,
        "notifications": null,
        "withheld_in_countries": []
    },
    "geo": null,
    "coordinates": null,
    "place": null,
    "contributors": null,
    "retweeted_status": {
        "created_at": "Tue Jan 17 23:22:11 +0000 2023",
        "id": 1615489691255721990,
        "id_str": "1615489691255721990",
        "text": "6 weeks in and the UK still can’t get enough of #HarryAndMeghanNetflix. The docuseries remains in the top 10 even a… https://t.co/wAChL6PO1A",
        "display_text_range": [
            0,
            140
        ],
        "source": "<a href=\"http://twitter.com/download/iphone\" rel=\"nofollow\">Twitter for iPhone</a>",
        "truncated": true,
        "in_reply_to_status_id": null,
        "in_reply_to_status_id_str": null,
        "in_reply_to_user_id": null,
        "in_reply_to_user_id_str": null,
        "in_reply_to_screen_name": null,
        "user": {
            "id": 983032148381786113,
            "id_str": "983032148381786113",
            "name": "R.S. Locke / Royal Suitor",
            "screen_name": "royal_suitor",
            "location": null,
            "url": "https://linktr.ee/Royalsuitor",
            "description": "Freelance writer R.S. Locke. Bylines @TheGrio @EliteDaily @Medium. Staying positive but petty is a personal creed that underscores my writing & life.",
            "translator_type": "none",
            "protected": false,
            "verified": true,
            "verified_type": "blue",
            "followers_count": 38768,
            "friends_count": 579,
            "listed_count": 174,
            "favourites_count": 139752,
            "statuses_count": 76733,
            "created_at": "Sun Apr 08 17:21:42 +0000 2018",
            "utc_offset": null,
            "time_zone": null,
            "geo_enabled": true,
            "lang": null,
            "contributors_enabled": false,
            "is_translator": false,
            "profile_background_color": "F5F8FA",
            "profile_background_image_url": "",
            "profile_background_image_url_https": "",
            "profile_background_tile": false,
            "profile_link_color": "1DA1F2",
            "profile_sidebar_border_color": "C0DEED",
            "profile_sidebar_fill_color": "DDEEF6",
            "profile_text_color": "333333",
            "profile_use_background_image": true,
            "profile_image_url": "http://pbs.twimg.com/profile_images/983038460951912448/O115pwk9_normal.jpg",
            "profile_image_url_https": "https://pbs.twimg.com/profile_images/983038460951912448/O115pwk9_normal.jpg",
            "profile_banner_url": "https://pbs.twimg.com/profile_banners/983032148381786113/1523210170",
            "default_profile": true,
            "default_profile_image": false,
            "following": null,
            "follow_request_sent": null,
            "notifications": null,
            "withheld_in_countries": []
        },
        "geo": null,
        "coordinates": null,
        "place": null,
        "contributors": null,
        "is_quote_status": false,
        "extended_tweet": {
            "full_text": "6 weeks in and the UK still can’t get enough of #HarryAndMeghanNetflix. The docuseries remains in the top 10 even as readers gobble up more details from #Spare which debuted at No. 1. https://t.co/X4DIt1KmuH",
            "display_text_range": [
                0,
                183
            ],
            "entities": {
                "hashtags": [
                    {
                        "text": "HarryAndMeghanNetflix",
                        "indices": [
                            48,
                            70
                        ]
                    },
                    {
                        "text": "Spare",
                        "indices": [
                            153,
                            159
                        ]
                    }
                ],
                "urls": [],
                "user_mentions": [],
                "symbols": [],
                "media": [
                    {
                        "id": 1615489685689884672,
                        "id_str": "1615489685689884672",
                        "indices": [
                            184,
                            207
                        ],
                        "media_url": "http://pbs.twimg.com/media/FmtfT1XaYAAdc2J.jpg",
                        "media_url_https": "https://pbs.twimg.com/media/FmtfT1XaYAAdc2J.jpg",
                        "url": "https://t.co/X4DIt1KmuH",
                        "display_url": "pic.twitter.com/X4DIt1KmuH",
                        "expanded_url": "https://twitter.com/royal_suitor/status/1615489691255721990/photo/1",
                        "type": "photo",
                        "sizes": {
                            "large": {
                                "w": 1200,
                                "h": 1200,
                                "resize": "fit"
                            },
                            "small": {
                                "w": 680,
                                "h": 680,
                                "resize": "fit"
                            },
                            "thumb": {
                                "w": 150,
                                "h": 150,
                                "resize": "crop"
                            },
                            "medium": {
                                "w": 1200,
                                "h": 1200,
                                "resize": "fit"
                            }
                        }
                    }
                ]
            },
            "extended_entities": {
                "media": [
                    {
                        "id": 1615489685689884672,
                        "id_str": "1615489685689884672",
                        "indices": [
                            184,
                            207
                        ],
                        "media_url": "http://pbs.twimg.com/media/FmtfT1XaYAAdc2J.jpg",
                        "media_url_https": "https://pbs.twimg.com/media/FmtfT1XaYAAdc2J.jpg",
                        "url": "https://t.co/X4DIt1KmuH",
                        "display_url": "pic.twitter.com/X4DIt1KmuH",
                        "expanded_url": "https://twitter.com/royal_suitor/status/1615489691255721990/photo/1",
                        "type": "photo",
                        "sizes": {
                            "large": {
                                "w": 1200,
                                "h": 1200,
                                "resize": "fit"
                            },
                            "small": {
                                "w": 680,
                                "h": 680,
                                "resize": "fit"
                            },
                            "thumb": {
                                "w": 150,
                                "h": 150,
                                "resize": "crop"
                            },
                            "medium": {
                                "w": 1200,
                                "h": 1200,
                                "resize": "fit"
                            }
                        }
                    }
                ]
            }
        },
        "quote_count": 2,
        "reply_count": 9,
        "retweet_count": 127,
        "favorite_count": 750,
        "entities": {
            "hashtags": [
                {
                    "text": "HarryAndMeghanNetflix",
                    "indices": [
                        48,
                        70
                    ]
                }
            ],
            "urls": [
                {
                    "url": "https://t.co/wAChL6PO1A",
                    "expanded_url": "https://twitter.com/i/web/status/1615489691255721990",
                    "display_url": "twitter.com/i/web/status/1…",
                    "indices": [
                        117,
                        140
                    ]
                }
            ],
            "user_mentions": [],
            "symbols": []
        },
        "favorited": false,
        "retweeted": false,
        "possibly_sensitive": false,
        "filter_level": "low",
        "lang": "en"
    },
    "is_quote_status": false,
    "quote_count": 0,
    "reply_count": 0,
    "retweet_count": 0,
    "favorite_count": 0,
    "entities": {
        "hashtags": [
            {
                "text": "HarryAndMeghanNetflix",
                "indices": [
                    66,
                    88
                ]
            }
        ],
        "urls": [],
        "user_mentions": [
            {
                "screen_name": "royal_suitor",
                "name": "R.S. Locke / Royal Suitor",
                "id": 983032148381786113,
                "id_str": "983032148381786113",
                "indices": [
                    3,
                    16
                ]
            }
        ],
        "symbols": []
    },
    "favorited": false,
    "retweeted": false,
    "filter_level": "low",
    "lang": "en",
    "timestamp_ms": "1674023862824"
}