{
    "created_at": "Wed Jan 18 06:37:47 +0000 2023",
    "id": 1615599312192548865,
    "id_str": "1615599312192548865",
    "text": "Virgil Goldsmith Rita Rockefeller York Hazlitt Nathan Woolley #南京 https://t.co/xt7b7eEwaW",
    "source": "<a href=\"https://mobile.twitter.com\" rel=\"nofollow\">Twitter Web App</a>",
    "truncated": false,
    "in_reply_to_status_id": null,
    "in_reply_to_status_id_str": null,
    "in_reply_to_user_id": null,
    "in_reply_to_user_id_str": null,
    "in_reply_to_screen_name": null,
    "user": {
        "id": 1072376164100988929,
        "id_str": "1072376164100988929",
        "name": "Two",
        "screen_name": "Two17550004",
        "location": null,
        "url": null,
        "description": null,
        "translator_type": "none",
        "protected": false,
        "verified": false,
        "verified_type": "blue",
        "followers_count": 0,
        "friends_count": 0,
        "listed_count": 0,
        "favourites_count": 0,
        "statuses_count": 1223,
        "created_at": "Tue Dec 11 06:22:56 +0000 2018",
        "utc_offset": null,
        "time_zone": null,
        "geo_enabled": false,
        "lang": null,
        "contributors_enabled": false,
        "is_translator": false,
        "profile_background_color": "F5F8FA",
        "profile_background_image_url": "",
        "profile_background_image_url_https": "",
        "profile_background_tile": false,
        "profile_link_color": "1DA1F2",
        "profile_sidebar_border_color": "C0DEED",
        "profile_sidebar_fill_color": "DDEEF6",
        "profile_text_color": "333333",
        "profile_use_background_image": true,
        "profile_image_url": "http://abs.twimg.com/sticky/default_profile_images/default_profile_normal.png",
        "profile_image_url_https": "https://abs.twimg.com/sticky/default_profile_images/default_profile_normal.png",
        "default_profile": true,
        "default_profile_image": false,
        "following": null,
        "follow_request_sent": null,
        "notifications": null,
        "withheld_in_countries": []
    },
    "geo": null,
    "coordinates": null,
    "place": null,
    "contributors": null,
    "is_quote_status": false,
    "quote_count": 0,
    "reply_count": 0,
    "retweet_count": 0,
    "favorite_count": 0,
    "entities": {
        "hashtags": [
            {
                "text": "南京",
                "indices": [
                    62,
                    65
                ]
            }
        ],
        "urls": [],
        "user_mentions": [],
        "symbols": [],
        "media": [
            {
                "id": 1615397180784939009,
                "id_str": "1615397180784939009",
                "indices": [
                    66,
                    89
                ],
                "additional_media_info": {
                    "monetizable": false
                },
                "media_url": "http://pbs.twimg.com/ext_tw_video_thumb/1615397180784939009/pu/img/m9GlP4VRRDansG-p.jpg",
                "media_url_https": "https://pbs.twimg.com/ext_tw_video_thumb/1615397180784939009/pu/img/m9GlP4VRRDansG-p.jpg",
                "url": "https://t.co/xt7b7eEwaW",
                "display_url": "pic.twitter.com/xt7b7eEwaW",
                "expanded_url": "https://twitter.com/CeolaWise5/status/1615397226335064064/video/1",
                "type": "photo",
                "sizes": {
                    "thumb": {
                        "w": 150,
                        "h": 150,
                        "resize": "crop"
                    },
                    "small": {
                        "w": 680,
                        "h": 680,
                        "resize": "fit"
                    },
                    "medium": {
                        "w": 720,
                        "h": 720,
                        "resize": "fit"
                    },
                    "large": {
                        "w": 720,
                        "h": 720,
                        "resize": "fit"
                    }
                },
                "source_status_id": 1615397226335064064,
                "source_status_id_str": "1615397226335064064",
                "source_user_id": 1527642093098778625,
                "source_user_id_str": "1527642093098778625"
            }
        ]
    },
    "extended_entities": {
        "media": [
            {
                "id": 1615397180784939009,
                "id_str": "1615397180784939009",
                "indices": [
                    66,
                    89
                ],
                "additional_media_info": {
                    "monetizable": false
                },
                "media_url": "http://pbs.twimg.com/ext_tw_video_thumb/1615397180784939009/pu/img/m9GlP4VRRDansG-p.jpg",
                "media_url_https": "https://pbs.twimg.com/ext_tw_video_thumb/1615397180784939009/pu/img/m9GlP4VRRDansG-p.jpg",
                "url": "https://t.co/xt7b7eEwaW",
                "display_url": "pic.twitter.com/xt7b7eEwaW",
                "expanded_url": "https://twitter.com/CeolaWise5/status/1615397226335064064/video/1",
                "type": "video",
                "video_info": {
                    "aspect_ratio": [
                        1,
                        1
                    ],
                    "duration_millis": 2233,
                    "variants": [
                        {
                            "bitrate": 1280000,
                            "content_type": "video/mp4",
                            "url": "https://video.twimg.com/ext_tw_video/1615397180784939009/pu/vid/720x720/Q_3UsHRAv8NiqFA5.mp4?tag=12"
                        },
                        {
                            "bitrate": 832000,
                            "content_type": "video/mp4",
                            "url": "https://video.twimg.com/ext_tw_video/1615397180784939009/pu/vid/540x540/ihfKIo-F1pU7szcJ.mp4?tag=12"
                        },
                        {
                            "bitrate": 432000,
                            "content_type": "video/mp4",
                            "url": "https://video.twimg.com/ext_tw_video/1615397180784939009/pu/vid/320x320/GkmWSinOJlra5PhS.mp4?tag=12"
                        },
                        {
                            "content_type": "application/x-mpegURL",
                            "url": "https://video.twimg.com/ext_tw_video/1615397180784939009/pu/pl/zg2Dq6qzfEvzNzVB.m3u8?tag=12&container=fmp4"
                        }
                    ]
                },
                "sizes": {
                    "thumb": {
                        "w": 150,
                        "h": 150,
                        "resize": "crop"
                    },
                    "small": {
                        "w": 680,
                        "h": 680,
                        "resize": "fit"
                    },
                    "medium": {
                        "w": 720,
                        "h": 720,
                        "resize": "fit"
                    },
                    "large": {
                        "w": 720,
                        "h": 720,
                        "resize": "fit"
                    }
                },
                "source_status_id": 1615397226335064064,
                "source_status_id_str": "1615397226335064064",
                "source_user_id": 1527642093098778625,
                "source_user_id_str": "1527642093098778625"
            }
        ]
    },
    "favorited": false,
    "retweeted": false,
    "possibly_sensitive": false,
    "filter_level": "low",
    "lang": "en",
    "timestamp_ms": "1674023867067"
}