{
    "created_at": "Wed Jan 18 06:37:48 +0000 2023",
    "id": 1615599319607902214,
    "id_str": "1615599319607902214",
    "text": "RT @SergiyKyslytsya: Should russia be a peaceful nation &amp; shouldn’t it bomb Ukraine today as nazi Germany bombed the UK then, it’d be exact…",
    "source": "<a href=\"http://twitter.com/#!/download/ipad\" rel=\"nofollow\">Twitter for iPad</a>",
    "truncated": false,
    "in_reply_to_status_id": null,
    "in_reply_to_status_id_str": null,
    "in_reply_to_user_id": null,
    "in_reply_to_user_id_str": null,
    "in_reply_to_screen_name": null,
    "user": {
        "id": 59835490,
        "id_str": "59835490",
        "name": "🇨🇦Cyn 🇺🇦",
        "screen_name": "sunflowercyn",
        "location": "Canada",
        "url": null,
        "description": null,
        "translator_type": "none",
        "protected": false,
        "verified": false,
        "verified_type": "blue",
        "followers_count": 655,
        "friends_count": 1413,
        "listed_count": 41,
        "favourites_count": 64287,
        "statuses_count": 47070,
        "created_at": "Fri Jul 24 17:16:05 +0000 2009",
        "utc_offset": null,
        "time_zone": null,
        "geo_enabled": true,
        "lang": null,
        "contributors_enabled": false,
        "is_translator": false,
        "profile_background_color": "352726",
        "profile_background_image_url": "http://abs.twimg.com/images/themes/theme5/bg.gif",
        "profile_background_image_url_https": "https://abs.twimg.com/images/themes/theme5/bg.gif",
        "profile_background_tile": true,
        "profile_link_color": "D02B55",
        "profile_sidebar_border_color": "FFFFFF",
        "profile_sidebar_fill_color": "99CC33",
        "profile_text_color": "3E4415",
        "profile_use_background_image": true,
        "profile_image_url": "http://pbs.twimg.com/profile_images/1499803226220249093/Kjqmuf5k_normal.jpg",
        "profile_image_url_https": "https://pbs.twimg.com/profile_images/1499803226220249093/Kjqmuf5k_normal.jpg",
        "profile_banner_url": "https://pbs.twimg.com/profile_banners/59835490/1577730088",
        "default_profile": false,
        "default_profile_image": false,
        "following": null,
        "follow_request_sent": null,
        "notifications": null,
        "withheld_in_countries": []
    },
    "geo": null,
    "coordinates": null,
    "place": null,
    "contributors": null,
    "retweeted_status": {
        "created_at": "Wed Jan 18 01:16:33 +0000 2023",
        "id": 1615518473819688961,
        "id_str": "1615518473819688961",
        "text": "Should russia be a peaceful nation &amp; shouldn’t it bomb Ukraine today as nazi Germany bombed the UK then, it’d be ex… https://t.co/AhN89mYO5B",
        "display_text_range": [
            0,
            140
        ],
        "source": "<a href=\"http://twitter.com/download/iphone\" rel=\"nofollow\">Twitter for iPhone</a>",
        "truncated": true,
        "in_reply_to_status_id": null,
        "in_reply_to_status_id_str": null,
        "in_reply_to_user_id": null,
        "in_reply_to_user_id_str": null,
        "in_reply_to_screen_name": null,
        "user": {
            "id": 2392201764,
            "id_str": "2392201764",
            "name": "Sergiy Kyslytsya",
            "screen_name": "SergiyKyslytsya",
            "location": "New York, NY",
            "url": "http://ukraineun.org",
            "description": "Permanent Representative of Ukraine @UKRinUN Views are personal and aren't government's position unless it's clearly & explicitly indicated Ретвіти ≠ схвалення",
            "translator_type": "none",
            "protected": false,
            "verified": true,
            "verified_type": "government",
            "followers_count": 161625,
            "friends_count": 1961,
            "listed_count": 1080,
            "favourites_count": 8461,
            "statuses_count": 14143,
            "created_at": "Sun Mar 16 06:24:55 +0000 2014",
            "utc_offset": null,
            "time_zone": null,
            "geo_enabled": true,
            "lang": null,
            "contributors_enabled": false,
            "is_translator": false,
            "profile_background_color": "C0DEED",
            "profile_background_image_url": "http://abs.twimg.com/images/themes/theme1/bg.png",
            "profile_background_image_url_https": "https://abs.twimg.com/images/themes/theme1/bg.png",
            "profile_background_tile": false,
            "profile_link_color": "1DA1F2",
            "profile_sidebar_border_color": "C0DEED",
            "profile_sidebar_fill_color": "DDEEF6",
            "profile_text_color": "333333",
            "profile_use_background_image": true,
            "profile_image_url": "http://pbs.twimg.com/profile_images/1229289787049246720/nEIK2wGq_normal.jpg",
            "profile_image_url_https": "https://pbs.twimg.com/profile_images/1229289787049246720/nEIK2wGq_normal.jpg",
            "profile_banner_url": "https://pbs.twimg.com/profile_banners/2392201764/1419861879",
            "default_profile": true,
            "default_profile_image": false,
            "following": null,
            "follow_request_sent": null,
            "notifications": null,
            "withheld_in_countries": []
        },
        "geo": null,
        "coordinates": null,
        "place": null,
        "contributors": null,
        "is_quote_status": false,
        "extended_tweet": {
            "full_text": "Should russia be a peaceful nation &amp; shouldn’t it bomb Ukraine today as nazi Germany bombed the UK then, it’d be exactly today that we’d celebrate 77th anniversary of 1st ever meeting of the Security Council that took place on January 17, 1946 in London https://t.co/YfXPo5PmgR https://t.co/hyFJ3k0r6n",
            "display_text_range": [
                0,
                281
            ],
            "entities": {
                "hashtags": [],
                "urls": [
                    {
                        "url": "https://t.co/YfXPo5PmgR",
                        "expanded_url": "https://m.facebook.com/story.php?story_fbid=pfbid028Cp7TjdTpj9yukXPpKQVe5VdRkTbMtw1XEn7xweasuBPzjJ5JKCu6GLnjeVPTLWMl&id=1167515055&mibextid=qC1gEa",
                        "display_url": "m.facebook.com/story.php?stor…",
                        "indices": [
                            258,
                            281
                        ]
                    }
                ],
                "user_mentions": [],
                "symbols": [],
                "media": [
                    {
                        "id": 1615518467343503362,
                        "id_str": "1615518467343503362",
                        "indices": [
                            282,
                            305
                        ],
                        "media_url": "http://pbs.twimg.com/media/Fmt5fJYX0AI6qmg.jpg",
                        "media_url_https": "https://pbs.twimg.com/media/Fmt5fJYX0AI6qmg.jpg",
                        "url": "https://t.co/hyFJ3k0r6n",
                        "display_url": "pic.twitter.com/hyFJ3k0r6n",
                        "expanded_url": "https://twitter.com/SergiyKyslytsya/status/1615518473819688961/photo/1",
                        "type": "photo",
                        "sizes": {
                            "large": {
                                "w": 1600,
                                "h": 900,
                                "resize": "fit"
                            },
                            "thumb": {
                                "w": 150,
                                "h": 150,
                                "resize": "crop"
                            },
                            "small": {
                                "w": 680,
                                "h": 383,
                                "resize": "fit"
                            },
                            "medium": {
                                "w": 1200,
                                "h": 675,
                                "resize": "fit"
                            }
                        }
                    }
                ]
            },
            "extended_entities": {
                "media": [
                    {
                        "id": 1615518467343503362,
                        "id_str": "1615518467343503362",
                        "indices": [
                            282,
                            305
                        ],
                        "media_url": "http://pbs.twimg.com/media/Fmt5fJYX0AI6qmg.jpg",
                        "media_url_https": "https://pbs.twimg.com/media/Fmt5fJYX0AI6qmg.jpg",
                        "url": "https://t.co/hyFJ3k0r6n",
                        "display_url": "pic.twitter.com/hyFJ3k0r6n",
                        "expanded_url": "https://twitter.com/SergiyKyslytsya/status/1615518473819688961/photo/1",
                        "type": "photo",
                        "sizes": {
                            "large": {
                                "w": 1600,
                                "h": 900,
                                "resize": "fit"
                            },
                            "thumb": {
                                "w": 150,
                                "h": 150,
                                "resize": "crop"
                            },
                            "small": {
                                "w": 680,
                                "h": 383,
                                "resize": "fit"
                            },
                            "medium": {
                                "w": 1200,
                                "h": 675,
                                "resize": "fit"
                            }
                        }
                    }
                ]
            }
        },
        "quote_count": 1,
        "reply_count": 9,
        "retweet_count": 76,
        "favorite_count": 696,
        "entities": {
            "hashtags": [],
            "urls": [
                {
                    "url": "https://t.co/AhN89mYO5B",
                    "expanded_url": "https://twitter.com/i/web/status/1615518473819688961",
                    "display_url": "twitter.com/i/web/status/1…",
                    "indices": [
                        121,
                        144
                    ]
                }
            ],
            "user_mentions": [],
            "symbols": []
        },
        "favorited": false,
        "retweeted": false,
        "possibly_sensitive": false,
        "filter_level": "low",
        "lang": "en"
    },
    "is_quote_status": false,
    "quote_count": 0,
    "reply_count": 0,
    "retweet_count": 0,
    "favorite_count": 0,
    "entities": {
        "hashtags": [],
        "urls": [],
        "user_mentions": [
            {
                "screen_name": "SergiyKyslytsya",
                "name": "Sergiy Kyslytsya",
                "id": 2392201764,
                "id_str": "2392201764",
                "indices": [
                    3,
                    19
                ]
            }
        ],
        "symbols": []
    },
    "favorited": false,
    "retweeted": false,
    "filter_level": "low",
    "lang": "en",
    "timestamp_ms": "1674023868835"
}