{
    "created_at": "Wed Jan 18 06:37:46 +0000 2023",
    "id": 1615599311483731968,
    "id_str": "1615599311483731968",
    "text": "RT @skintypink: ROSÉ for Tiffany Lock Ads for January via Tiffany United States, Tiffany Canada, Tiffany UK, Tiffany France, Tiffany Deutsc…",
    "source": "<a href=\"http://twitter.com/download/iphone\" rel=\"nofollow\">Twitter for iPhone</a>",
    "truncated": false,
    "in_reply_to_status_id": null,
    "in_reply_to_status_id_str": null,
    "in_reply_to_user_id": null,
    "in_reply_to_user_id_str": null,
    "in_reply_to_screen_name": null,
    "user": {
        "id": 1462359572471959553,
        "id_str": "1462359572471959553",
        "name": "Love1997",
        "screen_name": "Lovedaily111",
        "location": null,
        "url": null,
        "description": "I'm trying to be nice 😉",
        "translator_type": "none",
        "protected": false,
        "verified": false,
        "verified_type": "blue",
        "followers_count": 32,
        "friends_count": 187,
        "listed_count": 0,
        "favourites_count": 78251,
        "statuses_count": 27817,
        "created_at": "Sun Nov 21 09:58:04 +0000 2021",
        "utc_offset": null,
        "time_zone": null,
        "geo_enabled": false,
        "lang": null,
        "contributors_enabled": false,
        "is_translator": false,
        "profile_background_color": "F5F8FA",
        "profile_background_image_url": "",
        "profile_background_image_url_https": "",
        "profile_background_tile": false,
        "profile_link_color": "1DA1F2",
        "profile_sidebar_border_color": "C0DEED",
        "profile_sidebar_fill_color": "DDEEF6",
        "profile_text_color": "333333",
        "profile_use_background_image": true,
        "profile_image_url": "http://pbs.twimg.com/profile_images/1606893757227757568/QsZYyYZq_normal.jpg",
        "profile_image_url_https": "https://pbs.twimg.com/profile_images/1606893757227757568/QsZYyYZq_normal.jpg",
        "profile_banner_url": "https://pbs.twimg.com/profile_banners/1462359572471959553/1668438056",
        "default_profile": true,
        "default_profile_image": false,
        "following": null,
        "follow_request_sent": null,
        "notifications": null,
        "withheld_in_countries": []
    },
    "geo": null,
    "coordinates": null,
    "place": null,
    "contributors": null,
    "retweeted_status": {
        "created_at": "Wed Jan 18 01:53:34 +0000 2023",
        "id": 1615527786529296388,
        "id_str": "1615527786529296388",
        "text": "ROSÉ for Tiffany Lock Ads for January via Tiffany United States, Tiffany Canada, Tiffany UK, Tiffany France, Tiffan… https://t.co/Hi6Zl3CM1M",
        "display_text_range": [
            0,
            140
        ],
        "source": "<a href=\"http://twitter.com/download/iphone\" rel=\"nofollow\">Twitter for iPhone</a>",
        "truncated": true,
        "in_reply_to_status_id": null,
        "in_reply_to_status_id_str": null,
        "in_reply_to_user_id": null,
        "in_reply_to_user_id_str": null,
        "in_reply_to_screen_name": null,
        "user": {
            "id": 1031698924149530626,
            "id_str": "1031698924149530626",
            "name": "chiara",
            "screen_name": "skintypink",
            "location": null,
            "url": null,
            "description": "for #ROSÉ #로제 #ロゼ #朴彩英 🌹",
            "translator_type": "none",
            "protected": false,
            "verified": false,
            "verified_type": "blue",
            "followers_count": 18630,
            "friends_count": 94,
            "listed_count": 91,
            "favourites_count": 17998,
            "statuses_count": 31748,
            "created_at": "Tue Aug 21 00:26:06 +0000 2018",
            "utc_offset": null,
            "time_zone": null,
            "geo_enabled": false,
            "lang": null,
            "contributors_enabled": false,
            "is_translator": false,
            "profile_background_color": "F5F8FA",
            "profile_background_image_url": "",
            "profile_background_image_url_https": "",
            "profile_background_tile": false,
            "profile_link_color": "1DA1F2",
            "profile_sidebar_border_color": "C0DEED",
            "profile_sidebar_fill_color": "DDEEF6",
            "profile_text_color": "333333",
            "profile_use_background_image": true,
            "profile_image_url": "http://pbs.twimg.com/profile_images/1489496384248193025/q_LIlj2s_normal.jpg",
            "profile_image_url_https": "https://pbs.twimg.com/profile_images/1489496384248193025/q_LIlj2s_normal.jpg",
            "profile_banner_url": "https://pbs.twimg.com/profile_banners/1031698924149530626/1639018478",
            "default_profile": true,
            "default_profile_image": false,
            "following": null,
            "follow_request_sent": null,
            "notifications": null,
            "withheld_in_countries": []
        },
        "geo": null,
        "coordinates": null,
        "place": null,
        "contributors": null,
        "is_quote_status": false,
        "extended_tweet": {
            "full_text": "ROSÉ for Tiffany Lock Ads for January via Tiffany United States, Tiffany Canada, Tiffany UK, Tiffany France, Tiffany Deutschland, Tiffany Italia, Tiffany Japan, Tiffany Thailand, Tiffany Malaysia, and Tiffany Singapore \n\n#TiffanyxROSÉ #TiffanyLock #ROSÉ #로제 https://t.co/av8KvBhy9t",
            "display_text_range": [
                0,
                257
            ],
            "entities": {
                "hashtags": [
                    {
                        "text": "TiffanyxROSÉ",
                        "indices": [
                            221,
                            234
                        ]
                    },
                    {
                        "text": "TiffanyLock",
                        "indices": [
                            235,
                            247
                        ]
                    },
                    {
                        "text": "ROSÉ",
                        "indices": [
                            248,
                            253
                        ]
                    },
                    {
                        "text": "로제",
                        "indices": [
                            254,
                            257
                        ]
                    }
                ],
                "urls": [],
                "user_mentions": [],
                "symbols": [],
                "media": [
                    {
                        "id": 1615527773979955202,
                        "id_str": "1615527773979955202",
                        "indices": [
                            258,
                            281
                        ],
                        "media_url": "http://pbs.twimg.com/media/FmuB83TaUAIPisu.jpg",
                        "media_url_https": "https://pbs.twimg.com/media/FmuB83TaUAIPisu.jpg",
                        "url": "https://t.co/av8KvBhy9t",
                        "display_url": "pic.twitter.com/av8KvBhy9t",
                        "expanded_url": "https://twitter.com/skintypink/status/1615527786529296388/photo/1",
                        "type": "photo",
                        "sizes": {
                            "small": {
                                "w": 680,
                                "h": 383,
                                "resize": "fit"
                            },
                            "thumb": {
                                "w": 150,
                                "h": 150,
                                "resize": "crop"
                            },
                            "medium": {
                                "w": 1200,
                                "h": 675,
                                "resize": "fit"
                            },
                            "large": {
                                "w": 1920,
                                "h": 1080,
                                "resize": "fit"
                            }
                        }
                    },
                    {
                        "id": 1615527773992546305,
                        "id_str": "1615527773992546305",
                        "indices": [
                            258,
                            281
                        ],
                        "media_url": "http://pbs.twimg.com/media/FmuB83WacAE0xrx.jpg",
                        "media_url_https": "https://pbs.twimg.com/media/FmuB83WacAE0xrx.jpg",
                        "url": "https://t.co/av8KvBhy9t",
                        "display_url": "pic.twitter.com/av8KvBhy9t",
                        "expanded_url": "https://twitter.com/skintypink/status/1615527786529296388/photo/1",
                        "type": "photo",
                        "sizes": {
                            "thumb": {
                                "w": 150,
                                "h": 150,
                                "resize": "crop"
                            },
                            "small": {
                                "w": 680,
                                "h": 383,
                                "resize": "fit"
                            },
                            "medium": {
                                "w": 1200,
                                "h": 675,
                                "resize": "fit"
                            },
                            "large": {
                                "w": 1920,
                                "h": 1080,
                                "resize": "fit"
                            }
                        }
                    },
                    {
                        "id": 1615527773975744512,
                        "id_str": "1615527773975744512",
                        "indices": [
                            258,
                            281
                        ],
                        "media_url": "http://pbs.twimg.com/media/FmuB83SaEAAY3mj.jpg",
                        "media_url_https": "https://pbs.twimg.com/media/FmuB83SaEAAY3mj.jpg",
                        "url": "https://t.co/av8KvBhy9t",
                        "display_url": "pic.twitter.com/av8KvBhy9t",
                        "expanded_url": "https://twitter.com/skintypink/status/1615527786529296388/photo/1",
                        "type": "photo",
                        "sizes": {
                            "large": {
                                "w": 1920,
                                "h": 1080,
                                "resize": "fit"
                            },
                            "thumb": {
                                "w": 150,
                                "h": 150,
                                "resize": "crop"
                            },
                            "medium": {
                                "w": 1200,
                                "h": 675,
                                "resize": "fit"
                            },
                            "small": {
                                "w": 680,
                                "h": 383,
                                "resize": "fit"
                            }
                        }
                    },
                    {
                        "id": 1615527773984165888,
                        "id_str": "1615527773984165888",
                        "indices": [
                            258,
                            281
                        ],
                        "media_url": "http://pbs.twimg.com/media/FmuB83UakAAdcR1.jpg",
                        "media_url_https": "https://pbs.twimg.com/media/FmuB83UakAAdcR1.jpg",
                        "url": "https://t.co/av8KvBhy9t",
                        "display_url": "pic.twitter.com/av8KvBhy9t",
                        "expanded_url": "https://twitter.com/skintypink/status/1615527786529296388/photo/1",
                        "type": "photo",
                        "sizes": {
                            "thumb": {
                                "w": 150,
                                "h": 150,
                                "resize": "crop"
                            },
                            "small": {
                                "w": 680,
                                "h": 383,
                                "resize": "fit"
                            },
                            "large": {
                                "w": 1920,
                                "h": 1080,
                                "resize": "fit"
                            },
                            "medium": {
                                "w": 1200,
                                "h": 675,
                                "resize": "fit"
                            }
                        }
                    }
                ]
            },
            "extended_entities": {
                "media": [
                    {
                        "id": 1615527773979955202,
                        "id_str": "1615527773979955202",
                        "indices": [
                            258,
                            281
                        ],
                        "media_url": "http://pbs.twimg.com/media/FmuB83TaUAIPisu.jpg",
                        "media_url_https": "https://pbs.twimg.com/media/FmuB83TaUAIPisu.jpg",
                        "url": "https://t.co/av8KvBhy9t",
                        "display_url": "pic.twitter.com/av8KvBhy9t",
                        "expanded_url": "https://twitter.com/skintypink/status/1615527786529296388/photo/1",
                        "type": "photo",
                        "sizes": {
                            "small": {
                                "w": 680,
                                "h": 383,
                                "resize": "fit"
                            },
                            "thumb": {
                                "w": 150,
                                "h": 150,
                                "resize": "crop"
                            },
                            "medium": {
                                "w": 1200,
                                "h": 675,
                                "resize": "fit"
                            },
                            "large": {
                                "w": 1920,
                                "h": 1080,
                                "resize": "fit"
                            }
                        }
                    },
                    {
                        "id": 1615527773992546305,
                        "id_str": "1615527773992546305",
                        "indices": [
                            258,
                            281
                        ],
                        "media_url": "http://pbs.twimg.com/media/FmuB83WacAE0xrx.jpg",
                        "media_url_https": "https://pbs.twimg.com/media/FmuB83WacAE0xrx.jpg",
                        "url": "https://t.co/av8KvBhy9t",
                        "display_url": "pic.twitter.com/av8KvBhy9t",
                        "expanded_url": "https://twitter.com/skintypink/status/1615527786529296388/photo/1",
                        "type": "photo",
                        "sizes": {
                            "thumb": {
                                "w": 150,
                                "h": 150,
                                "resize": "crop"
                            },
                            "small": {
                                "w": 680,
                                "h": 383,
                                "resize": "fit"
                            },
                            "medium": {
                                "w": 1200,
                                "h": 675,
                                "resize": "fit"
                            },
                            "large": {
                                "w": 1920,
                                "h": 1080,
                                "resize": "fit"
                            }
                        }
                    },
                    {
                        "id": 1615527773975744512,
                        "id_str": "1615527773975744512",
                        "indices": [
                            258,
                            281
                        ],
                        "media_url": "http://pbs.twimg.com/media/FmuB83SaEAAY3mj.jpg",
                        "media_url_https": "https://pbs.twimg.com/media/FmuB83SaEAAY3mj.jpg",
                        "url": "https://t.co/av8KvBhy9t",
                        "display_url": "pic.twitter.com/av8KvBhy9t",
                        "expanded_url": "https://twitter.com/skintypink/status/1615527786529296388/photo/1",
                        "type": "photo",
                        "sizes": {
                            "large": {
                                "w": 1920,
                                "h": 1080,
                                "resize": "fit"
                            },
                            "thumb": {
                                "w": 150,
                                "h": 150,
                                "resize": "crop"
                            },
                            "medium": {
                                "w": 1200,
                                "h": 675,
                                "resize": "fit"
                            },
                            "small": {
                                "w": 680,
                                "h": 383,
                                "resize": "fit"
                            }
                        }
                    },
                    {
                        "id": 1615527773984165888,
                        "id_str": "1615527773984165888",
                        "indices": [
                            258,
                            281
                        ],
                        "media_url": "http://pbs.twimg.com/media/FmuB83UakAAdcR1.jpg",
                        "media_url_https": "https://pbs.twimg.com/media/FmuB83UakAAdcR1.jpg",
                        "url": "https://t.co/av8KvBhy9t",
                        "display_url": "pic.twitter.com/av8KvBhy9t",
                        "expanded_url": "https://twitter.com/skintypink/status/1615527786529296388/photo/1",
                        "type": "photo",
                        "sizes": {
                            "thumb": {
                                "w": 150,
                                "h": 150,
                                "resize": "crop"
                            },
                            "small": {
                                "w": 680,
                                "h": 383,
                                "resize": "fit"
                            },
                            "large": {
                                "w": 1920,
                                "h": 1080,
                                "resize": "fit"
                            },
                            "medium": {
                                "w": 1200,
                                "h": 675,
                                "resize": "fit"
                            }
                        }
                    }
                ]
            }
        },
        "quote_count": 11,
        "reply_count": 2,
        "retweet_count": 462,
        "favorite_count": 1055,
        "entities": {
            "hashtags": [],
            "urls": [
                {
                    "url": "https://t.co/Hi6Zl3CM1M",
                    "expanded_url": "https://twitter.com/i/web/status/1615527786529296388",
                    "display_url": "twitter.com/i/web/status/1…",
                    "indices": [
                        117,
                        140
                    ]
                }
            ],
            "user_mentions": [],
            "symbols": []
        },
        "favorited": false,
        "retweeted": false,
        "possibly_sensitive": false,
        "filter_level": "low",
        "lang": "en"
    },
    "is_quote_status": false,
    "quote_count": 0,
    "reply_count": 0,
    "retweet_count": 0,
    "favorite_count": 0,
    "entities": {
        "hashtags": [],
        "urls": [],
        "user_mentions": [
            {
                "screen_name": "skintypink",
                "name": "chiara",
                "id": 1031698924149530626,
                "id_str": "1031698924149530626",
                "indices": [
                    3,
                    14
                ]
            }
        ],
        "symbols": []
    },
    "favorited": false,
    "retweeted": false,
    "filter_level": "low",
    "lang": "en",
    "timestamp_ms": "1674023866898"
}