{
    "created_at": "Wed Jan 18 06:37:46 +0000 2023",
    "id": 1615599311458287616,
    "id_str": "1615599311458287616",
    "text": "@mike10010100 And of course, there will be tons of Democratic lawmakers across New York who will complain of anger… https://t.co/zwCAZnVP4F",
    "display_text_range": [
        14,
        140
    ],
    "source": "<a href=\"http://twitter.com/download/iphone\" rel=\"nofollow\">Twitter for iPhone</a>",
    "truncated": true,
    "in_reply_to_status_id": 1615598776252497920,
    "in_reply_to_status_id_str": "1615598776252497920",
    "in_reply_to_user_id": 1591929535666311175,
    "in_reply_to_user_id_str": "1591929535666311175",
    "in_reply_to_screen_name": "hollanycbrave",
    "user": {
        "id": 1591929535666311175,
        "id_str": "1591929535666311175",
        "name": "Amazing Adrian (Love My City & Cats) 🗽🐈‍⬛ #FBDW",
        "screen_name": "hollanycbrave",
        "location": "Bronx, NY",
        "url": null,
        "description": "Knowledge of Democratic politics, trivia, select sports, weather, food, and more! Love my country! Pro Democracy! Vote Blue! #Biden #NoMAGA 🚫 #FBR 💙🌊🇺🇸",
        "translator_type": "none",
        "protected": false,
        "verified": false,
        "verified_type": "blue",
        "followers_count": 542,
        "friends_count": 1884,
        "listed_count": 0,
        "favourites_count": 9710,
        "statuses_count": 9480,
        "created_at": "Sun Nov 13 23:03:43 +0000 2022",
        "utc_offset": null,
        "time_zone": null,
        "geo_enabled": false,
        "lang": null,
        "contributors_enabled": false,
        "is_translator": false,
        "profile_background_color": "F5F8FA",
        "profile_background_image_url": "",
        "profile_background_image_url_https": "",
        "profile_background_tile": false,
        "profile_link_color": "1DA1F2",
        "profile_sidebar_border_color": "C0DEED",
        "profile_sidebar_fill_color": "DDEEF6",
        "profile_text_color": "333333",
        "profile_use_background_image": true,
        "profile_image_url": "http://pbs.twimg.com/profile_images/1591935648616927236/xxyztZUm_normal.jpg",
        "profile_image_url_https": "https://pbs.twimg.com/profile_images/1591935648616927236/xxyztZUm_normal.jpg",
        "profile_banner_url": "https://pbs.twimg.com/profile_banners/1591929535666311175/1668381289",
        "default_profile": true,
        "default_profile_image": false,
        "following": null,
        "follow_request_sent": null,
        "notifications": null,
        "withheld_in_countries": []
    },
    "geo": null,
    "coordinates": null,
    "place": null,
    "contributors": null,
    "is_quote_status": false,
    "extended_tweet": {
        "full_text": "@mike10010100 And of course, there will be tons of Democratic lawmakers across New York who will complain of anger &amp; frustration, but in the end, they have to eventually grow up &amp; find a way to make everything work!",
        "display_text_range": [
            14,
            223
        ],
        "entities": {
            "hashtags": [],
            "urls": [],
            "user_mentions": [
                {
                    "screen_name": "mike10010100",
                    "name": "Michael Paulauski",
                    "id": 224329419,
                    "id_str": "224329419",
                    "indices": [
                        0,
                        13
                    ]
                }
            ],
            "symbols": []
        }
    },
    "quote_count": 0,
    "reply_count": 0,
    "retweet_count": 0,
    "favorite_count": 0,
    "entities": {
        "hashtags": [],
        "urls": [
            {
                "url": "https://t.co/zwCAZnVP4F",
                "expanded_url": "https://twitter.com/i/web/status/1615599311458287616",
                "display_url": "twitter.com/i/web/status/1…",
                "indices": [
                    116,
                    139
                ]
            }
        ],
        "user_mentions": [
            {
                "screen_name": "mike10010100",
                "name": "Michael Paulauski",
                "id": 224329419,
                "id_str": "224329419",
                "indices": [
                    0,
                    13
                ]
            }
        ],
        "symbols": []
    },
    "favorited": false,
    "retweeted": false,
    "filter_level": "low",
    "lang": "en",
    "timestamp_ms": "1674023866892"
}