{
    "created_at": "Wed Jan 18 06:37:43 +0000 2023",
    "id": 1615599296929501184,
    "id_str": "1615599296929501184",
    "text": "RT @aespa_official: Excited to perform at The Governers Ball Music Festival 2023 (@govballnyc) on June 10th!  See you all at New York 🍎 \n\n🎟…",
    "source": "<a href=\"http://twitter.com/download/iphone\" rel=\"nofollow\">Twitter for iPhone</a>",
    "truncated": false,
    "in_reply_to_status_id": null,
    "in_reply_to_status_id_str": null,
    "in_reply_to_user_id": null,
    "in_reply_to_user_id_str": null,
    "in_reply_to_screen_name": null,
    "user": {
        "id": 838767074251948032,
        "id_str": "838767074251948032",
        "name": "シュワっと",
        "screen_name": "vOjrDnORN47Ej95",
        "location": "日本",
        "url": null,
        "description": "#aespa 03🚹神奈川",
        "translator_type": "none",
        "protected": false,
        "verified": false,
        "verified_type": "blue",
        "followers_count": 1882,
        "friends_count": 2885,
        "listed_count": 5,
        "favourites_count": 18076,
        "statuses_count": 3261,
        "created_at": "Mon Mar 06 15:03:48 +0000 2017",
        "utc_offset": null,
        "time_zone": null,
        "geo_enabled": false,
        "lang": null,
        "contributors_enabled": false,
        "is_translator": false,
        "profile_background_color": "F5F8FA",
        "profile_background_image_url": "",
        "profile_background_image_url_https": "",
        "profile_background_tile": false,
        "profile_link_color": "1DA1F2",
        "profile_sidebar_border_color": "C0DEED",
        "profile_sidebar_fill_color": "DDEEF6",
        "profile_text_color": "333333",
        "profile_use_background_image": true,
        "profile_image_url": "http://pbs.twimg.com/profile_images/1513317789502787585/5kVtrjRv_normal.jpg",
        "profile_image_url_https": "https://pbs.twimg.com/profile_images/1513317789502787585/5kVtrjRv_normal.jpg",
        "profile_banner_url": "https://pbs.twimg.com/profile_banners/838767074251948032/1649638117",
        "default_profile": true,
        "default_profile_image": false,
        "following": null,
        "follow_request_sent": null,
        "notifications": null,
        "withheld_in_countries": []
    },
    "geo": null,
    "coordinates": null,
    "place": null,
    "contributors": null,
    "retweeted_status": {
        "created_at": "Tue Jan 17 15:02:54 +0000 2023",
        "id": 1615364043342245889,
        "id_str": "1615364043342245889",
        "text": "Excited to perform at The Governers Ball Music Festival 2023 (@govballnyc) on June 10th!  See you all at New York 🍎… https://t.co/3CGeUJeDjX",
        "display_text_range": [
            0,
            140
        ],
        "source": "<a href=\"http://twitter.com/download/iphone\" rel=\"nofollow\">Twitter for iPhone</a>",
        "truncated": true,
        "in_reply_to_status_id": null,
        "in_reply_to_status_id_str": null,
        "in_reply_to_user_id": null,
        "in_reply_to_user_id_str": null,
        "in_reply_to_screen_name": null,
        "user": {
            "id": 1277453652924366848,
            "id_str": "1277453652924366848",
            "name": "aespa",
            "screen_name": "aespa_official",
            "location": null,
            "url": "https://aespa.lnk.to/GirlsEP",
            "description": "Girls",
            "translator_type": "none",
            "protected": false,
            "verified": true,
            "verified_type": "blue",
            "followers_count": 3417465,
            "friends_count": 2,
            "listed_count": 10105,
            "favourites_count": 14,
            "statuses_count": 2322,
            "created_at": "Mon Jun 29 04:08:00 +0000 2020",
            "utc_offset": null,
            "time_zone": null,
            "geo_enabled": false,
            "lang": null,
            "contributors_enabled": false,
            "is_translator": false,
            "profile_background_color": "F5F8FA",
            "profile_background_image_url": "",
            "profile_background_image_url_https": "",
            "profile_background_tile": false,
            "profile_link_color": "1DA1F2",
            "profile_sidebar_border_color": "C0DEED",
            "profile_sidebar_fill_color": "DDEEF6",
            "profile_text_color": "333333",
            "profile_use_background_image": true,
            "profile_image_url": "http://pbs.twimg.com/profile_images/1531651727904370688/XmqAPigu_normal.jpg",
            "profile_image_url_https": "https://pbs.twimg.com/profile_images/1531651727904370688/XmqAPigu_normal.jpg",
            "profile_banner_url": "https://pbs.twimg.com/profile_banners/1277453652924366848/1654009204",
            "default_profile": true,
            "default_profile_image": false,
            "following": null,
            "follow_request_sent": null,
            "notifications": null,
            "withheld_in_countries": []
        },
        "geo": null,
        "coordinates": null,
        "place": null,
        "contributors": null,
        "is_quote_status": false,
        "extended_tweet": {
            "full_text": "Excited to perform at The Governers Ball Music Festival 2023 (@govballnyc) on June 10th!  See you all at New York 🍎 \n\n🎟Ticket page: https://t.co/PEebW6WjJX\n📍New Location: Flushing Meadows Corona Park, New York City\n\n#aespa #æspa #에스파 \n#govballnyc https://t.co/X1cGRaoGp9",
            "display_text_range": [
                0,
                246
            ],
            "entities": {
                "hashtags": [
                    {
                        "text": "aespa",
                        "indices": [
                            216,
                            222
                        ]
                    },
                    {
                        "text": "æspa",
                        "indices": [
                            223,
                            228
                        ]
                    },
                    {
                        "text": "에스파",
                        "indices": [
                            229,
                            233
                        ]
                    },
                    {
                        "text": "govballnyc",
                        "indices": [
                            235,
                            246
                        ]
                    }
                ],
                "urls": [
                    {
                        "url": "https://t.co/PEebW6WjJX",
                        "expanded_url": "http://www.govball.com/tickets",
                        "display_url": "govball.com/tickets",
                        "indices": [
                            132,
                            155
                        ]
                    }
                ],
                "user_mentions": [
                    {
                        "screen_name": "GovBallNYC",
                        "name": "Gov Ball",
                        "id": 241426680,
                        "id_str": "241426680",
                        "indices": [
                            62,
                            73
                        ]
                    }
                ],
                "symbols": [],
                "media": [
                    {
                        "id": 1615364034437734400,
                        "id_str": "1615364034437734400",
                        "indices": [
                            247,
                            270
                        ],
                        "media_url": "http://pbs.twimg.com/media/FmrtB9-aYAA0cE8.jpg",
                        "media_url_https": "https://pbs.twimg.com/media/FmrtB9-aYAA0cE8.jpg",
                        "url": "https://t.co/X1cGRaoGp9",
                        "display_url": "pic.twitter.com/X1cGRaoGp9",
                        "expanded_url": "https://twitter.com/aespa_official/status/1615364043342245889/photo/1",
                        "type": "photo",
                        "sizes": {
                            "small": {
                                "w": 544,
                                "h": 680,
                                "resize": "fit"
                            },
                            "medium": {
                                "w": 819,
                                "h": 1024,
                                "resize": "fit"
                            },
                            "thumb": {
                                "w": 150,
                                "h": 150,
                                "resize": "crop"
                            },
                            "large": {
                                "w": 819,
                                "h": 1024,
                                "resize": "fit"
                            }
                        }
                    }
                ]
            },
            "extended_entities": {
                "media": [
                    {
                        "id": 1615364034437734400,
                        "id_str": "1615364034437734400",
                        "indices": [
                            247,
                            270
                        ],
                        "media_url": "http://pbs.twimg.com/media/FmrtB9-aYAA0cE8.jpg",
                        "media_url_https": "https://pbs.twimg.com/media/FmrtB9-aYAA0cE8.jpg",
                        "url": "https://t.co/X1cGRaoGp9",
                        "display_url": "pic.twitter.com/X1cGRaoGp9",
                        "expanded_url": "https://twitter.com/aespa_official/status/1615364043342245889/photo/1",
                        "type": "photo",
                        "sizes": {
                            "small": {
                                "w": 544,
                                "h": 680,
                                "resize": "fit"
                            },
                            "medium": {
                                "w": 819,
                                "h": 1024,
                                "resize": "fit"
                            },
                            "thumb": {
                                "w": 150,
                                "h": 150,
                                "resize": "crop"
                            },
                            "large": {
                                "w": 819,
                                "h": 1024,
                                "resize": "fit"
                            }
                        }
                    }
                ]
            }
        },
        "quote_count": 2375,
        "reply_count": 587,
        "retweet_count": 7971,
        "favorite_count": 23517,
        "entities": {
            "hashtags": [],
            "urls": [
                {
                    "url": "https://t.co/3CGeUJeDjX",
                    "expanded_url": "https://twitter.com/i/web/status/1615364043342245889",
                    "display_url": "twitter.com/i/web/status/1…",
                    "indices": [
                        117,
                        140
                    ]
                }
            ],
            "user_mentions": [
                {
                    "screen_name": "GovBallNYC",
                    "name": "Gov Ball",
                    "id": 241426680,
                    "id_str": "241426680",
                    "indices": [
                        62,
                        73
                    ]
                }
            ],
            "symbols": []
        },
        "favorited": false,
        "retweeted": false,
        "possibly_sensitive": false,
        "filter_level": "low",
        "lang": "en"
    },
    "is_quote_status": false,
    "quote_count": 0,
    "reply_count": 0,
    "retweet_count": 0,
    "favorite_count": 0,
    "entities": {
        "hashtags": [],
        "urls": [],
        "user_mentions": [
            {
                "screen_name": "aespa_official",
                "name": "aespa",
                "id": 1277453652924366848,
                "id_str": "1277453652924366848",
                "indices": [
                    3,
                    18
                ]
            },
            {
                "screen_name": "GovBallNYC",
                "name": "Gov Ball",
                "id": 241426680,
                "id_str": "241426680",
                "indices": [
                    82,
                    93
                ]
            }
        ],
        "symbols": []
    },
    "favorited": false,
    "retweeted": false,
    "filter_level": "low",
    "lang": "en",
    "timestamp_ms": "1674023863428"
}