{
    "created_at": "Wed Jan 18 06:37:52 +0000 2023",
    "id": 1615599335215075329,
    "id_str": "1615599335215075329",
    "text": "@Reuters \"Deadliest\"\n\nWhere were you when Marigpol got erased to the ground?\n\nhttps://t.co/6K9NFBSEte",
    "display_text_range": [
        9,
        101
    ],
    "source": "<a href=\"http://twitter.com/download/android\" rel=\"nofollow\">Twitter for Android</a>",
    "truncated": false,
    "in_reply_to_status_id": 1615344361398755329,
    "in_reply_to_status_id_str": "1615344361398755329",
    "in_reply_to_user_id": 1652541,
    "in_reply_to_user_id_str": "1652541",
    "in_reply_to_screen_name": "Reuters",
    "user": {
        "id": 1506598601975287813,
        "id_str": "1506598601975287813",
        "name": "Repeat Tannenberg 1914 💪",
        "screen_name": "iLoveNafo",
        "location": "NAFO barracks, Ramstein Air Ba",
        "url": "https://u24.gov.ua/",
        "description": "#NAFO supporter (obviously)\n\n#FreeTheLeopards",
        "translator_type": "none",
        "protected": false,
        "verified": false,
        "verified_type": "blue",
        "followers_count": 638,
        "friends_count": 598,
        "listed_count": 5,
        "favourites_count": 44295,
        "statuses_count": 10078,
        "created_at": "Wed Mar 23 11:48:13 +0000 2022",
        "utc_offset": null,
        "time_zone": null,
        "geo_enabled": false,
        "lang": null,
        "contributors_enabled": false,
        "is_translator": false,
        "profile_background_color": "F5F8FA",
        "profile_background_image_url": "",
        "profile_background_image_url_https": "",
        "profile_background_tile": false,
        "profile_link_color": "1DA1F2",
        "profile_sidebar_border_color": "C0DEED",
        "profile_sidebar_fill_color": "DDEEF6",
        "profile_text_color": "333333",
        "profile_use_background_image": true,
        "profile_image_url": "http://pbs.twimg.com/profile_images/1615287847149359108/yU0Lf1N1_normal.jpg",
        "profile_image_url_https": "https://pbs.twimg.com/profile_images/1615287847149359108/yU0Lf1N1_normal.jpg",
        "profile_banner_url": "https://pbs.twimg.com/profile_banners/1506598601975287813/1673172216",
        "default_profile": true,
        "default_profile_image": false,
        "following": null,
        "follow_request_sent": null,
        "notifications": null,
        "withheld_in_countries": []
    },
    "geo": null,
    "coordinates": null,
    "place": null,
    "contributors": null,
    "is_quote_status": false,
    "quote_count": 0,
    "reply_count": 0,
    "retweet_count": 0,
    "favorite_count": 0,
    "entities": {
        "hashtags": [],
        "urls": [
            {
                "url": "https://t.co/6K9NFBSEte",
                "expanded_url": "https://www.businessinsider.com/russian-bombed-theater-had-children-written-nearby-satellite-images-2022-3?amp",
                "display_url": "businessinsider.com/russian-bombed…",
                "indices": [
                    78,
                    101
                ]
            }
        ],
        "user_mentions": [
            {
                "screen_name": "Reuters",
                "name": "Reuters",
                "id": 1652541,
                "id_str": "1652541",
                "indices": [
                    0,
                    8
                ]
            }
        ],
        "symbols": []
    },
    "favorited": false,
    "retweeted": false,
    "possibly_sensitive": false,
    "filter_level": "low",
    "lang": "en",
    "timestamp_ms": "1674023872556"
}