{
    "created_at": "Wed Jan 18 06:37:44 +0000 2023",
    "id": 1615599301475930115,
    "id_str": "1615599301475930115",
    "text": "@TrevorCoultMC Wtf am I watching? If that was the UK I remember they’d have so many civil servants crawling on them… https://t.co/kGOvVZecn1",
    "display_text_range": [
        15,
        140
    ],
    "source": "<a href=\"http://twitter.com/download/iphone\" rel=\"nofollow\">Twitter for iPhone</a>",
    "truncated": true,
    "in_reply_to_status_id": 1615454520120864768,
    "in_reply_to_status_id_str": "1615454520120864768",
    "in_reply_to_user_id": 853926631387402240,
    "in_reply_to_user_id_str": "853926631387402240",
    "in_reply_to_screen_name": "TrevorCoultMC",
    "user": {
        "id": 1032254018582708224,
        "id_str": "1032254018582708224",
        "name": "Tom Sheffield",
        "screen_name": "TomSheffield11",
        "location": "Between the raindrops",
        "url": null,
        "description": "Yorkshire bastard. Immigrant in Froggers. I love dogs, Land Rovers and misbehaving in polite company. Usque Ad Finem.",
        "translator_type": "none",
        "protected": false,
        "verified": false,
        "verified_type": "blue",
        "followers_count": 255,
        "friends_count": 730,
        "listed_count": 1,
        "favourites_count": 2523,
        "statuses_count": 8748,
        "created_at": "Wed Aug 22 13:11:51 +0000 2018",
        "utc_offset": null,
        "time_zone": null,
        "geo_enabled": false,
        "lang": null,
        "contributors_enabled": false,
        "is_translator": false,
        "profile_background_color": "F5F8FA",
        "profile_background_image_url": "",
        "profile_background_image_url_https": "",
        "profile_background_tile": false,
        "profile_link_color": "1DA1F2",
        "profile_sidebar_border_color": "C0DEED",
        "profile_sidebar_fill_color": "DDEEF6",
        "profile_text_color": "333333",
        "profile_use_background_image": true,
        "profile_image_url": "http://pbs.twimg.com/profile_images/1553795990401998851/KIFzbQJ7_normal.jpg",
        "profile_image_url_https": "https://pbs.twimg.com/profile_images/1553795990401998851/KIFzbQJ7_normal.jpg",
        "profile_banner_url": "https://pbs.twimg.com/profile_banners/1032254018582708224/1672702971",
        "default_profile": true,
        "default_profile_image": false,
        "following": null,
        "follow_request_sent": null,
        "notifications": null,
        "withheld_in_countries": []
    },
    "geo": null,
    "coordinates": null,
    "place": null,
    "contributors": null,
    "is_quote_status": false,
    "extended_tweet": {
        "full_text": "@TrevorCoultMC Wtf am I watching? If that was the UK I remember they’d have so many civil servants crawling on them they’d need washing off with a flamethrower 😆",
        "display_text_range": [
            15,
            161
        ],
        "entities": {
            "hashtags": [],
            "urls": [],
            "user_mentions": [
                {
                    "screen_name": "TrevorCoultMC",
                    "name": "Trevor Coult MC",
                    "id": 853926631387402240,
                    "id_str": "853926631387402240",
                    "indices": [
                        0,
                        14
                    ]
                }
            ],
            "symbols": []
        }
    },
    "quote_count": 0,
    "reply_count": 0,
    "retweet_count": 0,
    "favorite_count": 0,
    "entities": {
        "hashtags": [],
        "urls": [
            {
                "url": "https://t.co/kGOvVZecn1",
                "expanded_url": "https://twitter.com/i/web/status/1615599301475930115",
                "display_url": "twitter.com/i/web/status/1…",
                "indices": [
                    117,
                    140
                ]
            }
        ],
        "user_mentions": [
            {
                "screen_name": "TrevorCoultMC",
                "name": "Trevor Coult MC",
                "id": 853926631387402240,
                "id_str": "853926631387402240",
                "indices": [
                    0,
                    14
                ]
            }
        ],
        "symbols": []
    },
    "favorited": false,
    "retweeted": false,
    "filter_level": "low",
    "lang": "en",
    "timestamp_ms": "1674023864512"
}