{
    "created_at": "Wed Jan 18 06:37:52 +0000 2023",
    "id": 1615599333340246017,
    "id_str": "1615599333340246017",
    "text": "RT @Wayne57072607: Since we set up the pedophile hunting community.\n\nThis is what we have found out.\nAlmost 90 % of all rapes and child gro…",
    "source": "<a href=\"https://mobile.twitter.com\" rel=\"nofollow\">Twitter Web App</a>",
    "truncated": false,
    "in_reply_to_status_id": null,
    "in_reply_to_status_id_str": null,
    "in_reply_to_user_id": null,
    "in_reply_to_user_id_str": null,
    "in_reply_to_screen_name": null,
    "user": {
        "id": 281451584,
        "id_str": "281451584",
        "name": "Ian",
        "screen_name": "iangers",
        "location": null,
        "url": null,
        "description": null,
        "translator_type": "none",
        "protected": false,
        "verified": false,
        "verified_type": "blue",
        "followers_count": 241,
        "friends_count": 342,
        "listed_count": 4,
        "favourites_count": 3692,
        "statuses_count": 42581,
        "created_at": "Wed Apr 13 09:38:53 +0000 2011",
        "utc_offset": null,
        "time_zone": null,
        "geo_enabled": false,
        "lang": null,
        "contributors_enabled": false,
        "is_translator": false,
        "profile_background_color": "C0DEED",
        "profile_background_image_url": "http://abs.twimg.com/images/themes/theme1/bg.png",
        "profile_background_image_url_https": "https://abs.twimg.com/images/themes/theme1/bg.png",
        "profile_background_tile": false,
        "profile_link_color": "1DA1F2",
        "profile_sidebar_border_color": "C0DEED",
        "profile_sidebar_fill_color": "DDEEF6",
        "profile_text_color": "333333",
        "profile_use_background_image": true,
        "profile_image_url": "http://pbs.twimg.com/profile_images/1376946614179405828/_TABJ_tI_normal.jpg",
        "profile_image_url_https": "https://pbs.twimg.com/profile_images/1376946614179405828/_TABJ_tI_normal.jpg",
        "default_profile": true,
        "default_profile_image": false,
        "following": null,
        "follow_request_sent": null,
        "notifications": null,
        "withheld_in_countries": []
    },
    "geo": null,
    "coordinates": null,
    "place": null,
    "contributors": null,
    "retweeted_status": {
        "created_at": "Tue Jan 17 15:21:38 +0000 2023",
        "id": 1615368755726393344,
        "id_str": "1615368755726393344",
        "text": "Since we set up the pedophile hunting community.\n\nThis is what we have found out.\nAlmost 90 % of all rapes and chil… https://t.co/5asS05vRuq",
        "source": "<a href=\"http://twitter.com/download/android\" rel=\"nofollow\">Twitter for Android</a>",
        "truncated": true,
        "in_reply_to_status_id": null,
        "in_reply_to_status_id_str": null,
        "in_reply_to_user_id": null,
        "in_reply_to_user_id_str": null,
        "in_reply_to_screen_name": null,
        "user": {
            "id": 1296876629113831424,
            "id_str": "1296876629113831424",
            "name": "airborne assault services",
            "screen_name": "Wayne57072607",
            "location": null,
            "url": null,
            "description": "airborne assault services is a free service to help veterans and our communities. Together we are strong together we will achieve 💪.",
            "translator_type": "none",
            "protected": false,
            "verified": false,
            "verified_type": "blue",
            "followers_count": 23180,
            "friends_count": 8062,
            "listed_count": 14,
            "favourites_count": 46920,
            "statuses_count": 70027,
            "created_at": "Fri Aug 21 18:27:59 +0000 2020",
            "utc_offset": null,
            "time_zone": null,
            "geo_enabled": false,
            "lang": null,
            "contributors_enabled": false,
            "is_translator": false,
            "profile_background_color": "F5F8FA",
            "profile_background_image_url": "",
            "profile_background_image_url_https": "",
            "profile_background_tile": false,
            "profile_link_color": "1DA1F2",
            "profile_sidebar_border_color": "C0DEED",
            "profile_sidebar_fill_color": "DDEEF6",
            "profile_text_color": "333333",
            "profile_use_background_image": true,
            "profile_image_url": "http://pbs.twimg.com/profile_images/1609011830025748481/Vu3EzIoM_normal.jpg",
            "profile_image_url_https": "https://pbs.twimg.com/profile_images/1609011830025748481/Vu3EzIoM_normal.jpg",
            "profile_banner_url": "https://pbs.twimg.com/profile_banners/1296876629113831424/1654876572",
            "default_profile": true,
            "default_profile_image": false,
            "following": null,
            "follow_request_sent": null,
            "notifications": null,
            "withheld_in_countries": []
        },
        "geo": null,
        "coordinates": null,
        "place": null,
        "contributors": null,
        "is_quote_status": false,
        "extended_tweet": {
            "full_text": "Since we set up the pedophile hunting community.\n\nThis is what we have found out.\nAlmost 90 % of all rapes and child grooming in the UK that was committed by Pakistani’s, resulted in a white girl under 16 being abused. \n\nhttps://t.co/VlBqSDkHE7",
            "display_text_range": [
                0,
                244
            ],
            "entities": {
                "hashtags": [],
                "urls": [
                    {
                        "url": "https://t.co/VlBqSDkHE7",
                        "expanded_url": "https://uk-database.org/cold-cases-missing-murdered-uk-kids-can-u-help/uk-child-abusers-named-and-shamed/muslim-paedo-rings-in-the-uk-why-how/",
                        "display_url": "uk-database.org/cold-cases-mis…",
                        "indices": [
                            221,
                            244
                        ]
                    }
                ],
                "user_mentions": [],
                "symbols": []
            }
        },
        "quote_count": 129,
        "reply_count": 383,
        "retweet_count": 2146,
        "favorite_count": 3031,
        "entities": {
            "hashtags": [],
            "urls": [
                {
                    "url": "https://t.co/5asS05vRuq",
                    "expanded_url": "https://twitter.com/i/web/status/1615368755726393344",
                    "display_url": "twitter.com/i/web/status/1…",
                    "indices": [
                        117,
                        140
                    ]
                }
            ],
            "user_mentions": [],
            "symbols": []
        },
        "favorited": false,
        "retweeted": false,
        "possibly_sensitive": false,
        "filter_level": "low",
        "lang": "en"
    },
    "is_quote_status": false,
    "quote_count": 0,
    "reply_count": 0,
    "retweet_count": 0,
    "favorite_count": 0,
    "entities": {
        "hashtags": [],
        "urls": [],
        "user_mentions": [
            {
                "screen_name": "Wayne57072607",
                "name": "airborne assault services",
                "id": 1296876629113831424,
                "id_str": "1296876629113831424",
                "indices": [
                    3,
                    17
                ]
            }
        ],
        "symbols": []
    },
    "favorited": false,
    "retweeted": false,
    "filter_level": "low",
    "lang": "en",
    "timestamp_ms": "1674023872109"
}