{
    "created_at": "Wed Jan 18 06:37:52 +0000 2023",
    "id": 1615599335244468225,
    "id_str": "1615599335244468225",
    "text": "@realness000 @Okeygeraldino @ARISEtv Out of 469 national assembly seats, LP has only 301 contestants leaving a shor… https://t.co/jLLIdKBIjr",
    "display_text_range": [
        37,
        140
    ],
    "source": "<a href=\"https://mobile.twitter.com\" rel=\"nofollow\">Twitter Web App</a>",
    "truncated": true,
    "in_reply_to_status_id": 1615598248277823488,
    "in_reply_to_status_id_str": "1615598248277823488",
    "in_reply_to_user_id": 1176368076029386752,
    "in_reply_to_user_id_str": "1176368076029386752",
    "in_reply_to_screen_name": "realness000",
    "user": {
        "id": 551332142,
        "id_str": "551332142",
        "name": "Dokun Ojomo",
        "screen_name": "DokunOjomo",
        "location": "Lagos, Nigeria",
        "url": null,
        "description": "#Enough Talk\n#Let us Fix Nigeria",
        "translator_type": "none",
        "protected": false,
        "verified": false,
        "verified_type": "blue",
        "followers_count": 44296,
        "friends_count": 2219,
        "listed_count": 32,
        "favourites_count": 202962,
        "statuses_count": 75318,
        "created_at": "Wed Apr 11 21:28:56 +0000 2012",
        "utc_offset": null,
        "time_zone": null,
        "geo_enabled": false,
        "lang": null,
        "contributors_enabled": false,
        "is_translator": false,
        "profile_background_color": "C0DEED",
        "profile_background_image_url": "http://abs.twimg.com/images/themes/theme1/bg.png",
        "profile_background_image_url_https": "https://abs.twimg.com/images/themes/theme1/bg.png",
        "profile_background_tile": false,
        "profile_link_color": "1DA1F2",
        "profile_sidebar_border_color": "C0DEED",
        "profile_sidebar_fill_color": "DDEEF6",
        "profile_text_color": "333333",
        "profile_use_background_image": true,
        "profile_image_url": "http://pbs.twimg.com/profile_images/1443890689939496960/q6CPYCKs_normal.jpg",
        "profile_image_url_https": "https://pbs.twimg.com/profile_images/1443890689939496960/q6CPYCKs_normal.jpg",
        "profile_banner_url": "https://pbs.twimg.com/profile_banners/551332142/1665254919",
        "default_profile": true,
        "default_profile_image": false,
        "following": null,
        "follow_request_sent": null,
        "notifications": null,
        "withheld_in_countries": []
    },
    "geo": null,
    "coordinates": null,
    "place": null,
    "contributors": null,
    "is_quote_status": false,
    "extended_tweet": {
        "full_text": "@realness000 @Okeygeraldino @ARISEtv Out of 469 national assembly seats, LP has only 301 contestants leaving a shortage of 168. \n\nMost of the Labour Party contestants are paper weight politicians. Like 90% don't have money to print posters and pay for adverts.",
        "display_text_range": [
            37,
            260
        ],
        "entities": {
            "hashtags": [],
            "urls": [],
            "user_mentions": [
                {
                    "screen_name": "realness000",
                    "name": "💯💯🇳🇬🇺🇸",
                    "id": 1176368076029386752,
                    "id_str": "1176368076029386752",
                    "indices": [
                        0,
                        12
                    ]
                },
                {
                    "screen_name": "Okeygeraldino",
                    "name": "Gerald O. P",
                    "id": 183235526,
                    "id_str": "183235526",
                    "indices": [
                        13,
                        27
                    ]
                },
                {
                    "screen_name": "ARISEtv",
                    "name": "ARISE NEWS",
                    "id": 1087778780,
                    "id_str": "1087778780",
                    "indices": [
                        28,
                        36
                    ]
                }
            ],
            "symbols": []
        }
    },
    "quote_count": 0,
    "reply_count": 0,
    "retweet_count": 0,
    "favorite_count": 0,
    "entities": {
        "hashtags": [],
        "urls": [
            {
                "url": "https://t.co/jLLIdKBIjr",
                "expanded_url": "https://twitter.com/i/web/status/1615599335244468225",
                "display_url": "twitter.com/i/web/status/1…",
                "indices": [
                    117,
                    140
                ]
            }
        ],
        "user_mentions": [
            {
                "screen_name": "realness000",
                "name": "💯💯🇳🇬🇺🇸",
                "id": 1176368076029386752,
                "id_str": "1176368076029386752",
                "indices": [
                    0,
                    12
                ]
            },
            {
                "screen_name": "Okeygeraldino",
                "name": "Gerald O. P",
                "id": 183235526,
                "id_str": "183235526",
                "indices": [
                    13,
                    27
                ]
            },
            {
                "screen_name": "ARISEtv",
                "name": "ARISE NEWS",
                "id": 1087778780,
                "id_str": "1087778780",
                "indices": [
                    28,
                    36
                ]
            }
        ],
        "symbols": []
    },
    "favorited": false,
    "retweeted": false,
    "filter_level": "low",
    "lang": "en",
    "timestamp_ms": "1674023872563"
}