{
    "created_at": "Wed Jan 18 06:37:47 +0000 2023",
    "id": 1615599312230289408,
    "id_str": "1615599312230289408",
    "text": "Norton Quiller Boris Houston Juliet Bird Darnell Dewar #上海 https://t.co/suJQweoTV5",
    "source": "<a href=\"https://mobile.twitter.com\" rel=\"nofollow\">Twitter Web App</a>",
    "truncated": false,
    "in_reply_to_status_id": null,
    "in_reply_to_status_id_str": null,
    "in_reply_to_user_id": null,
    "in_reply_to_user_id_str": null,
    "in_reply_to_screen_name": null,
    "user": {
        "id": 828169399374737410,
        "id_str": "828169399374737410",
        "name": "◥̣̇•̣̇ﻜٕ̣̇وًُِ̣̇دٍ̣ٓ̇•̣̇◤̣̇ﺧٍّٕ̣ٓ̇صٍُ̣̇مٍ̣̇◤",
        "screen_name": "O2L9aMoo8ii3OTS",
        "location": null,
        "url": null,
        "description": null,
        "translator_type": "none",
        "protected": false,
        "verified": false,
        "verified_type": "blue",
        "followers_count": 0,
        "friends_count": 1,
        "listed_count": 0,
        "favourites_count": 0,
        "statuses_count": 577,
        "created_at": "Sun Feb 05 09:12:26 +0000 2017",
        "utc_offset": null,
        "time_zone": null,
        "geo_enabled": false,
        "lang": null,
        "contributors_enabled": false,
        "is_translator": false,
        "profile_background_color": "F5F8FA",
        "profile_background_image_url": "",
        "profile_background_image_url_https": "",
        "profile_background_tile": false,
        "profile_link_color": "1DA1F2",
        "profile_sidebar_border_color": "C0DEED",
        "profile_sidebar_fill_color": "DDEEF6",
        "profile_text_color": "333333",
        "profile_use_background_image": true,
        "profile_image_url": "http://pbs.twimg.com/profile_images/1615583298276786176/CuGCQbSf_normal.jpg",
        "profile_image_url_https": "https://pbs.twimg.com/profile_images/1615583298276786176/CuGCQbSf_normal.jpg",
        "default_profile": true,
        "default_profile_image": false,
        "following": null,
        "follow_request_sent": null,
        "notifications": null,
        "withheld_in_countries": []
    },
    "geo": null,
    "coordinates": null,
    "place": null,
    "contributors": null,
    "is_quote_status": false,
    "quote_count": 0,
    "reply_count": 0,
    "retweet_count": 0,
    "favorite_count": 0,
    "entities": {
        "hashtags": [
            {
                "text": "上海",
                "indices": [
                    55,
                    58
                ]
            }
        ],
        "urls": [],
        "user_mentions": [],
        "symbols": [],
        "media": [
            {
                "id": 1615396388829040641,
                "id_str": "1615396388829040641",
                "indices": [
                    59,
                    82
                ],
                "media_url": "http://pbs.twimg.com/media/FmsKdPeakAEEnqy.jpg",
                "media_url_https": "https://pbs.twimg.com/media/FmsKdPeakAEEnqy.jpg",
                "url": "https://t.co/suJQweoTV5",
                "display_url": "pic.twitter.com/suJQweoTV5",
                "expanded_url": "https://twitter.com/RenaeLamb8/status/1615396398161342466/photo/1",
                "type": "photo",
                "sizes": {
                    "thumb": {
                        "w": 150,
                        "h": 150,
                        "resize": "crop"
                    },
                    "medium": {
                        "w": 828,
                        "h": 825,
                        "resize": "fit"
                    },
                    "large": {
                        "w": 828,
                        "h": 825,
                        "resize": "fit"
                    },
                    "small": {
                        "w": 680,
                        "h": 678,
                        "resize": "fit"
                    }
                },
                "source_status_id": 1615396398161342466,
                "source_status_id_str": "1615396398161342466",
                "source_user_id": 1527604811746648074,
                "source_user_id_str": "1527604811746648074"
            }
        ]
    },
    "extended_entities": {
        "media": [
            {
                "id": 1615396388829040641,
                "id_str": "1615396388829040641",
                "indices": [
                    59,
                    82
                ],
                "media_url": "http://pbs.twimg.com/media/FmsKdPeakAEEnqy.jpg",
                "media_url_https": "https://pbs.twimg.com/media/FmsKdPeakAEEnqy.jpg",
                "url": "https://t.co/suJQweoTV5",
                "display_url": "pic.twitter.com/suJQweoTV5",
                "expanded_url": "https://twitter.com/RenaeLamb8/status/1615396398161342466/photo/1",
                "type": "photo",
                "sizes": {
                    "thumb": {
                        "w": 150,
                        "h": 150,
                        "resize": "crop"
                    },
                    "medium": {
                        "w": 828,
                        "h": 825,
                        "resize": "fit"
                    },
                    "large": {
                        "w": 828,
                        "h": 825,
                        "resize": "fit"
                    },
                    "small": {
                        "w": 680,
                        "h": 678,
                        "resize": "fit"
                    }
                },
                "source_status_id": 1615396398161342466,
                "source_status_id_str": "1615396398161342466",
                "source_user_id": 1527604811746648074,
                "source_user_id_str": "1527604811746648074"
            }
        ]
    },
    "favorited": false,
    "retweeted": false,
    "possibly_sensitive": false,
    "filter_level": "low",
    "lang": "en",
    "timestamp_ms": "1674023867076"
}