{
    "created_at": "Wed Jan 18 06:37:51 +0000 2023",
    "id": 1615599330114543617,
    "id_str": "1615599330114543617",
    "text": "RT @BexBitchley1: The Tories loosing at the next election will leave only the \"numpties\" in safe seats.  I see they've met my MP",
    "source": "<a href=\"http://twitter.com/download/android\" rel=\"nofollow\">Twitter for Android</a>",
    "truncated": false,
    "in_reply_to_status_id": null,
    "in_reply_to_status_id_str": null,
    "in_reply_to_user_id": null,
    "in_reply_to_user_id_str": null,
    "in_reply_to_screen_name": null,
    "user": {
        "id": 2534863005,
        "id_str": "2534863005",
        "name": "Rob Darney",
        "screen_name": "robdarneyno1",
        "location": null,
        "url": null,
        "description": null,
        "translator_type": "none",
        "protected": false,
        "verified": false,
        "verified_type": "blue",
        "followers_count": 1831,
        "friends_count": 5003,
        "listed_count": 2,
        "favourites_count": 176562,
        "statuses_count": 173536,
        "created_at": "Thu May 08 09:31:26 +0000 2014",
        "utc_offset": null,
        "time_zone": null,
        "geo_enabled": false,
        "lang": null,
        "contributors_enabled": false,
        "is_translator": false,
        "profile_background_color": "C0DEED",
        "profile_background_image_url": "http://abs.twimg.com/images/themes/theme1/bg.png",
        "profile_background_image_url_https": "https://abs.twimg.com/images/themes/theme1/bg.png",
        "profile_background_tile": false,
        "profile_link_color": "1DA1F2",
        "profile_sidebar_border_color": "C0DEED",
        "profile_sidebar_fill_color": "DDEEF6",
        "profile_text_color": "333333",
        "profile_use_background_image": true,
        "profile_image_url": "http://pbs.twimg.com/profile_images/750433084185702400/lnRQDxle_normal.jpg",
        "profile_image_url_https": "https://pbs.twimg.com/profile_images/750433084185702400/lnRQDxle_normal.jpg",
        "default_profile": true,
        "default_profile_image": false,
        "following": null,
        "follow_request_sent": null,
        "notifications": null,
        "withheld_in_countries": []
    },
    "geo": null,
    "coordinates": null,
    "place": null,
    "contributors": null,
    "retweeted_status": {
        "created_at": "Tue Jan 17 23:04:25 +0000 2023",
        "id": 1615485219796287489,
        "id_str": "1615485219796287489",
        "text": "The Tories loosing at the next election will leave only the \"numpties\" in safe seats.  I see they've met my MP",
        "source": "<a href=\"http://twitter.com/download/android\" rel=\"nofollow\">Twitter for Android</a>",
        "truncated": false,
        "in_reply_to_status_id": null,
        "in_reply_to_status_id_str": null,
        "in_reply_to_user_id": null,
        "in_reply_to_user_id_str": null,
        "in_reply_to_screen_name": null,
        "user": {
            "id": 1497331407135420417,
            "id_str": "1497331407135420417",
            "name": "Eni",
            "screen_name": "BexBitchley1",
            "location": null,
            "url": null,
            "description": null,
            "translator_type": "none",
            "protected": false,
            "verified": false,
            "verified_type": "blue",
            "followers_count": 4174,
            "friends_count": 4960,
            "listed_count": 4,
            "favourites_count": 135681,
            "statuses_count": 39245,
            "created_at": "Fri Feb 25 22:03:30 +0000 2022",
            "utc_offset": null,
            "time_zone": null,
            "geo_enabled": true,
            "lang": null,
            "contributors_enabled": false,
            "is_translator": false,
            "profile_background_color": "F5F8FA",
            "profile_background_image_url": "",
            "profile_background_image_url_https": "",
            "profile_background_tile": false,
            "profile_link_color": "1DA1F2",
            "profile_sidebar_border_color": "C0DEED",
            "profile_sidebar_fill_color": "DDEEF6",
            "profile_text_color": "333333",
            "profile_use_background_image": true,
            "profile_image_url": "http://pbs.twimg.com/profile_images/1580158187185098753/Y1v44f_x_normal.jpg",
            "profile_image_url_https": "https://pbs.twimg.com/profile_images/1580158187185098753/Y1v44f_x_normal.jpg",
            "profile_banner_url": "https://pbs.twimg.com/profile_banners/1497331407135420417/1666123922",
            "default_profile": true,
            "default_profile_image": false,
            "following": null,
            "follow_request_sent": null,
            "notifications": null,
            "withheld_in_countries": []
        },
        "geo": null,
        "coordinates": null,
        "place": null,
        "contributors": null,
        "quoted_status_id": 1615479389407350787,
        "quoted_status_id_str": "1615479389407350787",
        "quoted_status": {
            "created_at": "Tue Jan 17 22:41:15 +0000 2023",
            "id": 1615479389407350787,
            "id_str": "1615479389407350787",
            "text": "Meanwhile some Tory MPs are fretting about a Labour landslide.\nEx-minister: “The worst thing is immediately about 1… https://t.co/QdBjKZQdhc",
            "source": "<a href=\"https://mobile.twitter.com\" rel=\"nofollow\">Twitter Web App</a>",
            "truncated": true,
            "in_reply_to_status_id": 1615437510557007874,
            "in_reply_to_status_id_str": "1615437510557007874",
            "in_reply_to_user_id": 26985345,
            "in_reply_to_user_id_str": "26985345",
            "in_reply_to_screen_name": "paulwaugh",
            "user": {
                "id": 26985345,
                "id_str": "26985345",
                "name": "Paul Waugh",
                "screen_name": "paulwaugh",
                "location": "UK",
                "url": null,
                "description": "Chief Political Commentator, @theipaper. News, insight and analysis from the House of Commons. \nPresenter, BBC Radio 4's The Week In Westminster.",
                "translator_type": "none",
                "protected": false,
                "verified": true,
                "verified_type": "blue",
                "followers_count": 227546,
                "friends_count": 10510,
                "listed_count": 3884,
                "favourites_count": 6633,
                "statuses_count": 100406,
                "created_at": "Fri Mar 27 11:14:29 +0000 2009",
                "utc_offset": null,
                "time_zone": null,
                "geo_enabled": true,
                "lang": null,
                "contributors_enabled": false,
                "is_translator": false,
                "profile_background_color": "022778",
                "profile_background_image_url": "http://abs.twimg.com/images/themes/theme1/bg.png",
                "profile_background_image_url_https": "https://abs.twimg.com/images/themes/theme1/bg.png",
                "profile_background_tile": true,
                "profile_link_color": "3B94D9",
                "profile_sidebar_border_color": "F7A800",
                "profile_sidebar_fill_color": "FDE5B2",
                "profile_text_color": "333333",
                "profile_use_background_image": true,
                "profile_image_url": "http://pbs.twimg.com/profile_images/693013570339102720/HzMKA4lC_normal.jpg",
                "profile_image_url_https": "https://pbs.twimg.com/profile_images/693013570339102720/HzMKA4lC_normal.jpg",
                "profile_banner_url": "https://pbs.twimg.com/profile_banners/26985345/1401813895",
                "default_profile": false,
                "default_profile_image": false,
                "following": null,
                "follow_request_sent": null,
                "notifications": null,
                "withheld_in_countries": []
            },
            "geo": null,
            "coordinates": null,
            "place": null,
            "contributors": null,
            "quoted_status_id": 1615364045221027840,
            "quoted_status_id_str": "1615364045221027840",
            "is_quote_status": true,
            "extended_tweet": {
                "full_text": "Meanwhile some Tory MPs are fretting about a Labour landslide.\nEx-minister: “The worst thing is immediately about 150 of your most agile, talented people just get sliced out.\nOf the ones you’ve got left, probably about 2/3rds are numpties in safe seats.\"\nhttps://t.co/UzWDGaivgk",
                "display_text_range": [
                    0,
                    278
                ],
                "entities": {
                    "hashtags": [],
                    "urls": [
                        {
                            "url": "https://t.co/UzWDGaivgk",
                            "expanded_url": "https://twitter.com/theipaper/status/1615364045221027840?s=20&t=mPEXcLqa67qouu8qEcUA1g",
                            "display_url": "twitter.com/theipaper/stat…",
                            "indices": [
                                255,
                                278
                            ]
                        }
                    ],
                    "user_mentions": [],
                    "symbols": []
                }
            },
            "quote_count": 8,
            "reply_count": 15,
            "retweet_count": 21,
            "favorite_count": 65,
            "entities": {
                "hashtags": [],
                "urls": [
                    {
                        "url": "https://t.co/QdBjKZQdhc",
                        "expanded_url": "https://twitter.com/i/web/status/1615479389407350787",
                        "display_url": "twitter.com/i/web/status/1…",
                        "indices": [
                            117,
                            140
                        ]
                    }
                ],
                "user_mentions": [],
                "symbols": []
            },
            "favorited": false,
            "retweeted": false,
            "possibly_sensitive": false,
            "filter_level": "low",
            "lang": "en"
        },
        "quoted_status_permalink": {
            "url": "https://t.co/bknDnvyZbd",
            "expanded": "https://twitter.com/paulwaugh/status/1615479389407350787",
            "display": "twitter.com/paulwaugh/stat…"
        },
        "is_quote_status": true,
        "quote_count": 0,
        "reply_count": 2,
        "retweet_count": 4,
        "favorite_count": 12,
        "entities": {
            "hashtags": [],
            "urls": [],
            "user_mentions": [],
            "symbols": []
        },
        "favorited": false,
        "retweeted": false,
        "filter_level": "low",
        "lang": "en"
    },
    "quoted_status_id": 1615479389407350787,
    "quoted_status_id_str": "1615479389407350787",
    "quoted_status": {
        "created_at": "Tue Jan 17 22:41:15 +0000 2023",
        "id": 1615479389407350787,
        "id_str": "1615479389407350787",
        "text": "Meanwhile some Tory MPs are fretting about a Labour landslide.\nEx-minister: “The worst thing is immediately about 1… https://t.co/QdBjKZQdhc",
        "source": "<a href=\"https://mobile.twitter.com\" rel=\"nofollow\">Twitter Web App</a>",
        "truncated": true,
        "in_reply_to_status_id": 1615437510557007874,
        "in_reply_to_status_id_str": "1615437510557007874",
        "in_reply_to_user_id": 26985345,
        "in_reply_to_user_id_str": "26985345",
        "in_reply_to_screen_name": "paulwaugh",
        "user": {
            "id": 26985345,
            "id_str": "26985345",
            "name": "Paul Waugh",
            "screen_name": "paulwaugh",
            "location": "UK",
            "url": null,
            "description": "Chief Political Commentator, @theipaper. News, insight and analysis from the House of Commons. \nPresenter, BBC Radio 4's The Week In Westminster.",
            "translator_type": "none",
            "protected": false,
            "verified": true,
            "verified_type": "blue",
            "followers_count": 227546,
            "friends_count": 10510,
            "listed_count": 3884,
            "favourites_count": 6633,
            "statuses_count": 100406,
            "created_at": "Fri Mar 27 11:14:29 +0000 2009",
            "utc_offset": null,
            "time_zone": null,
            "geo_enabled": true,
            "lang": null,
            "contributors_enabled": false,
            "is_translator": false,
            "profile_background_color": "022778",
            "profile_background_image_url": "http://abs.twimg.com/images/themes/theme1/bg.png",
            "profile_background_image_url_https": "https://abs.twimg.com/images/themes/theme1/bg.png",
            "profile_background_tile": true,
            "profile_link_color": "3B94D9",
            "profile_sidebar_border_color": "F7A800",
            "profile_sidebar_fill_color": "FDE5B2",
            "profile_text_color": "333333",
            "profile_use_background_image": true,
            "profile_image_url": "http://pbs.twimg.com/profile_images/693013570339102720/HzMKA4lC_normal.jpg",
            "profile_image_url_https": "https://pbs.twimg.com/profile_images/693013570339102720/HzMKA4lC_normal.jpg",
            "profile_banner_url": "https://pbs.twimg.com/profile_banners/26985345/1401813895",
            "default_profile": false,
            "default_profile_image": false,
            "following": null,
            "follow_request_sent": null,
            "notifications": null,
            "withheld_in_countries": []
        },
        "geo": null,
        "coordinates": null,
        "place": null,
        "contributors": null,
        "quoted_status_id": 1615364045221027840,
        "quoted_status_id_str": "1615364045221027840",
        "is_quote_status": true,
        "extended_tweet": {
            "full_text": "Meanwhile some Tory MPs are fretting about a Labour landslide.\nEx-minister: “The worst thing is immediately about 150 of your most agile, talented people just get sliced out.\nOf the ones you’ve got left, probably about 2/3rds are numpties in safe seats.\"\nhttps://t.co/UzWDGaivgk",
            "display_text_range": [
                0,
                278
            ],
            "entities": {
                "hashtags": [],
                "urls": [
                    {
                        "url": "https://t.co/UzWDGaivgk",
                        "expanded_url": "https://twitter.com/theipaper/status/1615364045221027840?s=20&t=mPEXcLqa67qouu8qEcUA1g",
                        "display_url": "twitter.com/theipaper/stat…",
                        "indices": [
                            255,
                            278
                        ]
                    }
                ],
                "user_mentions": [],
                "symbols": []
            }
        },
        "quote_count": 8,
        "reply_count": 15,
        "retweet_count": 21,
        "favorite_count": 65,
        "entities": {
            "hashtags": [],
            "urls": [
                {
                    "url": "https://t.co/QdBjKZQdhc",
                    "expanded_url": "https://twitter.com/i/web/status/1615479389407350787",
                    "display_url": "twitter.com/i/web/status/1…",
                    "indices": [
                        117,
                        140
                    ]
                }
            ],
            "user_mentions": [],
            "symbols": []
        },
        "favorited": false,
        "retweeted": false,
        "possibly_sensitive": false,
        "filter_level": "low",
        "lang": "en"
    },
    "quoted_status_permalink": {
        "url": "https://t.co/bknDnvyZbd",
        "expanded": "https://twitter.com/paulwaugh/status/1615479389407350787",
        "display": "twitter.com/paulwaugh/stat…"
    },
    "is_quote_status": true,
    "quote_count": 0,
    "reply_count": 0,
    "retweet_count": 0,
    "favorite_count": 0,
    "entities": {
        "hashtags": [],
        "urls": [],
        "user_mentions": [
            {
                "screen_name": "BexBitchley1",
                "name": "Eni",
                "id": 1497331407135420417,
                "id_str": "1497331407135420417",
                "indices": [
                    3,
                    16
                ]
            }
        ],
        "symbols": []
    },
    "favorited": false,
    "retweeted": false,
    "filter_level": "low",
    "lang": "en",
    "timestamp_ms": "1674023871340"
}