{
    "created_at": "Wed Jan 18 06:37:45 +0000 2023",
    "id": 1615599304479051776,
    "id_str": "1615599304479051776",
    "text": "RT @Spotlight_Abby: I tweeted my initial thoughts about that Peter Obi's Skye News UK interview. For me, everything was significant. It giv…",
    "source": "<a href=\"http://twitter.com/download/android\" rel=\"nofollow\">Twitter for Android</a>",
    "truncated": false,
    "in_reply_to_status_id": null,
    "in_reply_to_status_id_str": null,
    "in_reply_to_user_id": null,
    "in_reply_to_user_id_str": null,
    "in_reply_to_screen_name": null,
    "user": {
        "id": 1611244387492659200,
        "id_str": "1611244387492659200",
        "name": "Abba's Favourite OBIdient Child",
        "screen_name": "tonyobidient_",
        "location": "Chilling with Abba",
        "url": null,
        "description": "Aggressively OBIdient || Unapologetically Christian || Content writer || Medical student || Lover of books || God's favourite child",
        "translator_type": "none",
        "protected": false,
        "verified": false,
        "verified_type": "blue",
        "followers_count": 20,
        "friends_count": 205,
        "listed_count": 0,
        "favourites_count": 773,
        "statuses_count": 285,
        "created_at": "Fri Jan 06 06:13:12 +0000 2023",
        "utc_offset": null,
        "time_zone": null,
        "geo_enabled": false,
        "lang": null,
        "contributors_enabled": false,
        "is_translator": false,
        "profile_background_color": "F5F8FA",
        "profile_background_image_url": "",
        "profile_background_image_url_https": "",
        "profile_background_tile": false,
        "profile_link_color": "1DA1F2",
        "profile_sidebar_border_color": "C0DEED",
        "profile_sidebar_fill_color": "DDEEF6",
        "profile_text_color": "333333",
        "profile_use_background_image": true,
        "profile_image_url": "http://pbs.twimg.com/profile_images/1611244733321420807/h7Jln_2__normal.jpg",
        "profile_image_url_https": "https://pbs.twimg.com/profile_images/1611244733321420807/h7Jln_2__normal.jpg",
        "profile_banner_url": "https://pbs.twimg.com/profile_banners/1611244387492659200/1672986261",
        "default_profile": true,
        "default_profile_image": false,
        "following": null,
        "follow_request_sent": null,
        "notifications": null,
        "withheld_in_countries": []
    },
    "geo": null,
    "coordinates": null,
    "place": null,
    "contributors": null,
    "retweeted_status": {
        "created_at": "Wed Jan 18 06:33:56 +0000 2023",
        "id": 1615598344855851008,
        "id_str": "1615598344855851008",
        "text": "I tweeted my initial thoughts about that Peter Obi's Skye News UK interview. For me, everything was significant. It… https://t.co/DkzqWO3WU3",
        "source": "<a href=\"http://twitter.com/download/android\" rel=\"nofollow\">Twitter for Android</a>",
        "truncated": true,
        "in_reply_to_status_id": null,
        "in_reply_to_status_id_str": null,
        "in_reply_to_user_id": null,
        "in_reply_to_user_id_str": null,
        "in_reply_to_screen_name": null,
        "user": {
            "id": 1482061710798331912,
            "id_str": "1482061710798331912",
            "name": "Spotlight on #PeterObi2023 #Obidatti023",
            "screen_name": "Spotlight_Abby",
            "location": "Subsea",
            "url": null,
            "description": "Supply Chain Leader | Wife | Mom | Living vicariously | Curious. An admirer of Peter Obi (Nigeria's Next President)",
            "translator_type": "none",
            "protected": false,
            "verified": false,
            "verified_type": "blue",
            "followers_count": 46229,
            "friends_count": 3003,
            "listed_count": 38,
            "favourites_count": 8763,
            "statuses_count": 13224,
            "created_at": "Fri Jan 14 18:47:20 +0000 2022",
            "utc_offset": null,
            "time_zone": null,
            "geo_enabled": false,
            "lang": null,
            "contributors_enabled": false,
            "is_translator": false,
            "profile_background_color": "F5F8FA",
            "profile_background_image_url": "",
            "profile_background_image_url_https": "",
            "profile_background_tile": false,
            "profile_link_color": "1DA1F2",
            "profile_sidebar_border_color": "C0DEED",
            "profile_sidebar_fill_color": "DDEEF6",
            "profile_text_color": "333333",
            "profile_use_background_image": true,
            "profile_image_url": "http://pbs.twimg.com/profile_images/1566040905064321027/HKMmUmt8_normal.jpg",
            "profile_image_url_https": "https://pbs.twimg.com/profile_images/1566040905064321027/HKMmUmt8_normal.jpg",
            "profile_banner_url": "https://pbs.twimg.com/profile_banners/1482061710798331912/1650643150",
            "default_profile": true,
            "default_profile_image": false,
            "following": null,
            "follow_request_sent": null,
            "notifications": null,
            "withheld_in_countries": []
        },
        "geo": null,
        "coordinates": null,
        "place": null,
        "contributors": null,
        "is_quote_status": false,
        "extended_tweet": {
            "full_text": "I tweeted my initial thoughts about that Peter Obi's Skye News UK interview. For me, everything was significant. It gives an idea into PO's foreign policy thrust. I believe that PO will walk into meetings with other powerful world leaders, fully knowledgeable about Nigeria's &amp;",
            "display_text_range": [
                0,
                281
            ],
            "entities": {
                "hashtags": [],
                "urls": [],
                "user_mentions": [],
                "symbols": []
            }
        },
        "quote_count": 0,
        "reply_count": 1,
        "retweet_count": 9,
        "favorite_count": 25,
        "entities": {
            "hashtags": [],
            "urls": [
                {
                    "url": "https://t.co/DkzqWO3WU3",
                    "expanded_url": "https://twitter.com/i/web/status/1615598344855851008",
                    "display_url": "twitter.com/i/web/status/1…",
                    "indices": [
                        117,
                        140
                    ]
                }
            ],
            "user_mentions": [],
            "symbols": []
        },
        "favorited": false,
        "retweeted": false,
        "filter_level": "low",
        "lang": "en"
    },
    "is_quote_status": false,
    "quote_count": 0,
    "reply_count": 0,
    "retweet_count": 0,
    "favorite_count": 0,
    "entities": {
        "hashtags": [],
        "urls": [],
        "user_mentions": [
            {
                "screen_name": "Spotlight_Abby",
                "name": "Spotlight on #PeterObi2023 #Obidatti023",
                "id": 1482061710798331912,
                "id_str": "1482061710798331912",
                "indices": [
                    3,
                    18
                ]
            }
        ],
        "symbols": []
    },
    "favorited": false,
    "retweeted": false,
    "filter_level": "low",
    "lang": "en",
    "timestamp_ms": "1674023865228"
}