{
    "created_at": "Wed Jan 18 06:37:44 +0000 2023",
    "id": 1615599302335954945,
    "id_str": "1615599302335954945",
    "text": "@PhilipG54319460 @DouglasKMurray Because it stokes the nationalist fire. A better question, why did the government… https://t.co/vgEfXZxDPP",
    "display_text_range": [
        33,
        140
    ],
    "source": "<a href=\"http://twitter.com/download/android\" rel=\"nofollow\">Twitter for Android</a>",
    "truncated": true,
    "in_reply_to_status_id": 1615455008849264640,
    "in_reply_to_status_id_str": "1615455008849264640",
    "in_reply_to_user_id": 1472591279280295946,
    "in_reply_to_user_id_str": "1472591279280295946",
    "in_reply_to_screen_name": "PhilipG54319460",
    "user": {
        "id": 951476590910885890,
        "id_str": "951476590910885890",
        "name": "Chris Smith",
        "screen_name": "spy_historian",
        "location": "Wales",
        "url": "https://www.youtube.com/channel/UCTk6xDsM1lbu0gJCC7bhKzQ",
        "description": "Historian. Spy/intelligence/gender/culture stuff. Previous book on John Cairncross, 2WW/Cold War Soviet spy. My views are my own.",
        "translator_type": "none",
        "protected": false,
        "verified": false,
        "verified_type": "blue",
        "followers_count": 1554,
        "friends_count": 780,
        "listed_count": 23,
        "favourites_count": 13689,
        "statuses_count": 30744,
        "created_at": "Thu Jan 11 15:31:11 +0000 2018",
        "utc_offset": null,
        "time_zone": null,
        "geo_enabled": false,
        "lang": null,
        "contributors_enabled": false,
        "is_translator": false,
        "profile_background_color": "F5F8FA",
        "profile_background_image_url": "",
        "profile_background_image_url_https": "",
        "profile_background_tile": false,
        "profile_link_color": "1DA1F2",
        "profile_sidebar_border_color": "C0DEED",
        "profile_sidebar_fill_color": "DDEEF6",
        "profile_text_color": "333333",
        "profile_use_background_image": true,
        "profile_image_url": "http://pbs.twimg.com/profile_images/1164861223084670981/yWN_Z3GK_normal.jpg",
        "profile_image_url_https": "https://pbs.twimg.com/profile_images/1164861223084670981/yWN_Z3GK_normal.jpg",
        "profile_banner_url": "https://pbs.twimg.com/profile_banners/951476590910885890/1567180650",
        "default_profile": true,
        "default_profile_image": false,
        "following": null,
        "follow_request_sent": null,
        "notifications": null,
        "withheld_in_countries": []
    },
    "geo": null,
    "coordinates": null,
    "place": null,
    "contributors": null,
    "is_quote_status": false,
    "extended_tweet": {
        "full_text": "@PhilipG54319460 @DouglasKMurray Because it stokes the nationalist fire. A better question, why did the government in London turn it into a constitutional crisis which will need to be resolved in the courts? It plays completely into the SNP's hands.",
        "display_text_range": [
            33,
            249
        ],
        "entities": {
            "hashtags": [],
            "urls": [],
            "user_mentions": [
                {
                    "screen_name": "PhilipG54319460",
                    "name": "Philip G",
                    "id": 1472591279280295946,
                    "id_str": "1472591279280295946",
                    "indices": [
                        0,
                        16
                    ]
                },
                {
                    "screen_name": "DouglasKMurray",
                    "name": "Douglas Murray",
                    "id": 419520517,
                    "id_str": "419520517",
                    "indices": [
                        17,
                        32
                    ]
                }
            ],
            "symbols": []
        }
    },
    "quote_count": 0,
    "reply_count": 0,
    "retweet_count": 0,
    "favorite_count": 0,
    "entities": {
        "hashtags": [],
        "urls": [
            {
                "url": "https://t.co/vgEfXZxDPP",
                "expanded_url": "https://twitter.com/i/web/status/1615599302335954945",
                "display_url": "twitter.com/i/web/status/1…",
                "indices": [
                    116,
                    139
                ]
            }
        ],
        "user_mentions": [
            {
                "screen_name": "PhilipG54319460",
                "name": "Philip G",
                "id": 1472591279280295946,
                "id_str": "1472591279280295946",
                "indices": [
                    0,
                    16
                ]
            },
            {
                "screen_name": "DouglasKMurray",
                "name": "Douglas Murray",
                "id": 419520517,
                "id_str": "419520517",
                "indices": [
                    17,
                    32
                ]
            }
        ],
        "symbols": []
    },
    "favorited": false,
    "retweeted": false,
    "filter_level": "low",
    "lang": "en",
    "timestamp_ms": "1674023864717"
}