{
    "created_at": "Wed Jan 18 06:37:41 +0000 2023",
    "id": 1615599287139815424,
    "id_str": "1615599287139815424",
    "text": "RT @Marinquire: 🇺🇸🗽⚖️\n\n➖✅\nGeorge Santos linked to Trump donor with ties to sanctioned Russian oligarch➖ https://t.co/awlZc4hEEJ",
    "source": "<a href=\"http://twitter.com/#!/download/ipad\" rel=\"nofollow\">Twitter for iPad</a>",
    "truncated": false,
    "in_reply_to_status_id": null,
    "in_reply_to_status_id_str": null,
    "in_reply_to_user_id": null,
    "in_reply_to_user_id_str": null,
    "in_reply_to_screen_name": null,
    "user": {
        "id": 21943800,
        "id_str": "21943800",
        "name": "Marguerite Batey",
        "screen_name": "cincobayou",
        "location": "Ft. Walton Beach, Florida",
        "url": null,
        "description": "Tennessee girl living in NW Florida.",
        "translator_type": "none",
        "protected": false,
        "verified": false,
        "verified_type": "blue",
        "followers_count": 837,
        "friends_count": 1094,
        "listed_count": 14,
        "favourites_count": 94852,
        "statuses_count": 48707,
        "created_at": "Thu Feb 26 00:14:48 +0000 2009",
        "utc_offset": null,
        "time_zone": null,
        "geo_enabled": true,
        "lang": null,
        "contributors_enabled": false,
        "is_translator": false,
        "profile_background_color": "C6E2EE",
        "profile_background_image_url": "http://abs.twimg.com/images/themes/theme2/bg.gif",
        "profile_background_image_url_https": "https://abs.twimg.com/images/themes/theme2/bg.gif",
        "profile_background_tile": false,
        "profile_link_color": "1F98C7",
        "profile_sidebar_border_color": "C6E2EE",
        "profile_sidebar_fill_color": "DAECF4",
        "profile_text_color": "663B12",
        "profile_use_background_image": true,
        "profile_image_url": "http://pbs.twimg.com/profile_images/351743057/TRIP_Reunion_CHS_036_normal.JPG",
        "profile_image_url_https": "https://pbs.twimg.com/profile_images/351743057/TRIP_Reunion_CHS_036_normal.JPG",
        "profile_banner_url": "https://pbs.twimg.com/profile_banners/21943800/1500103369",
        "default_profile": false,
        "default_profile_image": false,
        "following": null,
        "follow_request_sent": null,
        "notifications": null,
        "withheld_in_countries": []
    },
    "geo": null,
    "coordinates": null,
    "place": null,
    "contributors": null,
    "retweeted_status": {
        "created_at": "Tue Jan 17 14:58:31 +0000 2023",
        "id": 1615362940776943618,
        "id_str": "1615362940776943618",
        "text": "🇺🇸🗽⚖️\n\n➖✅\nGeorge Santos linked to Trump donor with ties to sanctioned Russian oligarch➖ https://t.co/awlZc4hEEJ",
        "source": "<a href=\"http://twitter.com/download/iphone\" rel=\"nofollow\">Twitter for iPhone</a>",
        "truncated": false,
        "in_reply_to_status_id": null,
        "in_reply_to_status_id_str": null,
        "in_reply_to_user_id": null,
        "in_reply_to_user_id_str": null,
        "in_reply_to_screen_name": null,
        "user": {
            "id": 1223194097160278017,
            "id_str": "1223194097160278017",
            "name": "Mari Lee",
            "screen_name": "Marinquire",
            "location": null,
            "url": null,
            "description": "🇺🇸🗽🇺🇦💙♥️• Artist• Philomath• Autodidact•Pluviophile•Never bored•Endless interests in the Arts and Sciences! 🚫NO LISTS #FBR•#BidenHarris♥️💙 🇺🇦🗽🇺🇸",
            "translator_type": "none",
            "protected": false,
            "verified": false,
            "verified_type": "blue",
            "followers_count": 2610,
            "friends_count": 5001,
            "listed_count": 2,
            "favourites_count": 39402,
            "statuses_count": 63627,
            "created_at": "Fri Jan 31 10:40:04 +0000 2020",
            "utc_offset": null,
            "time_zone": null,
            "geo_enabled": true,
            "lang": null,
            "contributors_enabled": false,
            "is_translator": false,
            "profile_background_color": "F5F8FA",
            "profile_background_image_url": "",
            "profile_background_image_url_https": "",
            "profile_background_tile": false,
            "profile_link_color": "1DA1F2",
            "profile_sidebar_border_color": "C0DEED",
            "profile_sidebar_fill_color": "DDEEF6",
            "profile_text_color": "333333",
            "profile_use_background_image": true,
            "profile_image_url": "http://pbs.twimg.com/profile_images/1292182233374167043/bogtR6VF_normal.jpg",
            "profile_image_url_https": "https://pbs.twimg.com/profile_images/1292182233374167043/bogtR6VF_normal.jpg",
            "profile_banner_url": "https://pbs.twimg.com/profile_banners/1223194097160278017/1636613647",
            "default_profile": true,
            "default_profile_image": false,
            "following": null,
            "follow_request_sent": null,
            "notifications": null,
            "withheld_in_countries": []
        },
        "geo": null,
        "coordinates": null,
        "place": null,
        "contributors": null,
        "is_quote_status": false,
        "quote_count": 0,
        "reply_count": 0,
        "retweet_count": 2,
        "favorite_count": 3,
        "entities": {
            "hashtags": [],
            "urls": [
                {
                    "url": "https://t.co/awlZc4hEEJ",
                    "expanded_url": "https://www.independent.co.uk/news/world/americas/us-politics/george-santos-russia-trump-intrater-b2263336.html",
                    "display_url": "independent.co.uk/news/world/ame…",
                    "indices": [
                        88,
                        111
                    ]
                }
            ],
            "user_mentions": [],
            "symbols": []
        },
        "favorited": false,
        "retweeted": false,
        "possibly_sensitive": false,
        "filter_level": "low",
        "lang": "en"
    },
    "is_quote_status": false,
    "quote_count": 0,
    "reply_count": 0,
    "retweet_count": 0,
    "favorite_count": 0,
    "entities": {
        "hashtags": [],
        "urls": [
            {
                "url": "https://t.co/awlZc4hEEJ",
                "expanded_url": "https://www.independent.co.uk/news/world/americas/us-politics/george-santos-russia-trump-intrater-b2263336.html",
                "display_url": "independent.co.uk/news/world/ame…",
                "indices": [
                    104,
                    127
                ]
            }
        ],
        "user_mentions": [
            {
                "screen_name": "Marinquire",
                "name": "Mari Lee",
                "id": 1223194097160278017,
                "id_str": "1223194097160278017",
                "indices": [
                    3,
                    14
                ]
            }
        ],
        "symbols": []
    },
    "favorited": false,
    "retweeted": false,
    "possibly_sensitive": false,
    "filter_level": "low",
    "lang": "en",
    "timestamp_ms": "1674023861094"
}