{
    "created_at": "Wed Jan 18 06:37:51 +0000 2023",
    "id": 1615599331460915200,
    "id_str": "1615599331460915200",
    "text": "@CBTHunting Whats the matter with people giraffes don't do anything part from eat,!!!!!!!",
    "display_text_range": [
        12,
        89
    ],
    "source": "<a href=\"http://twitter.com/download/android\" rel=\"nofollow\">Twitter for Android</a>",
    "truncated": false,
    "in_reply_to_status_id": 1614884280509030401,
    "in_reply_to_status_id_str": "1614884280509030401",
    "in_reply_to_user_id": 84432492,
    "in_reply_to_user_id_str": "84432492",
    "in_reply_to_screen_name": "CBTHunting",
    "user": {
        "id": 849702882882584576,
        "id_str": "849702882882584576",
        "name": "Tony FET",
        "screen_name": "TonyRowlands5",
        "location": null,
        "url": null,
        "description": null,
        "translator_type": "none",
        "protected": false,
        "verified": false,
        "verified_type": "blue",
        "followers_count": 89,
        "friends_count": 149,
        "listed_count": 0,
        "favourites_count": 7591,
        "statuses_count": 1478,
        "created_at": "Wed Apr 05 19:18:48 +0000 2017",
        "utc_offset": null,
        "time_zone": null,
        "geo_enabled": true,
        "lang": null,
        "contributors_enabled": false,
        "is_translator": false,
        "profile_background_color": "F5F8FA",
        "profile_background_image_url": "",
        "profile_background_image_url_https": "",
        "profile_background_tile": false,
        "profile_link_color": "1DA1F2",
        "profile_sidebar_border_color": "C0DEED",
        "profile_sidebar_fill_color": "DDEEF6",
        "profile_text_color": "333333",
        "profile_use_background_image": true,
        "profile_image_url": "http://pbs.twimg.com/profile_images/1247909298350497794/5zxI4mFQ_normal.jpg",
        "profile_image_url_https": "https://pbs.twimg.com/profile_images/1247909298350497794/5zxI4mFQ_normal.jpg",
        "default_profile": true,
        "default_profile_image": false,
        "following": null,
        "follow_request_sent": null,
        "notifications": null,
        "withheld_in_countries": []
    },
    "geo": null,
    "coordinates": null,
    "place": {
        "id": "1f36c2b60fbc98ac",
        "url": "https://api.twitter.com/1.1/geo/id/1f36c2b60fbc98ac.json",
        "place_type": "city",
        "name": "Swansea",
        "full_name": "Swansea, Wales",
        "country_code": "GB",
        "country": "United Kingdom",
        "bounding_box": {
            "type": "Polygon",
            "coordinates": [
                [
                    [
                        -4.029331,
                        51.598748
                    ],
                    [
                        -4.029331,
                        51.68983
                    ],
                    [
                        -3.862139,
                        51.68983
                    ],
                    [
                        -3.862139,
                        51.598748
                    ]
                ]
            ]
        },
        "attributes": {}
    },
    "contributors": null,
    "is_quote_status": false,
    "quote_count": 0,
    "reply_count": 0,
    "retweet_count": 0,
    "favorite_count": 0,
    "entities": {
        "hashtags": [],
        "urls": [],
        "user_mentions": [
            {
                "screen_name": "CBTHunting",
                "name": "Ban Trophy Hunting",
                "id": 84432492,
                "id_str": "84432492",
                "indices": [
                    0,
                    11
                ]
            }
        ],
        "symbols": []
    },
    "favorited": false,
    "retweeted": false,
    "filter_level": "low",
    "lang": "en",
    "timestamp_ms": "1674023871661"
}