{
    "created_at": "Wed Jan 18 06:37:44 +0000 2023",
    "id": 1615599300695687169,
    "id_str": "1615599300695687169",
    "text": "RT @SkyNews: Peter Obi: The 'antidote to big man-ism' who could be Nigeria's next president https://t.co/3fFYM7pR34",
    "source": "<a href=\"http://twitter.com/download/android\" rel=\"nofollow\">Twitter for Android</a>",
    "truncated": false,
    "in_reply_to_status_id": null,
    "in_reply_to_status_id_str": null,
    "in_reply_to_user_id": null,
    "in_reply_to_user_id_str": null,
    "in_reply_to_screen_name": null,
    "user": {
        "id": 1522695574876741632,
        "id_str": "1522695574876741632",
        "name": "UCHELITOS 🙏🙏",
        "screen_name": "NWOKE_MBANO",
        "location": "Federal Capital Territory, Nig",
        "url": null,
        "description": "|| happy soul || IGBO boy || True Nigerian ||",
        "translator_type": "none",
        "protected": false,
        "verified": false,
        "verified_type": "blue",
        "followers_count": 18,
        "friends_count": 82,
        "listed_count": 0,
        "favourites_count": 866,
        "statuses_count": 956,
        "created_at": "Fri May 06 21:52:24 +0000 2022",
        "utc_offset": null,
        "time_zone": null,
        "geo_enabled": false,
        "lang": null,
        "contributors_enabled": false,
        "is_translator": false,
        "profile_background_color": "F5F8FA",
        "profile_background_image_url": "",
        "profile_background_image_url_https": "",
        "profile_background_tile": false,
        "profile_link_color": "1DA1F2",
        "profile_sidebar_border_color": "C0DEED",
        "profile_sidebar_fill_color": "DDEEF6",
        "profile_text_color": "333333",
        "profile_use_background_image": true,
        "profile_image_url": "http://pbs.twimg.com/profile_images/1611979199887155202/eD4iJWr7_normal.jpg",
        "profile_image_url_https": "https://pbs.twimg.com/profile_images/1611979199887155202/eD4iJWr7_normal.jpg",
        "profile_banner_url": "https://pbs.twimg.com/profile_banners/1522695574876741632/1664553760",
        "default_profile": true,
        "default_profile_image": false,
        "following": null,
        "follow_request_sent": null,
        "notifications": null,
        "withheld_in_countries": []
    },
    "geo": null,
    "coordinates": null,
    "place": null,
    "contributors": null,
    "retweeted_status": {
        "created_at": "Tue Jan 17 20:58:56 +0000 2023",
        "id": 1615453639979540480,
        "id_str": "1615453639979540480",
        "text": "Peter Obi: The 'antidote to big man-ism' who could be Nigeria's next president https://t.co/3fFYM7pR34",
        "source": "<a href=\"http://news.sky.com\" rel=\"nofollow\">SkyNews Alerts - Latest</a>",
        "truncated": false,
        "in_reply_to_status_id": null,
        "in_reply_to_status_id_str": null,
        "in_reply_to_user_id": null,
        "in_reply_to_user_id_str": null,
        "in_reply_to_screen_name": null,
        "user": {
            "id": 7587032,
            "id_str": "7587032",
            "name": "Sky News",
            "screen_name": "SkyNews",
            "location": "London, UK",
            "url": "http://news.sky.com/",
            "description": "For breaking news @SkyNewsBreak. Watch live on Sky 501, Virgin Media HD 602, Freeview 233 and YouTube.\n\nDownload our app: http://onelink.to/skynews",
            "translator_type": "none",
            "protected": false,
            "verified": true,
            "verified_type": "business",
            "followers_count": 8313184,
            "friends_count": 22,
            "listed_count": 31562,
            "favourites_count": 1,
            "statuses_count": 567376,
            "created_at": "Thu Jul 19 14:42:53 +0000 2007",
            "utc_offset": null,
            "time_zone": null,
            "geo_enabled": false,
            "lang": null,
            "contributors_enabled": false,
            "is_translator": false,
            "profile_background_color": "000000",
            "profile_background_image_url": "http://abs.twimg.com/images/themes/theme1/bg.png",
            "profile_background_image_url_https": "https://abs.twimg.com/images/themes/theme1/bg.png",
            "profile_background_tile": false,
            "profile_link_color": "385FAC",
            "profile_sidebar_border_color": "000000",
            "profile_sidebar_fill_color": "EDEDED",
            "profile_text_color": "333333",
            "profile_use_background_image": true,
            "profile_image_url": "http://pbs.twimg.com/profile_images/1604907328242962433/P_79at43_normal.jpg",
            "profile_image_url_https": "https://pbs.twimg.com/profile_images/1604907328242962433/P_79at43_normal.jpg",
            "profile_banner_url": "https://pbs.twimg.com/profile_banners/7587032/1664187298",
            "default_profile": false,
            "default_profile_image": false,
            "following": null,
            "follow_request_sent": null,
            "notifications": null,
            "withheld_in_countries": []
        },
        "geo": null,
        "coordinates": null,
        "place": null,
        "contributors": null,
        "is_quote_status": false,
        "quote_count": 192,
        "reply_count": 161,
        "retweet_count": 3204,
        "favorite_count": 4904,
        "entities": {
            "hashtags": [],
            "urls": [
                {
                    "url": "https://t.co/3fFYM7pR34",
                    "expanded_url": "http://news.sky.com/story/peter-obi-the-antidote-to-big-man-ism-who-could-be-nigerias-next-president-12788964",
                    "display_url": "news.sky.com/story/peter-ob…",
                    "indices": [
                        79,
                        102
                    ]
                }
            ],
            "user_mentions": [],
            "symbols": []
        },
        "favorited": false,
        "retweeted": false,
        "possibly_sensitive": false,
        "filter_level": "low",
        "lang": "en"
    },
    "is_quote_status": false,
    "quote_count": 0,
    "reply_count": 0,
    "retweet_count": 0,
    "favorite_count": 0,
    "entities": {
        "hashtags": [],
        "urls": [
            {
                "url": "https://t.co/3fFYM7pR34",
                "expanded_url": "http://news.sky.com/story/peter-obi-the-antidote-to-big-man-ism-who-could-be-nigerias-next-president-12788964",
                "display_url": "news.sky.com/story/peter-ob…",
                "indices": [
                    92,
                    115
                ]
            }
        ],
        "user_mentions": [
            {
                "screen_name": "SkyNews",
                "name": "Sky News",
                "id": 7587032,
                "id_str": "7587032",
                "indices": [
                    3,
                    11
                ]
            }
        ],
        "symbols": []
    },
    "favorited": false,
    "retweeted": false,
    "possibly_sensitive": false,
    "filter_level": "low",
    "lang": "en",
    "timestamp_ms": "1674023864326"
}