{
    "created_at": "Wed Jan 18 06:37:41 +0000 2023",
    "id": 1615599289819881472,
    "id_str": "1615599289819881472",
    "text": "RT @celebritygroup: Cha Eun-Woo for Skechers\n\nhttps://t.co/UmKUm9Fqhq\n\n#chaeunwoo #skechers #sneakers #shoes #celebrity #Asia #brandambassa…",
    "source": "<a href=\"http://twitter.com/download/android\" rel=\"nofollow\">Twitter for Android</a>",
    "truncated": false,
    "in_reply_to_status_id": null,
    "in_reply_to_status_id_str": null,
    "in_reply_to_user_id": null,
    "in_reply_to_user_id_str": null,
    "in_reply_to_screen_name": null,
    "user": {
        "id": 1443097626321301504,
        "id_str": "1443097626321301504",
        "name": "Odeth Versalles♡",
        "screen_name": "eunwoomyloveeee",
        "location": null,
        "url": "https://eunwoo.xn--c6h/",
        "description": "Cha eunwoo fan account💗\n\nhttp://instagram.com/eunwo.o_c\n\nhttp://youtube.com/@offclCHAEUNWOO",
        "translator_type": "none",
        "protected": false,
        "verified": false,
        "verified_type": "blue",
        "followers_count": 32,
        "friends_count": 59,
        "listed_count": 0,
        "favourites_count": 21394,
        "statuses_count": 13053,
        "created_at": "Wed Sep 29 06:18:13 +0000 2021",
        "utc_offset": null,
        "time_zone": null,
        "geo_enabled": false,
        "lang": null,
        "contributors_enabled": false,
        "is_translator": false,
        "profile_background_color": "F5F8FA",
        "profile_background_image_url": "",
        "profile_background_image_url_https": "",
        "profile_background_tile": false,
        "profile_link_color": "1DA1F2",
        "profile_sidebar_border_color": "C0DEED",
        "profile_sidebar_fill_color": "DDEEF6",
        "profile_text_color": "333333",
        "profile_use_background_image": true,
        "profile_image_url": "http://pbs.twimg.com/profile_images/1607021469296463872/xX7EcVGs_normal.jpg",
        "profile_image_url_https": "https://pbs.twimg.com/profile_images/1607021469296463872/xX7EcVGs_normal.jpg",
        "profile_banner_url": "https://pbs.twimg.com/profile_banners/1443097626321301504/1671136336",
        "default_profile": true,
        "default_profile_image": false,
        "following": null,
        "follow_request_sent": null,
        "notifications": null,
        "withheld_in_countries": []
    },
    "geo": null,
    "coordinates": null,
    "place": null,
    "contributors": null,
    "retweeted_status": {
        "created_at": "Sun Jan 15 05:02:00 +0000 2023",
        "id": 1614488044710543362,
        "id_str": "1614488044710543362",
        "text": "Cha Eun-Woo for Skechers\n\nhttps://t.co/UmKUm9Fqhq\n\n#chaeunwoo #skechers #sneakers #shoes #celebrity #Asia #brandambassador",
        "source": "<a href=\"https://about.twitter.com/products/tweetdeck\" rel=\"nofollow\">TweetDeck</a>",
        "truncated": false,
        "in_reply_to_status_id": null,
        "in_reply_to_status_id_str": null,
        "in_reply_to_user_id": null,
        "in_reply_to_user_id_str": null,
        "in_reply_to_screen_name": null,
        "user": {
            "id": 968905836,
            "id_str": "968905836",
            "name": "The Celebrity Group",
            "screen_name": "celebritygroup",
            "location": "London: +44 (0) 20 7402 1200",
            "url": "http://www.celebrity.co.uk",
            "description": "Bringing Brands & Celebrity Talent together for over 25 years. Representing international Celebrities for Advertising, PR & Endorsements. We speak marketing.",
            "translator_type": "none",
            "protected": false,
            "verified": false,
            "verified_type": "blue",
            "followers_count": 1025,
            "friends_count": 2039,
            "listed_count": 66,
            "favourites_count": 57,
            "statuses_count": 5461,
            "created_at": "Sat Nov 24 22:28:42 +0000 2012",
            "utc_offset": null,
            "time_zone": null,
            "geo_enabled": false,
            "lang": null,
            "contributors_enabled": false,
            "is_translator": false,
            "profile_background_color": "642D8B",
            "profile_background_image_url": "http://abs.twimg.com/images/themes/theme10/bg.gif",
            "profile_background_image_url_https": "https://abs.twimg.com/images/themes/theme10/bg.gif",
            "profile_background_tile": false,
            "profile_link_color": "FF0000",
            "profile_sidebar_border_color": "000000",
            "profile_sidebar_fill_color": "7AC3EE",
            "profile_text_color": "3D1957",
            "profile_use_background_image": true,
            "profile_image_url": "http://pbs.twimg.com/profile_images/1462793520142602244/5yFN0z5z_normal.jpg",
            "profile_image_url_https": "https://pbs.twimg.com/profile_images/1462793520142602244/5yFN0z5z_normal.jpg",
            "profile_banner_url": "https://pbs.twimg.com/profile_banners/968905836/1402667412",
            "default_profile": false,
            "default_profile_image": false,
            "following": null,
            "follow_request_sent": null,
            "notifications": null,
            "withheld_in_countries": []
        },
        "geo": null,
        "coordinates": null,
        "place": null,
        "contributors": null,
        "is_quote_status": false,
        "quote_count": 0,
        "reply_count": 0,
        "retweet_count": 32,
        "favorite_count": 61,
        "entities": {
            "hashtags": [
                {
                    "text": "chaeunwoo",
                    "indices": [
                        51,
                        61
                    ]
                },
                {
                    "text": "skechers",
                    "indices": [
                        62,
                        71
                    ]
                },
                {
                    "text": "sneakers",
                    "indices": [
                        72,
                        81
                    ]
                },
                {
                    "text": "shoes",
                    "indices": [
                        82,
                        88
                    ]
                },
                {
                    "text": "celebrity",
                    "indices": [
                        89,
                        99
                    ]
                },
                {
                    "text": "Asia",
                    "indices": [
                        100,
                        105
                    ]
                },
                {
                    "text": "brandambassador",
                    "indices": [
                        106,
                        122
                    ]
                }
            ],
            "urls": [
                {
                    "url": "https://t.co/UmKUm9Fqhq",
                    "expanded_url": "https://www.celebrity.co.uk/cha-eun-woo-for-skechers/",
                    "display_url": "celebrity.co.uk/cha-eun-woo-fo…",
                    "indices": [
                        26,
                        49
                    ]
                }
            ],
            "user_mentions": [],
            "symbols": []
        },
        "favorited": false,
        "retweeted": false,
        "possibly_sensitive": false,
        "filter_level": "low",
        "lang": "en"
    },
    "is_quote_status": false,
    "quote_count": 0,
    "reply_count": 0,
    "retweet_count": 0,
    "favorite_count": 0,
    "entities": {
        "hashtags": [
            {
                "text": "chaeunwoo",
                "indices": [
                    71,
                    81
                ]
            },
            {
                "text": "skechers",
                "indices": [
                    82,
                    91
                ]
            },
            {
                "text": "sneakers",
                "indices": [
                    92,
                    101
                ]
            },
            {
                "text": "shoes",
                "indices": [
                    102,
                    108
                ]
            },
            {
                "text": "celebrity",
                "indices": [
                    109,
                    119
                ]
            },
            {
                "text": "Asia",
                "indices": [
                    120,
                    125
                ]
            }
        ],
        "urls": [
            {
                "url": "https://t.co/UmKUm9Fqhq",
                "expanded_url": "https://www.celebrity.co.uk/cha-eun-woo-for-skechers/",
                "display_url": "celebrity.co.uk/cha-eun-woo-fo…",
                "indices": [
                    46,
                    69
                ]
            }
        ],
        "user_mentions": [
            {
                "screen_name": "celebritygroup",
                "name": "The Celebrity Group",
                "id": 968905836,
                "id_str": "968905836",
                "indices": [
                    3,
                    18
                ]
            }
        ],
        "symbols": []
    },
    "favorited": false,
    "retweeted": false,
    "possibly_sensitive": false,
    "filter_level": "low",
    "lang": "en",
    "timestamp_ms": "1674023861733"
}