{
    "created_at": "Wed Jan 18 06:37:42 +0000 2023",
    "id": 1615599293879943170,
    "id_str": "1615599293879943170",
    "text": "RT @PeteApps: 🚨 NEW LEAKED DOCUMENT 🚨\n\nI've obtained a previously unreleased document which reveals Grenfell insulation manufacturer Saint…",
    "source": "<a href=\"http://twitter.com/download/iphone\" rel=\"nofollow\">Twitter for iPhone</a>",
    "truncated": false,
    "in_reply_to_status_id": null,
    "in_reply_to_status_id_str": null,
    "in_reply_to_user_id": null,
    "in_reply_to_user_id_str": null,
    "in_reply_to_screen_name": null,
    "user": {
        "id": 186558617,
        "id_str": "186558617",
        "name": "DeathApeDisco",
        "screen_name": "DeathApeDisco",
        "location": null,
        "url": "https://open.spotify.com/album/1MsIyDJ5d6gErnd1knDFqx?si=-mwhJvMXRPiK99sQnAtaaA",
        "description": "Furious and expansive UK rock band. We love Clutch, Alice In Chains, Tool, Orange Goblin and all good things. Listen. Rock.",
        "translator_type": "none",
        "protected": false,
        "verified": false,
        "verified_type": "blue",
        "followers_count": 5063,
        "friends_count": 5569,
        "listed_count": 86,
        "favourites_count": 74582,
        "statuses_count": 103251,
        "created_at": "Fri Sep 03 19:48:05 +0000 2010",
        "utc_offset": null,
        "time_zone": null,
        "geo_enabled": false,
        "lang": null,
        "contributors_enabled": false,
        "is_translator": false,
        "profile_background_color": "E6441C",
        "profile_background_image_url": "http://abs.twimg.com/images/themes/theme1/bg.png",
        "profile_background_image_url_https": "https://abs.twimg.com/images/themes/theme1/bg.png",
        "profile_background_tile": false,
        "profile_link_color": "FF3C00",
        "profile_sidebar_border_color": "000000",
        "profile_sidebar_fill_color": "DDEEF6",
        "profile_text_color": "333333",
        "profile_use_background_image": false,
        "profile_image_url": "http://pbs.twimg.com/profile_images/1572799838864932865/BPSoemEB_normal.jpg",
        "profile_image_url_https": "https://pbs.twimg.com/profile_images/1572799838864932865/BPSoemEB_normal.jpg",
        "profile_banner_url": "https://pbs.twimg.com/profile_banners/186558617/1656536943",
        "default_profile": false,
        "default_profile_image": false,
        "following": null,
        "follow_request_sent": null,
        "notifications": null,
        "withheld_in_countries": []
    },
    "geo": null,
    "coordinates": null,
    "place": null,
    "contributors": null,
    "retweeted_status": {
        "created_at": "Tue Jan 17 14:10:59 +0000 2023",
        "id": 1615350978529615872,
        "id_str": "1615350978529615872",
        "text": "🚨 NEW LEAKED DOCUMENT 🚨\n\nI've obtained a previously unreleased document which reveals Grenfell insulation manufactu… https://t.co/QOV5FjzOvW",
        "source": "<a href=\"https://mobile.twitter.com\" rel=\"nofollow\">Twitter Web App</a>",
        "truncated": true,
        "in_reply_to_status_id": null,
        "in_reply_to_status_id_str": null,
        "in_reply_to_user_id": null,
        "in_reply_to_user_id_str": null,
        "in_reply_to_screen_name": null,
        "user": {
            "id": 1499290104,
            "id_str": "1499290104",
            "name": "Peter Apps",
            "screen_name": "PeteApps",
            "location": "London",
            "url": "http://www.insidehousing.co.uk",
            "description": "Book on Grenfell Tower fire, Show Me The Bodies, available here: https://www.waterstones.com/book/show-me-the-bodies/peter-apps/9780861546152",
            "translator_type": "none",
            "protected": false,
            "verified": false,
            "verified_type": "blue",
            "followers_count": 21691,
            "friends_count": 2334,
            "listed_count": 218,
            "favourites_count": 3939,
            "statuses_count": 17139,
            "created_at": "Mon Jun 10 20:35:11 +0000 2013",
            "utc_offset": null,
            "time_zone": null,
            "geo_enabled": false,
            "lang": null,
            "contributors_enabled": false,
            "is_translator": false,
            "profile_background_color": "C0DEED",
            "profile_background_image_url": "http://abs.twimg.com/images/themes/theme1/bg.png",
            "profile_background_image_url_https": "https://abs.twimg.com/images/themes/theme1/bg.png",
            "profile_background_tile": false,
            "profile_link_color": "1DA1F2",
            "profile_sidebar_border_color": "C0DEED",
            "profile_sidebar_fill_color": "DDEEF6",
            "profile_text_color": "333333",
            "profile_use_background_image": true,
            "profile_image_url": "http://pbs.twimg.com/profile_images/1458040300060938244/w3ZNbcIc_normal.jpg",
            "profile_image_url_https": "https://pbs.twimg.com/profile_images/1458040300060938244/w3ZNbcIc_normal.jpg",
            "profile_banner_url": "https://pbs.twimg.com/profile_banners/1499290104/1601163869",
            "default_profile": true,
            "default_profile_image": false,
            "following": null,
            "follow_request_sent": null,
            "notifications": null,
            "withheld_in_countries": []
        },
        "geo": null,
        "coordinates": null,
        "place": null,
        "contributors": null,
        "is_quote_status": false,
        "extended_tweet": {
            "full_text": "🚨 NEW LEAKED DOCUMENT 🚨\n\nI've obtained a previously unreleased document which reveals Grenfell insulation manufacturer Saint Gobain had research showing its product released high levels of toxic smoke 18 months before fire:\n\nhttps://t.co/NadVl2R3zE",
            "display_text_range": [
                0,
                248
            ],
            "entities": {
                "hashtags": [],
                "urls": [
                    {
                        "url": "https://t.co/NadVl2R3zE",
                        "expanded_url": "https://www.insidehousing.co.uk/news/insulation-firm-had-research-showing-product-used-on-grenfell-released-toxic-smoke-18-months-before-fire-79704",
                        "display_url": "insidehousing.co.uk/news/insulatio…",
                        "indices": [
                            225,
                            248
                        ]
                    }
                ],
                "user_mentions": [],
                "symbols": []
            }
        },
        "quote_count": 63,
        "reply_count": 34,
        "retweet_count": 1563,
        "favorite_count": 2349,
        "entities": {
            "hashtags": [],
            "urls": [
                {
                    "url": "https://t.co/QOV5FjzOvW",
                    "expanded_url": "https://twitter.com/i/web/status/1615350978529615872",
                    "display_url": "twitter.com/i/web/status/1…",
                    "indices": [
                        117,
                        140
                    ]
                }
            ],
            "user_mentions": [],
            "symbols": []
        },
        "favorited": false,
        "retweeted": false,
        "possibly_sensitive": false,
        "filter_level": "low",
        "lang": "en"
    },
    "is_quote_status": false,
    "quote_count": 0,
    "reply_count": 0,
    "retweet_count": 0,
    "favorite_count": 0,
    "entities": {
        "hashtags": [],
        "urls": [],
        "user_mentions": [
            {
                "screen_name": "PeteApps",
                "name": "Peter Apps",
                "id": 1499290104,
                "id_str": "1499290104",
                "indices": [
                    3,
                    12
                ]
            }
        ],
        "symbols": []
    },
    "favorited": false,
    "retweeted": false,
    "filter_level": "low",
    "lang": "en",
    "timestamp_ms": "1674023862701"
}