{
    "created_at": "Wed Jan 18 06:37:47 +0000 2023",
    "id": 1615599314822397953,
    "id_str": "1615599314822397953",
    "text": "7 Cork Beauty Buffs To Follow https://t.co/cRKD1zAlOe",
    "source": "<a href=\"http://twittbot.net/\" rel=\"nofollow\">twittbot.net</a>",
    "truncated": false,
    "in_reply_to_status_id": null,
    "in_reply_to_status_id_str": null,
    "in_reply_to_user_id": null,
    "in_reply_to_user_id_str": null,
    "in_reply_to_screen_name": null,
    "user": {
        "id": 788825195775598592,
        "id_str": "788825195775598592",
        "name": "Siska vina",
        "screen_name": "vinaSiska24",
        "location": null,
        "url": null,
        "description": null,
        "translator_type": "none",
        "protected": false,
        "verified": false,
        "verified_type": "blue",
        "followers_count": 53,
        "friends_count": 0,
        "listed_count": 0,
        "favourites_count": 0,
        "statuses_count": 101846,
        "created_at": "Wed Oct 19 19:32:37 +0000 2016",
        "utc_offset": null,
        "time_zone": null,
        "geo_enabled": false,
        "lang": null,
        "contributors_enabled": false,
        "is_translator": false,
        "profile_background_color": "F5F8FA",
        "profile_background_image_url": "",
        "profile_background_image_url_https": "",
        "profile_background_tile": false,
        "profile_link_color": "1DA1F2",
        "profile_sidebar_border_color": "C0DEED",
        "profile_sidebar_fill_color": "DDEEF6",
        "profile_text_color": "333333",
        "profile_use_background_image": true,
        "profile_image_url": "http://pbs.twimg.com/profile_images/788825302390628353/WouMi-SX_normal.jpg",
        "profile_image_url_https": "https://pbs.twimg.com/profile_images/788825302390628353/WouMi-SX_normal.jpg",
        "default_profile": true,
        "default_profile_image": false,
        "following": null,
        "follow_request_sent": null,
        "notifications": null,
        "withheld_in_countries": []
    },
    "geo": null,
    "coordinates": null,
    "place": null,
    "contributors": null,
    "is_quote_status": false,
    "quote_count": 0,
    "reply_count": 0,
    "retweet_count": 0,
    "favorite_count": 0,
    "entities": {
        "hashtags": [],
        "urls": [
            {
                "url": "https://t.co/cRKD1zAlOe",
                "expanded_url": "https://goo.gl/Q7AcPP",
                "display_url": "goo.gl/Q7AcPP",
                "indices": [
                    30,
                    53
                ]
            }
        ],
        "user_mentions": [],
        "symbols": []
    },
    "favorited": false,
    "retweeted": false,
    "possibly_sensitive": false,
    "filter_level": "low",
    "lang": "en",
    "timestamp_ms": "1674023867694"
}