{
    "created_at": "Wed Jan 18 06:37:41 +0000 2023",
    "id": 1615599288343760898,
    "id_str": "1615599288343760898",
    "text": "RT @Kbmon_: pose referenced that prime minister from gudetama https://t.co/jgrqn3wlae",
    "source": "<a href=\"http://twitter.com/download/iphone\" rel=\"nofollow\">Twitter for iPhone</a>",
    "truncated": false,
    "in_reply_to_status_id": null,
    "in_reply_to_status_id_str": null,
    "in_reply_to_user_id": null,
    "in_reply_to_user_id_str": null,
    "in_reply_to_screen_name": null,
    "user": {
        "id": 1490542528092786690,
        "id_str": "1490542528092786690",
        "name": "Problematic Patty",
        "screen_name": "ProblematicPati",
        "location": null,
        "url": null,
        "description": "25 years old!🔞problematic content!🔞current obsession is Encanto 🌈 ✨",
        "translator_type": "none",
        "protected": false,
        "verified": false,
        "verified_type": "blue",
        "followers_count": 9,
        "friends_count": 133,
        "listed_count": 0,
        "favourites_count": 1828,
        "statuses_count": 1741,
        "created_at": "Mon Feb 07 04:27:03 +0000 2022",
        "utc_offset": null,
        "time_zone": null,
        "geo_enabled": false,
        "lang": null,
        "contributors_enabled": false,
        "is_translator": false,
        "profile_background_color": "F5F8FA",
        "profile_background_image_url": "",
        "profile_background_image_url_https": "",
        "profile_background_tile": false,
        "profile_link_color": "1DA1F2",
        "profile_sidebar_border_color": "C0DEED",
        "profile_sidebar_fill_color": "DDEEF6",
        "profile_text_color": "333333",
        "profile_use_background_image": true,
        "profile_image_url": "http://pbs.twimg.com/profile_images/1490973600630722562/yXDNYl_o_normal.jpg",
        "profile_image_url_https": "https://pbs.twimg.com/profile_images/1490973600630722562/yXDNYl_o_normal.jpg",
        "profile_banner_url": "https://pbs.twimg.com/profile_banners/1490542528092786690/1644310782",
        "default_profile": true,
        "default_profile_image": false,
        "following": null,
        "follow_request_sent": null,
        "notifications": null,
        "withheld_in_countries": []
    },
    "geo": null,
    "coordinates": null,
    "place": null,
    "contributors": null,
    "retweeted_status": {
        "created_at": "Mon Jan 16 16:10:49 +0000 2023",
        "id": 1615018748297220096,
        "id_str": "1615018748297220096",
        "text": "pose referenced that prime minister from gudetama https://t.co/jgrqn3wlae",
        "display_text_range": [
            0,
            49
        ],
        "source": "<a href=\"https://mobile.twitter.com\" rel=\"nofollow\">Twitter Web App</a>",
        "truncated": false,
        "in_reply_to_status_id": null,
        "in_reply_to_status_id_str": null,
        "in_reply_to_user_id": null,
        "in_reply_to_user_id_str": null,
        "in_reply_to_screen_name": null,
        "user": {
            "id": 1307544482112352263,
            "id_str": "1307544482112352263",
            "name": "Kb-mon 🔞",
            "screen_name": "Kbmon_",
            "location": null,
            "url": null,
            "description": "Acc entirely dedicated to drawing hot XY chromosomes.\nOCs / old men / fanart of whatever i'm into atm",
            "translator_type": "none",
            "protected": false,
            "verified": false,
            "verified_type": "blue",
            "followers_count": 23417,
            "friends_count": 633,
            "listed_count": 117,
            "favourites_count": 4872,
            "statuses_count": 635,
            "created_at": "Sun Sep 20 04:58:03 +0000 2020",
            "utc_offset": null,
            "time_zone": null,
            "geo_enabled": false,
            "lang": null,
            "contributors_enabled": false,
            "is_translator": false,
            "profile_background_color": "F5F8FA",
            "profile_background_image_url": "",
            "profile_background_image_url_https": "",
            "profile_background_tile": false,
            "profile_link_color": "1DA1F2",
            "profile_sidebar_border_color": "C0DEED",
            "profile_sidebar_fill_color": "DDEEF6",
            "profile_text_color": "333333",
            "profile_use_background_image": true,
            "profile_image_url": "http://pbs.twimg.com/profile_images/1536650288375156736/FyLzVMa-_normal.jpg",
            "profile_image_url_https": "https://pbs.twimg.com/profile_images/1536650288375156736/FyLzVMa-_normal.jpg",
            "profile_banner_url": "https://pbs.twimg.com/profile_banners/1307544482112352263/1656442367",
            "default_profile": true,
            "default_profile_image": false,
            "following": null,
            "follow_request_sent": null,
            "notifications": null,
            "withheld_in_countries": []
        },
        "geo": null,
        "coordinates": null,
        "place": null,
        "contributors": null,
        "is_quote_status": false,
        "quote_count": 0,
        "reply_count": 1,
        "retweet_count": 72,
        "favorite_count": 946,
        "entities": {
            "hashtags": [],
            "urls": [],
            "user_mentions": [],
            "symbols": [],
            "media": [
                {
                    "id": 1615017151173394433,
                    "id_str": "1615017151173394433",
                    "indices": [
                        50,
                        73
                    ],
                    "media_url": "http://pbs.twimg.com/media/FmmxitHagAETTbU.jpg",
                    "media_url_https": "https://pbs.twimg.com/media/FmmxitHagAETTbU.jpg",
                    "url": "https://t.co/jgrqn3wlae",
                    "display_url": "pic.twitter.com/jgrqn3wlae",
                    "expanded_url": "https://twitter.com/Kbmon_/status/1615018748297220096/photo/1",
                    "type": "photo",
                    "sizes": {
                        "medium": {
                            "w": 1052,
                            "h": 872,
                            "resize": "fit"
                        },
                        "thumb": {
                            "w": 150,
                            "h": 150,
                            "resize": "crop"
                        },
                        "small": {
                            "w": 680,
                            "h": 564,
                            "resize": "fit"
                        },
                        "large": {
                            "w": 1052,
                            "h": 872,
                            "resize": "fit"
                        }
                    }
                }
            ]
        },
        "extended_entities": {
            "media": [
                {
                    "id": 1615017151173394433,
                    "id_str": "1615017151173394433",
                    "indices": [
                        50,
                        73
                    ],
                    "media_url": "http://pbs.twimg.com/media/FmmxitHagAETTbU.jpg",
                    "media_url_https": "https://pbs.twimg.com/media/FmmxitHagAETTbU.jpg",
                    "url": "https://t.co/jgrqn3wlae",
                    "display_url": "pic.twitter.com/jgrqn3wlae",
                    "expanded_url": "https://twitter.com/Kbmon_/status/1615018748297220096/photo/1",
                    "type": "photo",
                    "sizes": {
                        "medium": {
                            "w": 1052,
                            "h": 872,
                            "resize": "fit"
                        },
                        "thumb": {
                            "w": 150,
                            "h": 150,
                            "resize": "crop"
                        },
                        "small": {
                            "w": 680,
                            "h": 564,
                            "resize": "fit"
                        },
                        "large": {
                            "w": 1052,
                            "h": 872,
                            "resize": "fit"
                        }
                    }
                }
            ]
        },
        "favorited": false,
        "retweeted": false,
        "possibly_sensitive": true,
        "filter_level": "low",
        "lang": "en"
    },
    "is_quote_status": false,
    "quote_count": 0,
    "reply_count": 0,
    "retweet_count": 0,
    "favorite_count": 0,
    "entities": {
        "hashtags": [],
        "urls": [],
        "user_mentions": [
            {
                "screen_name": "Kbmon_",
                "name": "Kb-mon 🔞",
                "id": 1307544482112352263,
                "id_str": "1307544482112352263",
                "indices": [
                    3,
                    10
                ]
            }
        ],
        "symbols": [],
        "media": [
            {
                "id": 1615017151173394433,
                "id_str": "1615017151173394433",
                "indices": [
                    62,
                    85
                ],
                "media_url": "http://pbs.twimg.com/media/FmmxitHagAETTbU.jpg",
                "media_url_https": "https://pbs.twimg.com/media/FmmxitHagAETTbU.jpg",
                "url": "https://t.co/jgrqn3wlae",
                "display_url": "pic.twitter.com/jgrqn3wlae",
                "expanded_url": "https://twitter.com/Kbmon_/status/1615018748297220096/photo/1",
                "type": "photo",
                "sizes": {
                    "medium": {
                        "w": 1052,
                        "h": 872,
                        "resize": "fit"
                    },
                    "thumb": {
                        "w": 150,
                        "h": 150,
                        "resize": "crop"
                    },
                    "small": {
                        "w": 680,
                        "h": 564,
                        "resize": "fit"
                    },
                    "large": {
                        "w": 1052,
                        "h": 872,
                        "resize": "fit"
                    }
                },
                "source_status_id": 1615018748297220096,
                "source_status_id_str": "1615018748297220096",
                "source_user_id": 1307544482112352263,
                "source_user_id_str": "1307544482112352263"
            }
        ]
    },
    "extended_entities": {
        "media": [
            {
                "id": 1615017151173394433,
                "id_str": "1615017151173394433",
                "indices": [
                    62,
                    85
                ],
                "media_url": "http://pbs.twimg.com/media/FmmxitHagAETTbU.jpg",
                "media_url_https": "https://pbs.twimg.com/media/FmmxitHagAETTbU.jpg",
                "url": "https://t.co/jgrqn3wlae",
                "display_url": "pic.twitter.com/jgrqn3wlae",
                "expanded_url": "https://twitter.com/Kbmon_/status/1615018748297220096/photo/1",
                "type": "photo",
                "sizes": {
                    "medium": {
                        "w": 1052,
                        "h": 872,
                        "resize": "fit"
                    },
                    "thumb": {
                        "w": 150,
                        "h": 150,
                        "resize": "crop"
                    },
                    "small": {
                        "w": 680,
                        "h": 564,
                        "resize": "fit"
                    },
                    "large": {
                        "w": 1052,
                        "h": 872,
                        "resize": "fit"
                    }
                },
                "source_status_id": 1615018748297220096,
                "source_status_id_str": "1615018748297220096",
                "source_user_id": 1307544482112352263,
                "source_user_id_str": "1307544482112352263"
            }
        ]
    },
    "favorited": false,
    "retweeted": false,
    "possibly_sensitive": false,
    "filter_level": "low",
    "lang": "en",
    "timestamp_ms": "1674023861381"
}