{
    "created_at": "Wed Jan 18 06:37:52 +0000 2023",
    "id": 1615599333088415744,
    "id_str": "1615599333088415744",
    "text": "@SkyNews Chairman of the Tory party @nadhimzahawi, appointed by @RishiSunak has been caught with his fingers in the… https://t.co/QOb98f1OYq",
    "display_text_range": [
        9,
        140
    ],
    "source": "<a href=\"https://mobile.twitter.com\" rel=\"nofollow\">Twitter Web App</a>",
    "truncated": true,
    "in_reply_to_status_id": 1615357376537698308,
    "in_reply_to_status_id_str": "1615357376537698308",
    "in_reply_to_user_id": 7587032,
    "in_reply_to_user_id_str": "7587032",
    "in_reply_to_screen_name": "SkyNews",
    "user": {
        "id": 3631368141,
        "id_str": "3631368141",
        "name": "Grimblepinch",
        "screen_name": "Grimblepinch",
        "location": "Purgatory",
        "url": null,
        "description": "Fed up.\n\nTories out.\n\n#GeneralElectionNOW",
        "translator_type": "none",
        "protected": false,
        "verified": false,
        "verified_type": "blue",
        "followers_count": 9,
        "friends_count": 88,
        "listed_count": 0,
        "favourites_count": 299,
        "statuses_count": 2050,
        "created_at": "Sat Sep 12 13:04:27 +0000 2015",
        "utc_offset": null,
        "time_zone": null,
        "geo_enabled": false,
        "lang": null,
        "contributors_enabled": false,
        "is_translator": false,
        "profile_background_color": "C0DEED",
        "profile_background_image_url": "http://abs.twimg.com/images/themes/theme1/bg.png",
        "profile_background_image_url_https": "https://abs.twimg.com/images/themes/theme1/bg.png",
        "profile_background_tile": false,
        "profile_link_color": "1DA1F2",
        "profile_sidebar_border_color": "C0DEED",
        "profile_sidebar_fill_color": "DDEEF6",
        "profile_text_color": "333333",
        "profile_use_background_image": true,
        "profile_image_url": "http://pbs.twimg.com/profile_images/1601175740401213442/Qwm2GhI1_normal.jpg",
        "profile_image_url_https": "https://pbs.twimg.com/profile_images/1601175740401213442/Qwm2GhI1_normal.jpg",
        "default_profile": true,
        "default_profile_image": false,
        "following": null,
        "follow_request_sent": null,
        "notifications": null,
        "withheld_in_countries": []
    },
    "geo": null,
    "coordinates": null,
    "place": null,
    "contributors": null,
    "is_quote_status": false,
    "extended_tweet": {
        "full_text": "@SkyNews Chairman of the Tory party @nadhimzahawi, appointed by @RishiSunak has been caught with his fingers in the till and not only evades prison but also keeps his job. What a strange world we live in.\n\n#GeneralStrikeNow \n#ToriesOut\n#GeneralElectionNow",
        "display_text_range": [
            9,
            255
        ],
        "entities": {
            "hashtags": [
                {
                    "text": "GeneralStrikeNow",
                    "indices": [
                        206,
                        223
                    ]
                },
                {
                    "text": "ToriesOut",
                    "indices": [
                        225,
                        235
                    ]
                },
                {
                    "text": "GeneralElectionNow",
                    "indices": [
                        236,
                        255
                    ]
                }
            ],
            "urls": [],
            "user_mentions": [
                {
                    "screen_name": "SkyNews",
                    "name": "Sky News",
                    "id": 7587032,
                    "id_str": "7587032",
                    "indices": [
                        0,
                        8
                    ]
                },
                {
                    "screen_name": "nadhimzahawi",
                    "name": "Nadhim Zahawi",
                    "id": 121127090,
                    "id_str": "121127090",
                    "indices": [
                        36,
                        49
                    ]
                },
                {
                    "screen_name": "RishiSunak",
                    "name": "Rishi Sunak",
                    "id": 1168968080690749441,
                    "id_str": "1168968080690749441",
                    "indices": [
                        64,
                        75
                    ]
                }
            ],
            "symbols": []
        }
    },
    "quote_count": 0,
    "reply_count": 0,
    "retweet_count": 0,
    "favorite_count": 0,
    "entities": {
        "hashtags": [],
        "urls": [
            {
                "url": "https://t.co/QOb98f1OYq",
                "expanded_url": "https://twitter.com/i/web/status/1615599333088415744",
                "display_url": "twitter.com/i/web/status/1…",
                "indices": [
                    117,
                    140
                ]
            }
        ],
        "user_mentions": [
            {
                "screen_name": "SkyNews",
                "name": "Sky News",
                "id": 7587032,
                "id_str": "7587032",
                "indices": [
                    0,
                    8
                ]
            },
            {
                "screen_name": "nadhimzahawi",
                "name": "Nadhim Zahawi",
                "id": 121127090,
                "id_str": "121127090",
                "indices": [
                    36,
                    49
                ]
            },
            {
                "screen_name": "RishiSunak",
                "name": "Rishi Sunak",
                "id": 1168968080690749441,
                "id_str": "1168968080690749441",
                "indices": [
                    64,
                    75
                ]
            }
        ],
        "symbols": []
    },
    "favorited": false,
    "retweeted": false,
    "filter_level": "low",
    "lang": "en",
    "timestamp_ms": "1674023872049"
}