{
    "created_at": "Wed Jan 18 06:37:49 +0000 2023",
    "id": 1615599324427083780,
    "id_str": "1615599324427083780",
    "text": "⚽ Harvey Elliott stops the Liverpool rot.\n\nhttps://t.co/RLaYgKKKKb",
    "source": "<a href=\"https://www.echobox.com\" rel=\"nofollow\">Echobox</a>",
    "truncated": false,
    "in_reply_to_status_id": null,
    "in_reply_to_status_id_str": null,
    "in_reply_to_user_id": null,
    "in_reply_to_user_id_str": null,
    "in_reply_to_screen_name": null,
    "user": {
        "id": 16343974,
        "id_str": "16343974",
        "name": "The Telegraph",
        "screen_name": "Telegraph",
        "location": "London, UK",
        "url": "http://www.telegraph.co.uk/?WT.mc_id=tw",
        "description": "Think ahead with the latest news, comment, analysis and video. \n\nSubscribe here: http://telegraph.co.uk/customer/subsc…",
        "translator_type": "regular",
        "protected": false,
        "verified": true,
        "verified_type": "business",
        "followers_count": 3356253,
        "friends_count": 723,
        "listed_count": 21547,
        "favourites_count": 493,
        "statuses_count": 523062,
        "created_at": "Thu Sep 18 06:50:54 +0000 2008",
        "utc_offset": null,
        "time_zone": null,
        "geo_enabled": true,
        "lang": null,
        "contributors_enabled": false,
        "is_translator": false,
        "profile_background_color": "5F5653",
        "profile_background_image_url": "http://abs.twimg.com/images/themes/theme15/bg.png",
        "profile_background_image_url_https": "https://abs.twimg.com/images/themes/theme15/bg.png",
        "profile_background_tile": true,
        "profile_link_color": "3B94D9",
        "profile_sidebar_border_color": "FFFFFF",
        "profile_sidebar_fill_color": "F4F4F0",
        "profile_text_color": "000000",
        "profile_use_background_image": true,
        "profile_image_url": "http://pbs.twimg.com/profile_images/1605188195574026240/XDJv944l_normal.png",
        "profile_image_url_https": "https://pbs.twimg.com/profile_images/1605188195574026240/XDJv944l_normal.png",
        "profile_banner_url": "https://pbs.twimg.com/profile_banners/16343974/1664373134",
        "default_profile": false,
        "default_profile_image": false,
        "following": null,
        "follow_request_sent": null,
        "notifications": null,
        "withheld_in_countries": []
    },
    "geo": null,
    "coordinates": null,
    "place": null,
    "contributors": null,
    "is_quote_status": false,
    "quote_count": 0,
    "reply_count": 0,
    "retweet_count": 0,
    "favorite_count": 0,
    "entities": {
        "hashtags": [],
        "urls": [
            {
                "url": "https://t.co/RLaYgKKKKb",
                "expanded_url": "https://www.telegraph.co.uk/football/2023/01/17/liverpool-vs-wolves-fa-cup-third-round-replay-live-score-latest/?utm_content=telegraph&utm_medium=Social&utm_campaign=Echobox&utm_source=Twitter#Echobox=1674023869",
                "display_url": "telegraph.co.uk/football/2023/…",
                "indices": [
                    43,
                    66
                ]
            }
        ],
        "user_mentions": [],
        "symbols": []
    },
    "favorited": false,
    "retweeted": false,
    "possibly_sensitive": false,
    "filter_level": "low",
    "lang": "en",
    "timestamp_ms": "1674023869984"
}