{
    "created_at": "Wed Jan 18 06:37:45 +0000 2023",
    "id": 1615599305347444737,
    "id_str": "1615599305347444737",
    "text": "RT @dexxybaba: Our national wealth is safe with #PeterObi. Man keeps saying he didn't steal a dim from govt in this very corrupt era in Nig…",
    "source": "<a href=\"http://twitter.com/download/android\" rel=\"nofollow\">Twitter for Android</a>",
    "truncated": false,
    "in_reply_to_status_id": null,
    "in_reply_to_status_id_str": null,
    "in_reply_to_user_id": null,
    "in_reply_to_user_id_str": null,
    "in_reply_to_screen_name": null,
    "user": {
        "id": 374654479,
        "id_str": "374654479",
        "name": "Bartholomew Ayodeji",
        "screen_name": "bartossy28",
        "location": "Lagos, Nigeria",
        "url": null,
        "description": "You can't be too poor not to give.",
        "translator_type": "none",
        "protected": false,
        "verified": false,
        "verified_type": "blue",
        "followers_count": 151,
        "friends_count": 395,
        "listed_count": 0,
        "favourites_count": 14832,
        "statuses_count": 13872,
        "created_at": "Fri Sep 16 17:56:34 +0000 2011",
        "utc_offset": null,
        "time_zone": null,
        "geo_enabled": true,
        "lang": null,
        "contributors_enabled": false,
        "is_translator": false,
        "profile_background_color": "C0DEED",
        "profile_background_image_url": "http://abs.twimg.com/images/themes/theme1/bg.png",
        "profile_background_image_url_https": "https://abs.twimg.com/images/themes/theme1/bg.png",
        "profile_background_tile": false,
        "profile_link_color": "1DA1F2",
        "profile_sidebar_border_color": "C0DEED",
        "profile_sidebar_fill_color": "DDEEF6",
        "profile_text_color": "333333",
        "profile_use_background_image": true,
        "profile_image_url": "http://pbs.twimg.com/profile_images/1543694115396849666/xjO5GSC9_normal.jpg",
        "profile_image_url_https": "https://pbs.twimg.com/profile_images/1543694115396849666/xjO5GSC9_normal.jpg",
        "profile_banner_url": "https://pbs.twimg.com/profile_banners/374654479/1656875202",
        "default_profile": true,
        "default_profile_image": false,
        "following": null,
        "follow_request_sent": null,
        "notifications": null,
        "withheld_in_countries": []
    },
    "geo": null,
    "coordinates": null,
    "place": null,
    "contributors": null,
    "retweeted_status": {
        "created_at": "Tue Jan 17 06:46:39 +0000 2023",
        "id": 1615239157755805704,
        "id_str": "1615239157755805704",
        "text": "Our national wealth is safe with #PeterObi. Man keeps saying he didn't steal a dim from govt in this very corrupt e… https://t.co/flahUbTJWQ",
        "source": "<a href=\"http://twitter.com/download/android\" rel=\"nofollow\">Twitter for Android</a>",
        "truncated": true,
        "in_reply_to_status_id": null,
        "in_reply_to_status_id_str": null,
        "in_reply_to_user_id": null,
        "in_reply_to_user_id_str": null,
        "in_reply_to_screen_name": null,
        "user": {
            "id": 3729608008,
            "id_str": "3729608008",
            "name": "Maximus Dex",
            "screen_name": "dexxybaba",
            "location": null,
            "url": null,
            "description": null,
            "translator_type": "none",
            "protected": false,
            "verified": false,
            "verified_type": "blue",
            "followers_count": 8112,
            "friends_count": 3278,
            "listed_count": 1,
            "favourites_count": 2252,
            "statuses_count": 28839,
            "created_at": "Mon Sep 21 15:38:38 +0000 2015",
            "utc_offset": null,
            "time_zone": null,
            "geo_enabled": false,
            "lang": null,
            "contributors_enabled": false,
            "is_translator": false,
            "profile_background_color": "C0DEED",
            "profile_background_image_url": "http://abs.twimg.com/images/themes/theme1/bg.png",
            "profile_background_image_url_https": "https://abs.twimg.com/images/themes/theme1/bg.png",
            "profile_background_tile": false,
            "profile_link_color": "1DA1F2",
            "profile_sidebar_border_color": "C0DEED",
            "profile_sidebar_fill_color": "DDEEF6",
            "profile_text_color": "333333",
            "profile_use_background_image": true,
            "profile_image_url": "http://pbs.twimg.com/profile_images/1330041275039494144/p0WbcPji_normal.jpg",
            "profile_image_url_https": "https://pbs.twimg.com/profile_images/1330041275039494144/p0WbcPji_normal.jpg",
            "default_profile": true,
            "default_profile_image": false,
            "following": null,
            "follow_request_sent": null,
            "notifications": null,
            "withheld_in_countries": []
        },
        "geo": null,
        "coordinates": null,
        "place": null,
        "contributors": null,
        "is_quote_status": false,
        "extended_tweet": {
            "full_text": "Our national wealth is safe with #PeterObi. Man keeps saying he didn't steal a dim from govt in this very corrupt era in Nigeria, yet the evil men/women gat nothing on him 🤷🏾‍♂️🤷🏾‍♂️\nI KNOW MY PRESIDENT\nI WILL VOTE LABOUR PARTY\nI WILL VOTE #PeterObiForPresident2023",
            "display_text_range": [
                0,
                265
            ],
            "entities": {
                "hashtags": [
                    {
                        "text": "PeterObi",
                        "indices": [
                            33,
                            42
                        ]
                    },
                    {
                        "text": "PeterObiForPresident2023",
                        "indices": [
                            240,
                            265
                        ]
                    }
                ],
                "urls": [],
                "user_mentions": [],
                "symbols": []
            }
        },
        "quote_count": 0,
        "reply_count": 0,
        "retweet_count": 12,
        "favorite_count": 32,
        "entities": {
            "hashtags": [
                {
                    "text": "PeterObi",
                    "indices": [
                        33,
                        42
                    ]
                }
            ],
            "urls": [
                {
                    "url": "https://t.co/flahUbTJWQ",
                    "expanded_url": "https://twitter.com/i/web/status/1615239157755805704",
                    "display_url": "twitter.com/i/web/status/1…",
                    "indices": [
                        117,
                        140
                    ]
                }
            ],
            "user_mentions": [],
            "symbols": []
        },
        "favorited": false,
        "retweeted": false,
        "filter_level": "low",
        "lang": "en"
    },
    "is_quote_status": false,
    "quote_count": 0,
    "reply_count": 0,
    "retweet_count": 0,
    "favorite_count": 0,
    "entities": {
        "hashtags": [
            {
                "text": "PeterObi",
                "indices": [
                    48,
                    57
                ]
            }
        ],
        "urls": [],
        "user_mentions": [
            {
                "screen_name": "dexxybaba",
                "name": "Maximus Dex",
                "id": 3729608008,
                "id_str": "3729608008",
                "indices": [
                    3,
                    13
                ]
            }
        ],
        "symbols": []
    },
    "favorited": false,
    "retweeted": false,
    "filter_level": "low",
    "lang": "en",
    "timestamp_ms": "1674023865435"
}