{
    "created_at": "Wed Jan 18 06:37:43 +0000 2023",
    "id": 1615599298905001984,
    "id_str": "1615599298905001984",
    "text": "RT @Trevsey65: Looks brilliant",
    "source": "<a href=\"https://mobile.twitter.com\" rel=\"nofollow\">Twitter Web App</a>",
    "truncated": false,
    "in_reply_to_status_id": null,
    "in_reply_to_status_id_str": null,
    "in_reply_to_user_id": null,
    "in_reply_to_user_id_str": null,
    "in_reply_to_screen_name": null,
    "user": {
        "id": 25704872,
        "id_str": "25704872",
        "name": "Pippa Ettore",
        "screen_name": "pettore",
        "location": "Tasmania.Lake Como.Bxl.London",
        "url": "http://pippaettore.com/",
        "description": "Keeping  the memory of the Fighter Pilots - The Few - alive  http://disc.yourwebapps.com/Indices/244414…",
        "translator_type": "none",
        "protected": false,
        "verified": false,
        "verified_type": "blue",
        "followers_count": 5568,
        "friends_count": 5401,
        "listed_count": 73,
        "favourites_count": 15253,
        "statuses_count": 84332,
        "created_at": "Sat Mar 21 18:04:58 +0000 2009",
        "utc_offset": null,
        "time_zone": null,
        "geo_enabled": true,
        "lang": null,
        "contributors_enabled": false,
        "is_translator": false,
        "profile_background_color": "131516",
        "profile_background_image_url": "http://abs.twimg.com/images/themes/theme1/bg.png",
        "profile_background_image_url_https": "https://abs.twimg.com/images/themes/theme1/bg.png",
        "profile_background_tile": true,
        "profile_link_color": "009999",
        "profile_sidebar_border_color": "FFFFFF",
        "profile_sidebar_fill_color": "EFEFEF",
        "profile_text_color": "333333",
        "profile_use_background_image": true,
        "profile_image_url": "http://pbs.twimg.com/profile_images/1582278402039599104/SNYfVK--_normal.jpg",
        "profile_image_url_https": "https://pbs.twimg.com/profile_images/1582278402039599104/SNYfVK--_normal.jpg",
        "profile_banner_url": "https://pbs.twimg.com/profile_banners/25704872/1600843066",
        "default_profile": false,
        "default_profile_image": false,
        "following": null,
        "follow_request_sent": null,
        "notifications": null,
        "withheld_in_countries": []
    },
    "geo": null,
    "coordinates": null,
    "place": null,
    "contributors": null,
    "retweeted_status": {
        "created_at": "Tue Jan 17 22:19:29 +0000 2023",
        "id": 1615473913483468832,
        "id_str": "1615473913483468832",
        "text": "Looks brilliant",
        "source": "<a href=\"http://twitter.com/download/android\" rel=\"nofollow\">Twitter for Android</a>",
        "truncated": false,
        "in_reply_to_status_id": null,
        "in_reply_to_status_id_str": null,
        "in_reply_to_user_id": null,
        "in_reply_to_user_id_str": null,
        "in_reply_to_screen_name": null,
        "user": {
            "id": 1444381854614925317,
            "id_str": "1444381854614925317",
            "name": "Trevsey",
            "screen_name": "Trevsey65",
            "location": "England, United Kingdom",
            "url": null,
            "description": "English and born in the era of common sense",
            "translator_type": "none",
            "protected": false,
            "verified": false,
            "verified_type": "blue",
            "followers_count": 92,
            "friends_count": 153,
            "listed_count": 0,
            "favourites_count": 3017,
            "statuses_count": 2204,
            "created_at": "Sat Oct 02 19:20:53 +0000 2021",
            "utc_offset": null,
            "time_zone": null,
            "geo_enabled": false,
            "lang": null,
            "contributors_enabled": false,
            "is_translator": false,
            "profile_background_color": "F5F8FA",
            "profile_background_image_url": "",
            "profile_background_image_url_https": "",
            "profile_background_tile": false,
            "profile_link_color": "1DA1F2",
            "profile_sidebar_border_color": "C0DEED",
            "profile_sidebar_fill_color": "DDEEF6",
            "profile_text_color": "333333",
            "profile_use_background_image": true,
            "profile_image_url": "http://pbs.twimg.com/profile_images/1528005171430694914/VeJ44mU1_normal.jpg",
            "profile_image_url_https": "https://pbs.twimg.com/profile_images/1528005171430694914/VeJ44mU1_normal.jpg",
            "default_profile": true,
            "default_profile_image": false,
            "following": null,
            "follow_request_sent": null,
            "notifications": null,
            "withheld_in_countries": []
        },
        "geo": null,
        "coordinates": null,
        "place": null,
        "contributors": null,
        "quoted_status_id": 1615407773415530497,
        "quoted_status_id_str": "1615407773415530497",
        "quoted_status": {
            "created_at": "Tue Jan 17 17:56:40 +0000 2023",
            "id": 1615407773415530497,
            "id_str": "1615407773415530497",
            "text": "The Vera Lynn Memorial is taking shape but will not be fully cast in bronze for another six months or so.\nIt will p… https://t.co/thdbzTKwRM",
            "display_text_range": [
                0,
                140
            ],
            "source": "<a href=\"https://mobile.twitter.com\" rel=\"nofollow\">Twitter Web App</a>",
            "truncated": true,
            "in_reply_to_status_id": null,
            "in_reply_to_status_id_str": null,
            "in_reply_to_user_id": null,
            "in_reply_to_user_id_str": null,
            "in_reply_to_screen_name": null,
            "user": {
                "id": 25704872,
                "id_str": "25704872",
                "name": "Pippa Ettore",
                "screen_name": "pettore",
                "location": "Tasmania.Lake Como.Bxl.London",
                "url": "http://pippaettore.com/",
                "description": "Keeping  the memory of the Fighter Pilots - The Few - alive  http://disc.yourwebapps.com/Indices/244414…",
                "translator_type": "none",
                "protected": false,
                "verified": false,
                "verified_type": "blue",
                "followers_count": 5568,
                "friends_count": 5401,
                "listed_count": 73,
                "favourites_count": 15253,
                "statuses_count": 84331,
                "created_at": "Sat Mar 21 18:04:58 +0000 2009",
                "utc_offset": null,
                "time_zone": null,
                "geo_enabled": true,
                "lang": null,
                "contributors_enabled": false,
                "is_translator": false,
                "profile_background_color": "131516",
                "profile_background_image_url": "http://abs.twimg.com/images/themes/theme1/bg.png",
                "profile_background_image_url_https": "https://abs.twimg.com/images/themes/theme1/bg.png",
                "profile_background_tile": true,
                "profile_link_color": "009999",
                "profile_sidebar_border_color": "FFFFFF",
                "profile_sidebar_fill_color": "EFEFEF",
                "profile_text_color": "333333",
                "profile_use_background_image": true,
                "profile_image_url": "http://pbs.twimg.com/profile_images/1582278402039599104/SNYfVK--_normal.jpg",
                "profile_image_url_https": "https://pbs.twimg.com/profile_images/1582278402039599104/SNYfVK--_normal.jpg",
                "profile_banner_url": "https://pbs.twimg.com/profile_banners/25704872/1600843066",
                "default_profile": false,
                "default_profile_image": false,
                "following": null,
                "follow_request_sent": null,
                "notifications": null,
                "withheld_in_countries": []
            },
            "geo": null,
            "coordinates": null,
            "place": null,
            "contributors": null,
            "is_quote_status": false,
            "extended_tweet": {
                "full_text": "The Vera Lynn Memorial is taking shape but will not be fully cast in bronze for another six months or so.\nIt will probably be situated at the National Memorial Arboretum in Staffordshire.\n\nEdward McManus\nBattle of Britain London Monument. https://t.co/e6GnpA75sj",
                "display_text_range": [
                    0,
                    238
                ],
                "entities": {
                    "hashtags": [],
                    "urls": [],
                    "user_mentions": [],
                    "symbols": [],
                    "media": [
                        {
                            "id": 1615407756361465856,
                            "id_str": "1615407756361465856",
                            "indices": [
                                239,
                                262
                            ],
                            "media_url": "http://pbs.twimg.com/media/FmsUy61WAAApCjS.jpg",
                            "media_url_https": "https://pbs.twimg.com/media/FmsUy61WAAApCjS.jpg",
                            "url": "https://t.co/e6GnpA75sj",
                            "display_url": "pic.twitter.com/e6GnpA75sj",
                            "expanded_url": "https://twitter.com/pettore/status/1615407773415530497/photo/1",
                            "type": "photo",
                            "sizes": {
                                "large": {
                                    "w": 747,
                                    "h": 971,
                                    "resize": "fit"
                                },
                                "thumb": {
                                    "w": 150,
                                    "h": 150,
                                    "resize": "crop"
                                },
                                "medium": {
                                    "w": 747,
                                    "h": 971,
                                    "resize": "fit"
                                },
                                "small": {
                                    "w": 523,
                                    "h": 680,
                                    "resize": "fit"
                                }
                            }
                        }
                    ]
                },
                "extended_entities": {
                    "media": [
                        {
                            "id": 1615407756361465856,
                            "id_str": "1615407756361465856",
                            "indices": [
                                239,
                                262
                            ],
                            "media_url": "http://pbs.twimg.com/media/FmsUy61WAAApCjS.jpg",
                            "media_url_https": "https://pbs.twimg.com/media/FmsUy61WAAApCjS.jpg",
                            "url": "https://t.co/e6GnpA75sj",
                            "display_url": "pic.twitter.com/e6GnpA75sj",
                            "expanded_url": "https://twitter.com/pettore/status/1615407773415530497/photo/1",
                            "type": "photo",
                            "sizes": {
                                "large": {
                                    "w": 747,
                                    "h": 971,
                                    "resize": "fit"
                                },
                                "thumb": {
                                    "w": 150,
                                    "h": 150,
                                    "resize": "crop"
                                },
                                "medium": {
                                    "w": 747,
                                    "h": 971,
                                    "resize": "fit"
                                },
                                "small": {
                                    "w": 523,
                                    "h": 680,
                                    "resize": "fit"
                                }
                            }
                        }
                    ]
                }
            },
            "quote_count": 3,
            "reply_count": 8,
            "retweet_count": 30,
            "favorite_count": 176,
            "entities": {
                "hashtags": [],
                "urls": [
                    {
                        "url": "https://t.co/thdbzTKwRM",
                        "expanded_url": "https://twitter.com/i/web/status/1615407773415530497",
                        "display_url": "twitter.com/i/web/status/1…",
                        "indices": [
                            117,
                            140
                        ]
                    }
                ],
                "user_mentions": [],
                "symbols": []
            },
            "favorited": false,
            "retweeted": false,
            "possibly_sensitive": false,
            "filter_level": "low",
            "lang": "en"
        },
        "quoted_status_permalink": {
            "url": "https://t.co/NwerS9j68q",
            "expanded": "https://twitter.com/pettore/status/1615407773415530497",
            "display": "twitter.com/pettore/status…"
        },
        "is_quote_status": true,
        "quote_count": 0,
        "reply_count": 0,
        "retweet_count": 1,
        "favorite_count": 0,
        "entities": {
            "hashtags": [],
            "urls": [],
            "user_mentions": [],
            "symbols": []
        },
        "favorited": false,
        "retweeted": false,
        "filter_level": "low",
        "lang": "en"
    },
    "quoted_status_id": 1615407773415530497,
    "quoted_status_id_str": "1615407773415530497",
    "quoted_status": {
        "created_at": "Tue Jan 17 17:56:40 +0000 2023",
        "id": 1615407773415530497,
        "id_str": "1615407773415530497",
        "text": "The Vera Lynn Memorial is taking shape but will not be fully cast in bronze for another six months or so.\nIt will p… https://t.co/thdbzTKwRM",
        "display_text_range": [
            0,
            140
        ],
        "source": "<a href=\"https://mobile.twitter.com\" rel=\"nofollow\">Twitter Web App</a>",
        "truncated": true,
        "in_reply_to_status_id": null,
        "in_reply_to_status_id_str": null,
        "in_reply_to_user_id": null,
        "in_reply_to_user_id_str": null,
        "in_reply_to_screen_name": null,
        "user": {
            "id": 25704872,
            "id_str": "25704872",
            "name": "Pippa Ettore",
            "screen_name": "pettore",
            "location": "Tasmania.Lake Como.Bxl.London",
            "url": "http://pippaettore.com/",
            "description": "Keeping  the memory of the Fighter Pilots - The Few - alive  http://disc.yourwebapps.com/Indices/244414…",
            "translator_type": "none",
            "protected": false,
            "verified": false,
            "verified_type": "blue",
            "followers_count": 5568,
            "friends_count": 5401,
            "listed_count": 73,
            "favourites_count": 15253,
            "statuses_count": 84331,
            "created_at": "Sat Mar 21 18:04:58 +0000 2009",
            "utc_offset": null,
            "time_zone": null,
            "geo_enabled": true,
            "lang": null,
            "contributors_enabled": false,
            "is_translator": false,
            "profile_background_color": "131516",
            "profile_background_image_url": "http://abs.twimg.com/images/themes/theme1/bg.png",
            "profile_background_image_url_https": "https://abs.twimg.com/images/themes/theme1/bg.png",
            "profile_background_tile": true,
            "profile_link_color": "009999",
            "profile_sidebar_border_color": "FFFFFF",
            "profile_sidebar_fill_color": "EFEFEF",
            "profile_text_color": "333333",
            "profile_use_background_image": true,
            "profile_image_url": "http://pbs.twimg.com/profile_images/1582278402039599104/SNYfVK--_normal.jpg",
            "profile_image_url_https": "https://pbs.twimg.com/profile_images/1582278402039599104/SNYfVK--_normal.jpg",
            "profile_banner_url": "https://pbs.twimg.com/profile_banners/25704872/1600843066",
            "default_profile": false,
            "default_profile_image": false,
            "following": null,
            "follow_request_sent": null,
            "notifications": null,
            "withheld_in_countries": []
        },
        "geo": null,
        "coordinates": null,
        "place": null,
        "contributors": null,
        "is_quote_status": false,
        "extended_tweet": {
            "full_text": "The Vera Lynn Memorial is taking shape but will not be fully cast in bronze for another six months or so.\nIt will probably be situated at the National Memorial Arboretum in Staffordshire.\n\nEdward McManus\nBattle of Britain London Monument. https://t.co/e6GnpA75sj",
            "display_text_range": [
                0,
                238
            ],
            "entities": {
                "hashtags": [],
                "urls": [],
                "user_mentions": [],
                "symbols": [],
                "media": [
                    {
                        "id": 1615407756361465856,
                        "id_str": "1615407756361465856",
                        "indices": [
                            239,
                            262
                        ],
                        "media_url": "http://pbs.twimg.com/media/FmsUy61WAAApCjS.jpg",
                        "media_url_https": "https://pbs.twimg.com/media/FmsUy61WAAApCjS.jpg",
                        "url": "https://t.co/e6GnpA75sj",
                        "display_url": "pic.twitter.com/e6GnpA75sj",
                        "expanded_url": "https://twitter.com/pettore/status/1615407773415530497/photo/1",
                        "type": "photo",
                        "sizes": {
                            "large": {
                                "w": 747,
                                "h": 971,
                                "resize": "fit"
                            },
                            "thumb": {
                                "w": 150,
                                "h": 150,
                                "resize": "crop"
                            },
                            "medium": {
                                "w": 747,
                                "h": 971,
                                "resize": "fit"
                            },
                            "small": {
                                "w": 523,
                                "h": 680,
                                "resize": "fit"
                            }
                        }
                    }
                ]
            },
            "extended_entities": {
                "media": [
                    {
                        "id": 1615407756361465856,
                        "id_str": "1615407756361465856",
                        "indices": [
                            239,
                            262
                        ],
                        "media_url": "http://pbs.twimg.com/media/FmsUy61WAAApCjS.jpg",
                        "media_url_https": "https://pbs.twimg.com/media/FmsUy61WAAApCjS.jpg",
                        "url": "https://t.co/e6GnpA75sj",
                        "display_url": "pic.twitter.com/e6GnpA75sj",
                        "expanded_url": "https://twitter.com/pettore/status/1615407773415530497/photo/1",
                        "type": "photo",
                        "sizes": {
                            "large": {
                                "w": 747,
                                "h": 971,
                                "resize": "fit"
                            },
                            "thumb": {
                                "w": 150,
                                "h": 150,
                                "resize": "crop"
                            },
                            "medium": {
                                "w": 747,
                                "h": 971,
                                "resize": "fit"
                            },
                            "small": {
                                "w": 523,
                                "h": 680,
                                "resize": "fit"
                            }
                        }
                    }
                ]
            }
        },
        "quote_count": 3,
        "reply_count": 8,
        "retweet_count": 30,
        "favorite_count": 176,
        "entities": {
            "hashtags": [],
            "urls": [
                {
                    "url": "https://t.co/thdbzTKwRM",
                    "expanded_url": "https://twitter.com/i/web/status/1615407773415530497",
                    "display_url": "twitter.com/i/web/status/1…",
                    "indices": [
                        117,
                        140
                    ]
                }
            ],
            "user_mentions": [],
            "symbols": []
        },
        "favorited": false,
        "retweeted": false,
        "possibly_sensitive": false,
        "filter_level": "low",
        "lang": "en"
    },
    "quoted_status_permalink": {
        "url": "https://t.co/NwerS9j68q",
        "expanded": "https://twitter.com/pettore/status/1615407773415530497",
        "display": "twitter.com/pettore/status…"
    },
    "is_quote_status": true,
    "quote_count": 0,
    "reply_count": 0,
    "retweet_count": 0,
    "favorite_count": 0,
    "entities": {
        "hashtags": [],
        "urls": [],
        "user_mentions": [
            {
                "screen_name": "Trevsey65",
                "name": "Trevsey",
                "id": 1444381854614925317,
                "id_str": "1444381854614925317",
                "indices": [
                    3,
                    13
                ]
            }
        ],
        "symbols": []
    },
    "favorited": false,
    "retweeted": false,
    "filter_level": "low",
    "lang": "en",
    "timestamp_ms": "1674023863899"
}