{
    "created_at": "Wed Jan 18 06:37:47 +0000 2023",
    "id": 1615599315229052929,
    "id_str": "1615599315229052929",
    "text": "@elizableu @elonmusk Honestly why did Twitter shadow ban  conservatives and silence millions since it's creation, I… https://t.co/NWN3a6dpD8",
    "display_text_range": [
        21,
        140
    ],
    "source": "<a href=\"http://twitter.com/download/android\" rel=\"nofollow\">Twitter for Android</a>",
    "truncated": true,
    "in_reply_to_status_id": 1611626294072201218,
    "in_reply_to_status_id_str": "1611626294072201218",
    "in_reply_to_user_id": 1210398164878024704,
    "in_reply_to_user_id_str": "1210398164878024704",
    "in_reply_to_screen_name": "elizableu",
    "user": {
        "id": 1572914588869431296,
        "id_str": "1572914588869431296",
        "name": "Jason",
        "screen_name": "falloutboy420",
        "location": "Perrysburg, OH",
        "url": null,
        "description": "Proud conservative, father, and combat veteran...",
        "translator_type": "none",
        "protected": false,
        "verified": false,
        "verified_type": "blue",
        "followers_count": 5,
        "friends_count": 70,
        "listed_count": 0,
        "favourites_count": 68,
        "statuses_count": 473,
        "created_at": "Thu Sep 22 11:44:06 +0000 2022",
        "utc_offset": null,
        "time_zone": null,
        "geo_enabled": false,
        "lang": null,
        "contributors_enabled": false,
        "is_translator": false,
        "profile_background_color": "F5F8FA",
        "profile_background_image_url": "",
        "profile_background_image_url_https": "",
        "profile_background_tile": false,
        "profile_link_color": "1DA1F2",
        "profile_sidebar_border_color": "C0DEED",
        "profile_sidebar_fill_color": "DDEEF6",
        "profile_text_color": "333333",
        "profile_use_background_image": true,
        "profile_image_url": "http://pbs.twimg.com/profile_images/1599504973271810052/vDdyLlJf_normal.jpg",
        "profile_image_url_https": "https://pbs.twimg.com/profile_images/1599504973271810052/vDdyLlJf_normal.jpg",
        "default_profile": true,
        "default_profile_image": false,
        "following": null,
        "follow_request_sent": null,
        "notifications": null,
        "withheld_in_countries": []
    },
    "geo": null,
    "coordinates": null,
    "place": null,
    "contributors": null,
    "is_quote_status": false,
    "extended_tweet": {
        "full_text": "@elizableu @elonmusk Honestly why did Twitter shadow ban  conservatives and silence millions since it's creation, I'm a combat veteran and witnessed such evil, I'm one who was shadowed banned but Twitter had thousands of evil accounts linked to exploiting children when musk took over, assholes",
        "display_text_range": [
            21,
            294
        ],
        "entities": {
            "hashtags": [],
            "urls": [],
            "user_mentions": [
                {
                    "screen_name": "elizableu",
                    "name": "Eliza",
                    "id": 1210398164878024704,
                    "id_str": "1210398164878024704",
                    "indices": [
                        0,
                        10
                    ]
                },
                {
                    "screen_name": "elonmusk",
                    "name": "Elon Musk",
                    "id": 44196397,
                    "id_str": "44196397",
                    "indices": [
                        11,
                        20
                    ]
                }
            ],
            "symbols": []
        }
    },
    "quote_count": 0,
    "reply_count": 0,
    "retweet_count": 0,
    "favorite_count": 0,
    "entities": {
        "hashtags": [],
        "urls": [
            {
                "url": "https://t.co/NWN3a6dpD8",
                "expanded_url": "https://twitter.com/i/web/status/1615599315229052929",
                "display_url": "twitter.com/i/web/status/1…",
                "indices": [
                    117,
                    140
                ]
            }
        ],
        "user_mentions": [
            {
                "screen_name": "elizableu",
                "name": "Eliza",
                "id": 1210398164878024704,
                "id_str": "1210398164878024704",
                "indices": [
                    0,
                    10
                ]
            },
            {
                "screen_name": "elonmusk",
                "name": "Elon Musk",
                "id": 44196397,
                "id_str": "44196397",
                "indices": [
                    11,
                    20
                ]
            }
        ],
        "symbols": []
    },
    "favorited": false,
    "retweeted": false,
    "filter_level": "low",
    "lang": "en",
    "timestamp_ms": "1674023867791"
}