{
    "created_at": "Wed Jan 18 06:37:49 +0000 2023",
    "id": 1615599323391332352,
    "id_str": "1615599323391332352",
    "text": "RT @speakerengine: Kaduna Nzeogwu is not Igbo, he was Niger-Deltan!\n\nD coup was to make Awo Prime Minister!\n\nIgbo army officers (Ojukwu in…",
    "source": "<a href=\"http://twitter.com/download/iphone\" rel=\"nofollow\">Twitter for iPhone</a>",
    "truncated": false,
    "in_reply_to_status_id": null,
    "in_reply_to_status_id_str": null,
    "in_reply_to_user_id": null,
    "in_reply_to_user_id_str": null,
    "in_reply_to_screen_name": null,
    "user": {
        "id": 953685541119254530,
        "id_str": "953685541119254530",
        "name": "onyinye💓💓",
        "screen_name": "shocolatemuse",
        "location": null,
        "url": null,
        "description": ". 😜 Definitely not perfect. 😆 Music lover 🎶🎵💃 Lady engineer. 💻 Fashion designer✂️ Chelsea fan⚽ Foodie🍔 Trouble maker😭",
        "translator_type": "none",
        "protected": false,
        "verified": false,
        "verified_type": "blue",
        "followers_count": 1080,
        "friends_count": 253,
        "listed_count": 0,
        "favourites_count": 146977,
        "statuses_count": 48584,
        "created_at": "Wed Jan 17 17:48:46 +0000 2018",
        "utc_offset": null,
        "time_zone": null,
        "geo_enabled": false,
        "lang": null,
        "contributors_enabled": false,
        "is_translator": false,
        "profile_background_color": "F5F8FA",
        "profile_background_image_url": "",
        "profile_background_image_url_https": "",
        "profile_background_tile": false,
        "profile_link_color": "1DA1F2",
        "profile_sidebar_border_color": "C0DEED",
        "profile_sidebar_fill_color": "DDEEF6",
        "profile_text_color": "333333",
        "profile_use_background_image": true,
        "profile_image_url": "http://pbs.twimg.com/profile_images/1612178258006622209/j6C7ZtOM_normal.jpg",
        "profile_image_url_https": "https://pbs.twimg.com/profile_images/1612178258006622209/j6C7ZtOM_normal.jpg",
        "profile_banner_url": "https://pbs.twimg.com/profile_banners/953685541119254530/1642755340",
        "default_profile": true,
        "default_profile_image": false,
        "following": null,
        "follow_request_sent": null,
        "notifications": null,
        "withheld_in_countries": []
    },
    "geo": null,
    "coordinates": null,
    "place": null,
    "contributors": null,
    "retweeted_status": {
        "created_at": "Mon Jan 16 15:50:14 +0000 2023",
        "id": 1615013566066872321,
        "id_str": "1615013566066872321",
        "text": "Kaduna Nzeogwu is not Igbo, he was Niger-Deltan!\n\nD coup was to make Awo Prime Minister!\n\nIgbo army officers (Ojukw… https://t.co/wSnxdR6YF6",
        "source": "<a href=\"http://twitter.com/download/android\" rel=\"nofollow\">Twitter for Android</a>",
        "truncated": true,
        "in_reply_to_status_id": null,
        "in_reply_to_status_id_str": null,
        "in_reply_to_user_id": null,
        "in_reply_to_user_id_str": null,
        "in_reply_to_screen_name": null,
        "user": {
            "id": 147332120,
            "id_str": "147332120",
            "name": "Ehichoya Odianosen",
            "screen_name": "speakerengine",
            "location": "United Kingdom 🇬🇧 ♥️ ",
            "url": null,
            "description": "Registered Chemical Engineer (Canada & Nigeria)\nExpertise in;\n\nBiofuels\nRefinery Operations \nPlant & Equipment Design\nEnvironmental Engineering",
            "translator_type": "none",
            "protected": false,
            "verified": false,
            "verified_type": "blue",
            "followers_count": 1361,
            "friends_count": 4996,
            "listed_count": 1,
            "favourites_count": 1563,
            "statuses_count": 8822,
            "created_at": "Sun May 23 21:25:59 +0000 2010",
            "utc_offset": null,
            "time_zone": null,
            "geo_enabled": false,
            "lang": null,
            "contributors_enabled": false,
            "is_translator": false,
            "profile_background_color": "C0DEED",
            "profile_background_image_url": "http://abs.twimg.com/images/themes/theme1/bg.png",
            "profile_background_image_url_https": "https://abs.twimg.com/images/themes/theme1/bg.png",
            "profile_background_tile": false,
            "profile_link_color": "1DA1F2",
            "profile_sidebar_border_color": "C0DEED",
            "profile_sidebar_fill_color": "DDEEF6",
            "profile_text_color": "333333",
            "profile_use_background_image": true,
            "profile_image_url": "http://pbs.twimg.com/profile_images/1591190685163692054/6RWTRa57_normal.jpg",
            "profile_image_url_https": "https://pbs.twimg.com/profile_images/1591190685163692054/6RWTRa57_normal.jpg",
            "default_profile": true,
            "default_profile_image": false,
            "following": null,
            "follow_request_sent": null,
            "notifications": null,
            "withheld_in_countries": []
        },
        "geo": null,
        "coordinates": null,
        "place": null,
        "contributors": null,
        "is_quote_status": false,
        "extended_tweet": {
            "full_text": "Kaduna Nzeogwu is not Igbo, he was Niger-Deltan!\n\nD coup was to make Awo Prime Minister!\n\nIgbo army officers (Ojukwu in Kano, Ironsi in Lagos) made sure they stopped the coup from being successful. \n\n Read your history, so they don't tell you that your uncle is your father.",
            "display_text_range": [
                0,
                274
            ],
            "entities": {
                "hashtags": [],
                "urls": [],
                "user_mentions": [],
                "symbols": []
            }
        },
        "quote_count": 19,
        "reply_count": 55,
        "retweet_count": 616,
        "favorite_count": 1054,
        "entities": {
            "hashtags": [],
            "urls": [
                {
                    "url": "https://t.co/wSnxdR6YF6",
                    "expanded_url": "https://twitter.com/i/web/status/1615013566066872321",
                    "display_url": "twitter.com/i/web/status/1…",
                    "indices": [
                        117,
                        140
                    ]
                }
            ],
            "user_mentions": [],
            "symbols": []
        },
        "favorited": false,
        "retweeted": false,
        "filter_level": "low",
        "lang": "en"
    },
    "is_quote_status": false,
    "quote_count": 0,
    "reply_count": 0,
    "retweet_count": 0,
    "favorite_count": 0,
    "entities": {
        "hashtags": [],
        "urls": [],
        "user_mentions": [
            {
                "screen_name": "speakerengine",
                "name": "Ehichoya Odianosen",
                "id": 147332120,
                "id_str": "147332120",
                "indices": [
                    3,
                    17
                ]
            }
        ],
        "symbols": []
    },
    "favorited": false,
    "retweeted": false,
    "filter_level": "low",
    "lang": "en",
    "timestamp_ms": "1674023869737"
}