{
    "created_at": "Wed Jan 18 06:37:51 +0000 2023",
    "id": 1615599331322564609,
    "id_str": "1615599331322564609",
    "text": "More lies from ⁦@grantshapps⁩ exposed.  https://t.co/Of9IpxJffn",
    "source": "<a href=\"http://twitter.com/download/iphone\" rel=\"nofollow\">Twitter for iPhone</a>",
    "truncated": false,
    "in_reply_to_status_id": null,
    "in_reply_to_status_id_str": null,
    "in_reply_to_user_id": null,
    "in_reply_to_user_id_str": null,
    "in_reply_to_screen_name": null,
    "user": {
        "id": 258065280,
        "id_str": "258065280",
        "name": "Andy Leather",
        "screen_name": "asleather",
        "location": "Billingsley, England",
        "url": null,
        "description": "Ben & Sam, Man City, cricket, rugby, still searching.....",
        "translator_type": "none",
        "protected": false,
        "verified": false,
        "verified_type": "blue",
        "followers_count": 688,
        "friends_count": 886,
        "listed_count": 2,
        "favourites_count": 155868,
        "statuses_count": 103506,
        "created_at": "Sat Feb 26 21:58:01 +0000 2011",
        "utc_offset": null,
        "time_zone": null,
        "geo_enabled": true,
        "lang": null,
        "contributors_enabled": false,
        "is_translator": false,
        "profile_background_color": "C0DEED",
        "profile_background_image_url": "http://abs.twimg.com/images/themes/theme1/bg.png",
        "profile_background_image_url_https": "https://abs.twimg.com/images/themes/theme1/bg.png",
        "profile_background_tile": false,
        "profile_link_color": "1DA1F2",
        "profile_sidebar_border_color": "C0DEED",
        "profile_sidebar_fill_color": "DDEEF6",
        "profile_text_color": "333333",
        "profile_use_background_image": true,
        "profile_image_url": "http://pbs.twimg.com/profile_images/2235358731/asl1975_normal.jpg",
        "profile_image_url_https": "https://pbs.twimg.com/profile_images/2235358731/asl1975_normal.jpg",
        "default_profile": true,
        "default_profile_image": false,
        "following": null,
        "follow_request_sent": null,
        "notifications": null,
        "withheld_in_countries": []
    },
    "geo": null,
    "coordinates": null,
    "place": null,
    "contributors": null,
    "is_quote_status": false,
    "quote_count": 0,
    "reply_count": 0,
    "retweet_count": 0,
    "favorite_count": 0,
    "entities": {
        "hashtags": [],
        "urls": [
            {
                "url": "https://t.co/Of9IpxJffn",
                "expanded_url": "https://www.bbc.co.uk/news/64313013",
                "display_url": "bbc.co.uk/news/64313013",
                "indices": [
                    40,
                    63
                ]
            }
        ],
        "user_mentions": [
            {
                "screen_name": "grantshapps",
                "name": "Rt Hon Grant Shapps MP",
                "id": 14104027,
                "id_str": "14104027",
                "indices": [
                    16,
                    28
                ]
            }
        ],
        "symbols": []
    },
    "favorited": false,
    "retweeted": false,
    "possibly_sensitive": false,
    "filter_level": "low",
    "lang": "en",
    "timestamp_ms": "1674023871628"
}