{
    "created_at": "Wed Jan 18 06:37:48 +0000 2023",
    "id": 1615599318727290880,
    "id_str": "1615599318727290880",
    "text": "RT @HJoyceGender: This is the jerk who said, when @jk_rowling said her experience of rape &amp; domestic violence meant she valued single-sex s…",
    "source": "<a href=\"https://mobile.twitter.com\" rel=\"nofollow\">Twitter Web App</a>",
    "truncated": false,
    "in_reply_to_status_id": null,
    "in_reply_to_status_id_str": null,
    "in_reply_to_user_id": null,
    "in_reply_to_user_id_str": null,
    "in_reply_to_screen_name": null,
    "user": {
        "id": 231787099,
        "id_str": "231787099",
        "name": "Anoushka 🟩⬜️🟪 🧙‍♀️🐈‍⬛🐈",
        "screen_name": "A_noushka",
        "location": "United Kingdom",
        "url": null,
        "description": "NO TO SELF ID. 🇬🇧🇳🇱🇮🇪\nUncivil and not a servant.  Hoarder of rights. Believer in biological reality. Cis my arse. Terf Island. 🦖🦕",
        "translator_type": "none",
        "protected": false,
        "verified": false,
        "verified_type": "blue",
        "followers_count": 244,
        "friends_count": 803,
        "listed_count": 0,
        "favourites_count": 19948,
        "statuses_count": 7393,
        "created_at": "Wed Dec 29 13:26:27 +0000 2010",
        "utc_offset": null,
        "time_zone": null,
        "geo_enabled": true,
        "lang": null,
        "contributors_enabled": false,
        "is_translator": false,
        "profile_background_color": "C0DEED",
        "profile_background_image_url": "http://abs.twimg.com/images/themes/theme1/bg.png",
        "profile_background_image_url_https": "https://abs.twimg.com/images/themes/theme1/bg.png",
        "profile_background_tile": false,
        "profile_link_color": "1DA1F2",
        "profile_sidebar_border_color": "C0DEED",
        "profile_sidebar_fill_color": "DDEEF6",
        "profile_text_color": "333333",
        "profile_use_background_image": true,
        "profile_image_url": "http://pbs.twimg.com/profile_images/1608784032363315201/U2-6fuyu_normal.jpg",
        "profile_image_url_https": "https://pbs.twimg.com/profile_images/1608784032363315201/U2-6fuyu_normal.jpg",
        "profile_banner_url": "https://pbs.twimg.com/profile_banners/231787099/1672399315",
        "default_profile": true,
        "default_profile_image": false,
        "following": null,
        "follow_request_sent": null,
        "notifications": null,
        "withheld_in_countries": []
    },
    "geo": null,
    "coordinates": null,
    "place": null,
    "contributors": null,
    "retweeted_status": {
        "created_at": "Tue Jan 17 17:51:05 +0000 2023",
        "id": 1615406367426101249,
        "id_str": "1615406367426101249",
        "text": "This is the jerk who said, when @jk_rowling said her experience of rape &amp; domestic violence meant she valued single… https://t.co/l3flciLONg",
        "source": "<a href=\"https://mobile.twitter.com\" rel=\"nofollow\">Twitter Web App</a>",
        "truncated": true,
        "in_reply_to_status_id": 1615405523180085249,
        "in_reply_to_status_id_str": "1615405523180085249",
        "in_reply_to_user_id": 1110105054,
        "in_reply_to_user_id_str": "1110105054",
        "in_reply_to_screen_name": "HJoyceGender",
        "user": {
            "id": 1110105054,
            "id_str": "1110105054",
            "name": "Helen Joyce",
            "screen_name": "HJoyceGender",
            "location": "London, England",
            "url": "http://TheHelenJoyce.com",
            "description": "Author of book about gender-ID ideology. Show me the 3rd gamete, & we can talk. Rights-hoarding dinosaur. No, you be kind. Newsletter: Joyce Activated",
            "translator_type": "none",
            "protected": false,
            "verified": true,
            "verified_type": "blue",
            "followers_count": 93579,
            "friends_count": 1208,
            "listed_count": 647,
            "favourites_count": 160252,
            "statuses_count": 12549,
            "created_at": "Mon Jan 21 21:28:09 +0000 2013",
            "utc_offset": null,
            "time_zone": null,
            "geo_enabled": false,
            "lang": null,
            "contributors_enabled": false,
            "is_translator": false,
            "profile_background_color": "C0DEED",
            "profile_background_image_url": "http://abs.twimg.com/images/themes/theme1/bg.png",
            "profile_background_image_url_https": "https://abs.twimg.com/images/themes/theme1/bg.png",
            "profile_background_tile": false,
            "profile_link_color": "1DA1F2",
            "profile_sidebar_border_color": "C0DEED",
            "profile_sidebar_fill_color": "DDEEF6",
            "profile_text_color": "333333",
            "profile_use_background_image": true,
            "profile_image_url": "http://pbs.twimg.com/profile_images/1521809915723059200/0r0DfJwV_normal.png",
            "profile_image_url_https": "https://pbs.twimg.com/profile_images/1521809915723059200/0r0DfJwV_normal.png",
            "profile_banner_url": "https://pbs.twimg.com/profile_banners/1110105054/1651662733",
            "default_profile": true,
            "default_profile_image": false,
            "following": null,
            "follow_request_sent": null,
            "notifications": null,
            "withheld_in_countries": []
        },
        "geo": null,
        "coordinates": null,
        "place": null,
        "contributors": null,
        "is_quote_status": false,
        "extended_tweet": {
            "full_text": "This is the jerk who said, when @jk_rowling said her experience of rape &amp; domestic violence meant she valued single-sex spaces, that she was weaponising her trauma to hurt trans people. He was forced to apologise then. He's a disgrace to the Labour Party https://t.co/c3XGUTWEYO",
            "display_text_range": [
                0,
                282
            ],
            "entities": {
                "hashtags": [],
                "urls": [
                    {
                        "url": "https://t.co/c3XGUTWEYO",
                        "expanded_url": "https://news.sky.com/story/labour-frontbencher-lloyd-russell-moyle-apologises-for-jk-rowling-abuse-comments-12016664",
                        "display_url": "news.sky.com/story/labour-f…",
                        "indices": [
                            259,
                            282
                        ]
                    }
                ],
                "user_mentions": [
                    {
                        "screen_name": "jk_rowling",
                        "name": "J.K. Rowling",
                        "id": 62513246,
                        "id_str": "62513246",
                        "indices": [
                            32,
                            43
                        ]
                    }
                ],
                "symbols": []
            }
        },
        "quote_count": 3,
        "reply_count": 21,
        "retweet_count": 164,
        "favorite_count": 847,
        "entities": {
            "hashtags": [],
            "urls": [
                {
                    "url": "https://t.co/l3flciLONg",
                    "expanded_url": "https://twitter.com/i/web/status/1615406367426101249",
                    "display_url": "twitter.com/i/web/status/1…",
                    "indices": [
                        121,
                        144
                    ]
                }
            ],
            "user_mentions": [
                {
                    "screen_name": "jk_rowling",
                    "name": "J.K. Rowling",
                    "id": 62513246,
                    "id_str": "62513246",
                    "indices": [
                        32,
                        43
                    ]
                }
            ],
            "symbols": []
        },
        "favorited": false,
        "retweeted": false,
        "possibly_sensitive": false,
        "filter_level": "low",
        "lang": "en"
    },
    "is_quote_status": false,
    "quote_count": 0,
    "reply_count": 0,
    "retweet_count": 0,
    "favorite_count": 0,
    "entities": {
        "hashtags": [],
        "urls": [],
        "user_mentions": [
            {
                "screen_name": "HJoyceGender",
                "name": "Helen Joyce",
                "id": 1110105054,
                "id_str": "1110105054",
                "indices": [
                    3,
                    16
                ]
            },
            {
                "screen_name": "jk_rowling",
                "name": "J.K. Rowling",
                "id": 62513246,
                "id_str": "62513246",
                "indices": [
                    50,
                    61
                ]
            }
        ],
        "symbols": []
    },
    "favorited": false,
    "retweeted": false,
    "filter_level": "low",
    "lang": "en",
    "timestamp_ms": "1674023868625"
}