{
    "created_at": "Wed Jan 18 06:37:42 +0000 2023",
    "id": 1615599292710014977,
    "id_str": "1615599292710014977",
    "text": "@tesssummers98 @AnnieWellsMSP @RonReg0807 Must have missed them putting candidates in the London boroughs\nThough 45… https://t.co/nlZ5FvdHhm",
    "display_text_range": [
        42,
        140
    ],
    "source": "<a href=\"https://mobile.twitter.com\" rel=\"nofollow\">Twitter Web App</a>",
    "truncated": true,
    "in_reply_to_status_id": 1615336443924328451,
    "in_reply_to_status_id_str": "1615336443924328451",
    "in_reply_to_user_id": 2938261973,
    "in_reply_to_user_id_str": "2938261973",
    "in_reply_to_screen_name": "tesssummers98",
    "user": {
        "id": 578806695,
        "id_str": "578806695",
        "name": "Mark 💙",
        "screen_name": "M8966Mark",
        "location": "on the sofa",
        "url": null,
        "description": "It may be a small world.. but by feck i wouldn't like to paint it...",
        "translator_type": "none",
        "protected": false,
        "verified": false,
        "verified_type": "blue",
        "followers_count": 37,
        "friends_count": 166,
        "listed_count": 1,
        "favourites_count": 4303,
        "statuses_count": 4297,
        "created_at": "Sun May 13 06:58:21 +0000 2012",
        "utc_offset": null,
        "time_zone": null,
        "geo_enabled": false,
        "lang": null,
        "contributors_enabled": false,
        "is_translator": false,
        "profile_background_color": "C0DEED",
        "profile_background_image_url": "http://abs.twimg.com/images/themes/theme1/bg.png",
        "profile_background_image_url_https": "https://abs.twimg.com/images/themes/theme1/bg.png",
        "profile_background_tile": false,
        "profile_link_color": "1DA1F2",
        "profile_sidebar_border_color": "C0DEED",
        "profile_sidebar_fill_color": "DDEEF6",
        "profile_text_color": "333333",
        "profile_use_background_image": true,
        "profile_image_url": "http://pbs.twimg.com/profile_images/1402352870729596931/q4uBWBUX_normal.jpg",
        "profile_image_url_https": "https://pbs.twimg.com/profile_images/1402352870729596931/q4uBWBUX_normal.jpg",
        "profile_banner_url": "https://pbs.twimg.com/profile_banners/578806695/1605611651",
        "default_profile": true,
        "default_profile_image": false,
        "following": null,
        "follow_request_sent": null,
        "notifications": null,
        "withheld_in_countries": []
    },
    "geo": null,
    "coordinates": null,
    "place": null,
    "contributors": null,
    "is_quote_status": false,
    "extended_tweet": {
        "full_text": "@tesssummers98 @AnnieWellsMSP @RonReg0807 Must have missed them putting candidates in the London boroughs\nThough 45% of the Scottish vote is not a bad tally....",
        "display_text_range": [
            42,
            160
        ],
        "entities": {
            "hashtags": [],
            "urls": [],
            "user_mentions": [
                {
                    "screen_name": "tesssummers98",
                    "name": "Tess Summers 🇬🇧🇮🇪",
                    "id": 2938261973,
                    "id_str": "2938261973",
                    "indices": [
                        0,
                        14
                    ]
                },
                {
                    "screen_name": "AnnieWellsMSP",
                    "name": "Annie Wells MSP",
                    "id": 611149024,
                    "id_str": "611149024",
                    "indices": [
                        15,
                        29
                    ]
                },
                {
                    "screen_name": "RonReg0807",
                    "name": "RonReg0807",
                    "id": 1097048735807361024,
                    "id_str": "1097048735807361024",
                    "indices": [
                        30,
                        41
                    ]
                }
            ],
            "symbols": []
        }
    },
    "quote_count": 0,
    "reply_count": 0,
    "retweet_count": 0,
    "favorite_count": 0,
    "entities": {
        "hashtags": [],
        "urls": [
            {
                "url": "https://t.co/nlZ5FvdHhm",
                "expanded_url": "https://twitter.com/i/web/status/1615599292710014977",
                "display_url": "twitter.com/i/web/status/1…",
                "indices": [
                    117,
                    140
                ]
            }
        ],
        "user_mentions": [
            {
                "screen_name": "tesssummers98",
                "name": "Tess Summers 🇬🇧🇮🇪",
                "id": 2938261973,
                "id_str": "2938261973",
                "indices": [
                    0,
                    14
                ]
            },
            {
                "screen_name": "AnnieWellsMSP",
                "name": "Annie Wells MSP",
                "id": 611149024,
                "id_str": "611149024",
                "indices": [
                    15,
                    29
                ]
            },
            {
                "screen_name": "RonReg0807",
                "name": "RonReg0807",
                "id": 1097048735807361024,
                "id_str": "1097048735807361024",
                "indices": [
                    30,
                    41
                ]
            }
        ],
        "symbols": []
    },
    "favorited": false,
    "retweeted": false,
    "filter_level": "low",
    "lang": "en",
    "timestamp_ms": "1674023862422"
}