{
    "created_at": "Wed Jan 18 06:37:49 +0000 2023",
    "id": 1615599321990184962,
    "id_str": "1615599321990184962",
    "text": "RT @JoanThatiah: I just know that there are nights I wake up in terror, my night clothes drenched in my sweat. There are days I hear someon…",
    "source": "<a href=\"http://twitter.com/download/android\" rel=\"nofollow\">Twitter for Android</a>",
    "truncated": false,
    "in_reply_to_status_id": null,
    "in_reply_to_status_id_str": null,
    "in_reply_to_user_id": null,
    "in_reply_to_user_id_str": null,
    "in_reply_to_screen_name": null,
    "user": {
        "id": 3401293035,
        "id_str": "3401293035",
        "name": "Frank Magoba",
        "screen_name": "magobafrank",
        "location": "Bungoma, Kenya",
        "url": null,
        "description": "Poultry farmer|| Passionate about Agriculture, agribusiness|| Accountant|| show up & win",
        "translator_type": "none",
        "protected": false,
        "verified": false,
        "verified_type": "blue",
        "followers_count": 1825,
        "friends_count": 1661,
        "listed_count": 1,
        "favourites_count": 156801,
        "statuses_count": 13820,
        "created_at": "Mon Aug 03 14:16:45 +0000 2015",
        "utc_offset": null,
        "time_zone": null,
        "geo_enabled": true,
        "lang": null,
        "contributors_enabled": false,
        "is_translator": false,
        "profile_background_color": "C0DEED",
        "profile_background_image_url": "http://abs.twimg.com/images/themes/theme1/bg.png",
        "profile_background_image_url_https": "https://abs.twimg.com/images/themes/theme1/bg.png",
        "profile_background_tile": false,
        "profile_link_color": "1DA1F2",
        "profile_sidebar_border_color": "C0DEED",
        "profile_sidebar_fill_color": "DDEEF6",
        "profile_text_color": "333333",
        "profile_use_background_image": true,
        "profile_image_url": "http://pbs.twimg.com/profile_images/1512880487185977348/cncgf4sf_normal.jpg",
        "profile_image_url_https": "https://pbs.twimg.com/profile_images/1512880487185977348/cncgf4sf_normal.jpg",
        "profile_banner_url": "https://pbs.twimg.com/profile_banners/3401293035/1573246268",
        "default_profile": true,
        "default_profile_image": false,
        "following": null,
        "follow_request_sent": null,
        "notifications": null,
        "withheld_in_countries": []
    },
    "geo": null,
    "coordinates": null,
    "place": null,
    "contributors": null,
    "retweeted_status": {
        "created_at": "Tue Jan 17 15:00:12 +0000 2023",
        "id": 1615363361490837505,
        "id_str": "1615363361490837505",
        "text": "I just know that there are nights I wake up in terror, my night clothes drenched in my sweat. There are days I hear… https://t.co/K8LiGBEPK2",
        "source": "<a href=\"http://twitter.com/download/android\" rel=\"nofollow\">Twitter for Android</a>",
        "truncated": true,
        "in_reply_to_status_id": 1615363300589436928,
        "in_reply_to_status_id_str": "1615363300589436928",
        "in_reply_to_user_id": 1306704594,
        "in_reply_to_user_id_str": "1306704594",
        "in_reply_to_screen_name": "JoanThatiah",
        "user": {
            "id": 1306704594,
            "id_str": "1306704594",
            "name": "Joan Thatiah",
            "screen_name": "JoanThatiah",
            "location": "Nairobi",
            "url": null,
            "description": "Author\n 🌼Things I'll Tell My Daughter\n 🌼Too Pretty To Be Broke\n 🌼Letters To My Son\n 🌼Damn Girl\n 🌼Guilty\n 🌼Everything I Know\n🌼Confessions of Nairobi Women",
            "translator_type": "none",
            "protected": false,
            "verified": false,
            "verified_type": "blue",
            "followers_count": 1480,
            "friends_count": 905,
            "listed_count": 4,
            "favourites_count": 178,
            "statuses_count": 980,
            "created_at": "Wed Mar 27 06:44:41 +0000 2013",
            "utc_offset": null,
            "time_zone": null,
            "geo_enabled": false,
            "lang": null,
            "contributors_enabled": false,
            "is_translator": false,
            "profile_background_color": "642D8B",
            "profile_background_image_url": "http://abs.twimg.com/images/themes/theme10/bg.gif",
            "profile_background_image_url_https": "https://abs.twimg.com/images/themes/theme10/bg.gif",
            "profile_background_tile": true,
            "profile_link_color": "FF0000",
            "profile_sidebar_border_color": "FFFFFF",
            "profile_sidebar_fill_color": "DDEEF6",
            "profile_text_color": "333333",
            "profile_use_background_image": true,
            "profile_image_url": "http://pbs.twimg.com/profile_images/1326435348616974336/IDUy2a6H_normal.jpg",
            "profile_image_url_https": "https://pbs.twimg.com/profile_images/1326435348616974336/IDUy2a6H_normal.jpg",
            "profile_banner_url": "https://pbs.twimg.com/profile_banners/1306704594/1665822656",
            "default_profile": false,
            "default_profile_image": false,
            "following": null,
            "follow_request_sent": null,
            "notifications": null,
            "withheld_in_countries": []
        },
        "geo": null,
        "coordinates": null,
        "place": null,
        "contributors": null,
        "is_quote_status": false,
        "extended_tweet": {
            "full_text": "I just know that there are nights I wake up in terror, my night clothes drenched in my sweat. There are days I hear someone speak or laugh out in the street and my heart begins racing in panic. There are still times I flinch when my partner touches me. (13/16)",
            "display_text_range": [
                0,
                260
            ],
            "entities": {
                "hashtags": [],
                "urls": [],
                "user_mentions": [],
                "symbols": []
            }
        },
        "quote_count": 0,
        "reply_count": 1,
        "retweet_count": 2,
        "favorite_count": 4,
        "entities": {
            "hashtags": [],
            "urls": [
                {
                    "url": "https://t.co/K8LiGBEPK2",
                    "expanded_url": "https://twitter.com/i/web/status/1615363361490837505",
                    "display_url": "twitter.com/i/web/status/1…",
                    "indices": [
                        117,
                        140
                    ]
                }
            ],
            "user_mentions": [],
            "symbols": []
        },
        "favorited": false,
        "retweeted": false,
        "filter_level": "low",
        "lang": "en"
    },
    "is_quote_status": false,
    "quote_count": 0,
    "reply_count": 0,
    "retweet_count": 0,
    "favorite_count": 0,
    "entities": {
        "hashtags": [],
        "urls": [],
        "user_mentions": [
            {
                "screen_name": "JoanThatiah",
                "name": "Joan Thatiah",
                "id": 1306704594,
                "id_str": "1306704594",
                "indices": [
                    3,
                    15
                ]
            }
        ],
        "symbols": []
    },
    "favorited": false,
    "retweeted": false,
    "filter_level": "low",
    "lang": "en",
    "timestamp_ms": "1674023869403"
}