{
    "created_at": "Wed Jan 18 06:37:46 +0000 2023",
    "id": 1615599309063340033,
    "id_str": "1615599309063340033",
    "text": "RT @omoelerinjare: I thought it was only in Nigeria 🇳🇬 that we display this organic love for Peter Obi, even in London seeee mob!!!! \nPeter…",
    "source": "<a href=\"http://twitter.com/download/android\" rel=\"nofollow\">Twitter for Android</a>",
    "truncated": false,
    "in_reply_to_status_id": null,
    "in_reply_to_status_id_str": null,
    "in_reply_to_user_id": null,
    "in_reply_to_user_id_str": null,
    "in_reply_to_screen_name": null,
    "user": {
        "id": 938161950009319431,
        "id_str": "938161950009319431",
        "name": "Nnadi Chikeluo",
        "screen_name": "RNnadichikeluo",
        "location": null,
        "url": null,
        "description": null,
        "translator_type": "none",
        "protected": false,
        "verified": false,
        "verified_type": "blue",
        "followers_count": 313,
        "friends_count": 318,
        "listed_count": 0,
        "favourites_count": 10777,
        "statuses_count": 18825,
        "created_at": "Tue Dec 05 21:43:33 +0000 2017",
        "utc_offset": null,
        "time_zone": null,
        "geo_enabled": false,
        "lang": null,
        "contributors_enabled": false,
        "is_translator": false,
        "profile_background_color": "F5F8FA",
        "profile_background_image_url": "",
        "profile_background_image_url_https": "",
        "profile_background_tile": false,
        "profile_link_color": "1DA1F2",
        "profile_sidebar_border_color": "C0DEED",
        "profile_sidebar_fill_color": "DDEEF6",
        "profile_text_color": "333333",
        "profile_use_background_image": true,
        "profile_image_url": "http://pbs.twimg.com/profile_images/1601972469870563328/oRZiCEnW_normal.jpg",
        "profile_image_url_https": "https://pbs.twimg.com/profile_images/1601972469870563328/oRZiCEnW_normal.jpg",
        "profile_banner_url": "https://pbs.twimg.com/profile_banners/938161950009319431/1654721286",
        "default_profile": true,
        "default_profile_image": false,
        "following": null,
        "follow_request_sent": null,
        "notifications": null,
        "withheld_in_countries": []
    },
    "geo": null,
    "coordinates": null,
    "place": null,
    "contributors": null,
    "retweeted_status": {
        "created_at": "Tue Jan 17 19:47:15 +0000 2023",
        "id": 1615435603314905088,
        "id_str": "1615435603314905088",
        "text": "I thought it was only in Nigeria 🇳🇬 that we display this organic love for Peter Obi, even in London seeee mob!!!!… https://t.co/onPDJCA8xP",
        "display_text_range": [
            0,
            140
        ],
        "source": "<a href=\"http://twitter.com/download/android\" rel=\"nofollow\">Twitter for Android</a>",
        "truncated": true,
        "in_reply_to_status_id": null,
        "in_reply_to_status_id_str": null,
        "in_reply_to_user_id": null,
        "in_reply_to_user_id_str": null,
        "in_reply_to_screen_name": null,
        "user": {
            "id": 1037011222477123585,
            "id_str": "1037011222477123585",
            "name": "Peter Obi Stan supporter",
            "screen_name": "omoelerinjare",
            "location": "Abuja, Nigeria",
            "url": null,
            "description": "Treat every person no matter his creed or trait, as a special soul, that is the meaning of Humanity. Realist. Typical 🇳🇬.",
            "translator_type": "none",
            "protected": false,
            "verified": false,
            "verified_type": "blue",
            "followers_count": 10614,
            "friends_count": 3719,
            "listed_count": 12,
            "favourites_count": 120196,
            "statuses_count": 45182,
            "created_at": "Tue Sep 04 16:15:16 +0000 2018",
            "utc_offset": null,
            "time_zone": null,
            "geo_enabled": true,
            "lang": null,
            "contributors_enabled": false,
            "is_translator": false,
            "profile_background_color": "F5F8FA",
            "profile_background_image_url": "",
            "profile_background_image_url_https": "",
            "profile_background_tile": false,
            "profile_link_color": "1DA1F2",
            "profile_sidebar_border_color": "C0DEED",
            "profile_sidebar_fill_color": "DDEEF6",
            "profile_text_color": "333333",
            "profile_use_background_image": true,
            "profile_image_url": "http://pbs.twimg.com/profile_images/1538759176112984065/EXzmlbIQ_normal.jpg",
            "profile_image_url_https": "https://pbs.twimg.com/profile_images/1538759176112984065/EXzmlbIQ_normal.jpg",
            "profile_banner_url": "https://pbs.twimg.com/profile_banners/1037011222477123585/1668206742",
            "default_profile": true,
            "default_profile_image": false,
            "following": null,
            "follow_request_sent": null,
            "notifications": null,
            "withheld_in_countries": []
        },
        "geo": null,
        "coordinates": null,
        "place": null,
        "contributors": null,
        "is_quote_status": false,
        "extended_tweet": {
            "full_text": "I thought it was only in Nigeria 🇳🇬 that we display this organic love for Peter Obi, even in London seeee mob!!!! \nPeter Obi is people's choice💯💯💯🇳🇬🇳🇬💫💫🏆🙏 https://t.co/1nDsj9dyBh",
            "display_text_range": [
                0,
                154
            ],
            "entities": {
                "hashtags": [],
                "urls": [],
                "user_mentions": [],
                "symbols": [],
                "media": [
                    {
                        "id": 1615435510352052226,
                        "id_str": "1615435510352052226",
                        "indices": [
                            155,
                            178
                        ],
                        "additional_media_info": {
                            "monetizable": false
                        },
                        "media_url": "http://pbs.twimg.com/ext_tw_video_thumb/1615435510352052226/pu/img/MRTn4noXMBUsLVcs.jpg",
                        "media_url_https": "https://pbs.twimg.com/ext_tw_video_thumb/1615435510352052226/pu/img/MRTn4noXMBUsLVcs.jpg",
                        "url": "https://t.co/1nDsj9dyBh",
                        "display_url": "pic.twitter.com/1nDsj9dyBh",
                        "expanded_url": "https://twitter.com/omoelerinjare/status/1615435603314905088/video/1",
                        "type": "video",
                        "video_info": {
                            "aspect_ratio": [
                                16,
                                9
                            ],
                            "duration_millis": 26539,
                            "variants": [
                                {
                                    "content_type": "application/x-mpegURL",
                                    "url": "https://video.twimg.com/ext_tw_video/1615435510352052226/pu/pl/Qq52mGhbtd127-oV.m3u8?tag=12&container=fmp4"
                                },
                                {
                                    "bitrate": 832000,
                                    "content_type": "video/mp4",
                                    "url": "https://video.twimg.com/ext_tw_video/1615435510352052226/pu/vid/640x360/zgEHHLaBqbMKgeKV.mp4?tag=12"
                                },
                                {
                                    "bitrate": 2176000,
                                    "content_type": "video/mp4",
                                    "url": "https://video.twimg.com/ext_tw_video/1615435510352052226/pu/vid/960x540/sFWEPwquZR8fkbRR.mp4?tag=12"
                                },
                                {
                                    "bitrate": 256000,
                                    "content_type": "video/mp4",
                                    "url": "https://video.twimg.com/ext_tw_video/1615435510352052226/pu/vid/480x270/uZBoSqZ5RQ0H10MP.mp4?tag=12"
                                }
                            ]
                        },
                        "sizes": {
                            "thumb": {
                                "w": 150,
                                "h": 150,
                                "resize": "crop"
                            },
                            "medium": {
                                "w": 960,
                                "h": 540,
                                "resize": "fit"
                            },
                            "small": {
                                "w": 680,
                                "h": 383,
                                "resize": "fit"
                            },
                            "large": {
                                "w": 960,
                                "h": 540,
                                "resize": "fit"
                            }
                        }
                    }
                ]
            },
            "extended_entities": {
                "media": [
                    {
                        "id": 1615435510352052226,
                        "id_str": "1615435510352052226",
                        "indices": [
                            155,
                            178
                        ],
                        "additional_media_info": {
                            "monetizable": false
                        },
                        "media_url": "http://pbs.twimg.com/ext_tw_video_thumb/1615435510352052226/pu/img/MRTn4noXMBUsLVcs.jpg",
                        "media_url_https": "https://pbs.twimg.com/ext_tw_video_thumb/1615435510352052226/pu/img/MRTn4noXMBUsLVcs.jpg",
                        "url": "https://t.co/1nDsj9dyBh",
                        "display_url": "pic.twitter.com/1nDsj9dyBh",
                        "expanded_url": "https://twitter.com/omoelerinjare/status/1615435603314905088/video/1",
                        "type": "video",
                        "video_info": {
                            "aspect_ratio": [
                                16,
                                9
                            ],
                            "duration_millis": 26539,
                            "variants": [
                                {
                                    "content_type": "application/x-mpegURL",
                                    "url": "https://video.twimg.com/ext_tw_video/1615435510352052226/pu/pl/Qq52mGhbtd127-oV.m3u8?tag=12&container=fmp4"
                                },
                                {
                                    "bitrate": 832000,
                                    "content_type": "video/mp4",
                                    "url": "https://video.twimg.com/ext_tw_video/1615435510352052226/pu/vid/640x360/zgEHHLaBqbMKgeKV.mp4?tag=12"
                                },
                                {
                                    "bitrate": 2176000,
                                    "content_type": "video/mp4",
                                    "url": "https://video.twimg.com/ext_tw_video/1615435510352052226/pu/vid/960x540/sFWEPwquZR8fkbRR.mp4?tag=12"
                                },
                                {
                                    "bitrate": 256000,
                                    "content_type": "video/mp4",
                                    "url": "https://video.twimg.com/ext_tw_video/1615435510352052226/pu/vid/480x270/uZBoSqZ5RQ0H10MP.mp4?tag=12"
                                }
                            ]
                        },
                        "sizes": {
                            "thumb": {
                                "w": 150,
                                "h": 150,
                                "resize": "crop"
                            },
                            "medium": {
                                "w": 960,
                                "h": 540,
                                "resize": "fit"
                            },
                            "small": {
                                "w": 680,
                                "h": 383,
                                "resize": "fit"
                            },
                            "large": {
                                "w": 960,
                                "h": 540,
                                "resize": "fit"
                            }
                        }
                    }
                ]
            }
        },
        "quote_count": 32,
        "reply_count": 35,
        "retweet_count": 1119,
        "favorite_count": 2430,
        "entities": {
            "hashtags": [],
            "urls": [
                {
                    "url": "https://t.co/onPDJCA8xP",
                    "expanded_url": "https://twitter.com/i/web/status/1615435603314905088",
                    "display_url": "twitter.com/i/web/status/1…",
                    "indices": [
                        115,
                        138
                    ]
                }
            ],
            "user_mentions": [],
            "symbols": []
        },
        "favorited": false,
        "retweeted": false,
        "possibly_sensitive": false,
        "filter_level": "low",
        "lang": "en"
    },
    "is_quote_status": false,
    "quote_count": 0,
    "reply_count": 0,
    "retweet_count": 0,
    "favorite_count": 0,
    "entities": {
        "hashtags": [],
        "urls": [],
        "user_mentions": [
            {
                "screen_name": "omoelerinjare",
                "name": "Peter Obi Stan supporter",
                "id": 1037011222477123585,
                "id_str": "1037011222477123585",
                "indices": [
                    3,
                    17
                ]
            }
        ],
        "symbols": []
    },
    "favorited": false,
    "retweeted": false,
    "filter_level": "low",
    "lang": "en",
    "timestamp_ms": "1674023866321"
}