{
    "created_at": "Wed Jan 18 06:37:42 +0000 2023",
    "id": 1615599294232334338,
    "id_str": "1615599294232334338",
    "text": "RT @secrettory12: We need to stop the dinghies. What if small boats full of Met policemen start using the Thames to sail out of London and…",
    "source": "<a href=\"https://about.twitter.com/products/tweetdeck\" rel=\"nofollow\">TweetDeck</a>",
    "truncated": false,
    "in_reply_to_status_id": null,
    "in_reply_to_status_id_str": null,
    "in_reply_to_user_id": null,
    "in_reply_to_user_id_str": null,
    "in_reply_to_screen_name": null,
    "user": {
        "id": 401460432,
        "id_str": "401460432",
        "name": "Mark Simmons",
        "screen_name": "MarkDSimmons",
        "location": "Here, mostly.",
        "url": null,
        "description": "An eternal idealist, utopian. Often disappointed. Be nice. He/him.\n@MarkDSimmons@mastodon.social",
        "translator_type": "none",
        "protected": false,
        "verified": false,
        "verified_type": "blue",
        "followers_count": 344,
        "friends_count": 1202,
        "listed_count": 13,
        "favourites_count": 126518,
        "statuses_count": 104682,
        "created_at": "Sun Oct 30 15:42:57 +0000 2011",
        "utc_offset": null,
        "time_zone": null,
        "geo_enabled": false,
        "lang": null,
        "contributors_enabled": false,
        "is_translator": false,
        "profile_background_color": "C0DEED",
        "profile_background_image_url": "http://abs.twimg.com/images/themes/theme1/bg.png",
        "profile_background_image_url_https": "https://abs.twimg.com/images/themes/theme1/bg.png",
        "profile_background_tile": false,
        "profile_link_color": "1DA1F2",
        "profile_sidebar_border_color": "C0DEED",
        "profile_sidebar_fill_color": "DDEEF6",
        "profile_text_color": "333333",
        "profile_use_background_image": true,
        "profile_image_url": "http://pbs.twimg.com/profile_images/2633411958/610acf21fae95a5c5bdb96a86d3234e4_normal.jpeg",
        "profile_image_url_https": "https://pbs.twimg.com/profile_images/2633411958/610acf21fae95a5c5bdb96a86d3234e4_normal.jpeg",
        "default_profile": true,
        "default_profile_image": false,
        "following": null,
        "follow_request_sent": null,
        "notifications": null,
        "withheld_in_countries": []
    },
    "geo": null,
    "coordinates": null,
    "place": null,
    "contributors": null,
    "retweeted_status": {
        "created_at": "Tue Jan 17 14:47:10 +0000 2023",
        "id": 1615360083961212933,
        "id_str": "1615360083961212933",
        "text": "We need to stop the dinghies. What if small boats full of Met policemen start using the Thames to sail out of Londo… https://t.co/z6dFL3Y0YW",
        "display_text_range": [
            0,
            140
        ],
        "source": "<a href=\"https://mobile.twitter.com\" rel=\"nofollow\">Twitter Web App</a>",
        "truncated": true,
        "in_reply_to_status_id": null,
        "in_reply_to_status_id_str": null,
        "in_reply_to_user_id": null,
        "in_reply_to_user_id_str": null,
        "in_reply_to_screen_name": null,
        "user": {
            "id": 1113898497357623296,
            "id_str": "1113898497357623296",
            "name": "THE SECRET TORY 🇬🇧",
            "screen_name": "secrettory12",
            "location": "The Tory Benches",
            "url": null,
            "description": "🇬🇧Anonymous Tory MP🥸\n\nThe Diary of a Secret Tory MP:\n\n'Made me sweat'\n\nPrince Andrew\n\n👉http://smarturl.it/secrettory\n\nOUT NOW",
            "translator_type": "none",
            "protected": false,
            "verified": false,
            "verified_type": "blue",
            "followers_count": 177103,
            "friends_count": 5592,
            "listed_count": 348,
            "favourites_count": 130782,
            "statuses_count": 42753,
            "created_at": "Thu Apr 04 20:17:51 +0000 2019",
            "utc_offset": null,
            "time_zone": null,
            "geo_enabled": true,
            "lang": null,
            "contributors_enabled": false,
            "is_translator": false,
            "profile_background_color": "F5F8FA",
            "profile_background_image_url": "",
            "profile_background_image_url_https": "",
            "profile_background_tile": false,
            "profile_link_color": "1DA1F2",
            "profile_sidebar_border_color": "C0DEED",
            "profile_sidebar_fill_color": "DDEEF6",
            "profile_text_color": "333333",
            "profile_use_background_image": true,
            "profile_image_url": "http://pbs.twimg.com/profile_images/1547612481530449922/fHrNk1oH_normal.jpg",
            "profile_image_url_https": "https://pbs.twimg.com/profile_images/1547612481530449922/fHrNk1oH_normal.jpg",
            "profile_banner_url": "https://pbs.twimg.com/profile_banners/1113898497357623296/1664464341",
            "default_profile": true,
            "default_profile_image": false,
            "following": null,
            "follow_request_sent": null,
            "notifications": null,
            "withheld_in_countries": []
        },
        "geo": null,
        "coordinates": null,
        "place": null,
        "contributors": null,
        "is_quote_status": false,
        "extended_tweet": {
            "full_text": "We need to stop the dinghies. What if small boats full of Met policemen start using the Thames to sail out of London and unleash a UK wide crimewave? https://t.co/qf8INeiXh5",
            "display_text_range": [
                0,
                149
            ],
            "entities": {
                "hashtags": [],
                "urls": [],
                "user_mentions": [],
                "symbols": [],
                "media": [
                    {
                        "id": 1615359860073271297,
                        "id_str": "1615359860073271297",
                        "indices": [
                            150,
                            173
                        ],
                        "media_url": "http://pbs.twimg.com/media/FmrpO_QXkAEoDWK.jpg",
                        "media_url_https": "https://pbs.twimg.com/media/FmrpO_QXkAEoDWK.jpg",
                        "url": "https://t.co/qf8INeiXh5",
                        "display_url": "pic.twitter.com/qf8INeiXh5",
                        "expanded_url": "https://twitter.com/secrettory12/status/1615360083961212933/photo/1",
                        "type": "photo",
                        "sizes": {
                            "thumb": {
                                "w": 150,
                                "h": 150,
                                "resize": "crop"
                            },
                            "medium": {
                                "w": 680,
                                "h": 510,
                                "resize": "fit"
                            },
                            "large": {
                                "w": 680,
                                "h": 510,
                                "resize": "fit"
                            },
                            "small": {
                                "w": 680,
                                "h": 510,
                                "resize": "fit"
                            }
                        }
                    }
                ]
            },
            "extended_entities": {
                "media": [
                    {
                        "id": 1615359860073271297,
                        "id_str": "1615359860073271297",
                        "indices": [
                            150,
                            173
                        ],
                        "media_url": "http://pbs.twimg.com/media/FmrpO_QXkAEoDWK.jpg",
                        "media_url_https": "https://pbs.twimg.com/media/FmrpO_QXkAEoDWK.jpg",
                        "url": "https://t.co/qf8INeiXh5",
                        "display_url": "pic.twitter.com/qf8INeiXh5",
                        "expanded_url": "https://twitter.com/secrettory12/status/1615360083961212933/photo/1",
                        "type": "photo",
                        "sizes": {
                            "thumb": {
                                "w": 150,
                                "h": 150,
                                "resize": "crop"
                            },
                            "medium": {
                                "w": 680,
                                "h": 510,
                                "resize": "fit"
                            },
                            "large": {
                                "w": 680,
                                "h": 510,
                                "resize": "fit"
                            },
                            "small": {
                                "w": 680,
                                "h": 510,
                                "resize": "fit"
                            }
                        }
                    }
                ]
            }
        },
        "quote_count": 0,
        "reply_count": 10,
        "retweet_count": 29,
        "favorite_count": 249,
        "entities": {
            "hashtags": [],
            "urls": [
                {
                    "url": "https://t.co/z6dFL3Y0YW",
                    "expanded_url": "https://twitter.com/i/web/status/1615360083961212933",
                    "display_url": "twitter.com/i/web/status/1…",
                    "indices": [
                        117,
                        140
                    ]
                }
            ],
            "user_mentions": [],
            "symbols": []
        },
        "favorited": false,
        "retweeted": false,
        "possibly_sensitive": false,
        "filter_level": "low",
        "lang": "en"
    },
    "is_quote_status": false,
    "quote_count": 0,
    "reply_count": 0,
    "retweet_count": 0,
    "favorite_count": 0,
    "entities": {
        "hashtags": [],
        "urls": [],
        "user_mentions": [
            {
                "screen_name": "secrettory12",
                "name": "THE SECRET TORY 🇬🇧",
                "id": 1113898497357623296,
                "id_str": "1113898497357623296",
                "indices": [
                    3,
                    16
                ]
            }
        ],
        "symbols": []
    },
    "favorited": false,
    "retweeted": false,
    "filter_level": "low",
    "lang": "en",
    "timestamp_ms": "1674023862785"
}