{
    "created_at": "Wed Jan 18 06:37:51 +0000 2023",
    "id": 1615599331431649280,
    "id_str": "1615599331431649280",
    "text": "@V_Midnite @PaulTempleman6 No, the point is that BoJo promised the money but it never arrived. Perhaps, given the G… https://t.co/wrpEBJ7hsn",
    "display_text_range": [
        27,
        140
    ],
    "source": "<a href=\"https://about.twitter.com/products/tweetdeck\" rel=\"nofollow\">TweetDeck</a>",
    "truncated": true,
    "in_reply_to_status_id": 1615430609131692051,
    "in_reply_to_status_id_str": "1615430609131692051",
    "in_reply_to_user_id": 1343907149160865792,
    "in_reply_to_user_id_str": "1343907149160865792",
    "in_reply_to_screen_name": "V_Midnite",
    "user": {
        "id": 41617820,
        "id_str": "41617820",
        "name": "Mike Hill",
        "screen_name": "meadowend",
        "location": "England",
        "url": "http://www.meadowend.com",
        "description": "Retired tech marketer & rower. Cycle, ski, sing and grow herbs & vegetables. Proud Brummie & proud European. #KRO 🐘 https://mastodon.sdf.org/@meadowend",
        "translator_type": "none",
        "protected": false,
        "verified": false,
        "verified_type": "blue",
        "followers_count": 765,
        "friends_count": 1148,
        "listed_count": 40,
        "favourites_count": 83019,
        "statuses_count": 20391,
        "created_at": "Thu May 21 16:20:27 +0000 2009",
        "utc_offset": null,
        "time_zone": null,
        "geo_enabled": true,
        "lang": null,
        "contributors_enabled": false,
        "is_translator": false,
        "profile_background_color": "C6E2EE",
        "profile_background_image_url": "http://abs.twimg.com/images/themes/theme2/bg.gif",
        "profile_background_image_url_https": "https://abs.twimg.com/images/themes/theme2/bg.gif",
        "profile_background_tile": false,
        "profile_link_color": "1F98C7",
        "profile_sidebar_border_color": "C6E2EE",
        "profile_sidebar_fill_color": "DAECF4",
        "profile_text_color": "663B12",
        "profile_use_background_image": true,
        "profile_image_url": "http://pbs.twimg.com/profile_images/1411444636137279491/k1ASaDad_normal.jpg",
        "profile_image_url_https": "https://pbs.twimg.com/profile_images/1411444636137279491/k1ASaDad_normal.jpg",
        "profile_banner_url": "https://pbs.twimg.com/profile_banners/41617820/1565088543",
        "default_profile": false,
        "default_profile_image": false,
        "following": null,
        "follow_request_sent": null,
        "notifications": null,
        "withheld_in_countries": []
    },
    "geo": null,
    "coordinates": null,
    "place": null,
    "contributors": null,
    "is_quote_status": false,
    "extended_tweet": {
        "full_text": "@V_Midnite @PaulTempleman6 No, the point is that BoJo promised the money but it never arrived. Perhaps, given the Govt's track record on other investments (OneWeb satellites for example), this has saved £100m",
        "display_text_range": [
            27,
            208
        ],
        "entities": {
            "hashtags": [],
            "urls": [],
            "user_mentions": [
                {
                    "screen_name": "V_Midnite",
                    "name": "V. Midnite",
                    "id": 1343907149160865792,
                    "id_str": "1343907149160865792",
                    "indices": [
                        0,
                        10
                    ]
                },
                {
                    "screen_name": "PaulTempleman6",
                    "name": "Citizen Paul Templeman (Falafel Male) #FBPE",
                    "id": 1257712088031559682,
                    "id_str": "1257712088031559682",
                    "indices": [
                        11,
                        26
                    ]
                }
            ],
            "symbols": []
        }
    },
    "quote_count": 0,
    "reply_count": 0,
    "retweet_count": 0,
    "favorite_count": 0,
    "entities": {
        "hashtags": [],
        "urls": [
            {
                "url": "https://t.co/wrpEBJ7hsn",
                "expanded_url": "https://twitter.com/i/web/status/1615599331431649280",
                "display_url": "twitter.com/i/web/status/1…",
                "indices": [
                    117,
                    140
                ]
            }
        ],
        "user_mentions": [
            {
                "screen_name": "V_Midnite",
                "name": "V. Midnite",
                "id": 1343907149160865792,
                "id_str": "1343907149160865792",
                "indices": [
                    0,
                    10
                ]
            },
            {
                "screen_name": "PaulTempleman6",
                "name": "Citizen Paul Templeman (Falafel Male) #FBPE",
                "id": 1257712088031559682,
                "id_str": "1257712088031559682",
                "indices": [
                    11,
                    26
                ]
            }
        ],
        "symbols": []
    },
    "favorited": false,
    "retweeted": false,
    "filter_level": "low",
    "lang": "en",
    "timestamp_ms": "1674023871654"
}