{
    "created_at": "Wed Jan 18 06:37:42 +0000 2023",
    "id": 1615599291359236099,
    "id_str": "1615599291359236099",
    "text": "RT @Natikaetal: Sex and Pregnancy https://t.co/qlE0vFKMY3 great article and very informative. Check it out on the website and why not give…",
    "source": "<a href=\"http://twitter.com/download/iphone\" rel=\"nofollow\">Twitter for iPhone</a>",
    "truncated": false,
    "in_reply_to_status_id": null,
    "in_reply_to_status_id_str": null,
    "in_reply_to_user_id": null,
    "in_reply_to_user_id_str": null,
    "in_reply_to_screen_name": null,
    "user": {
        "id": 1549146110,
        "id_str": "1549146110",
        "name": "Naomi Sutton",
        "screen_name": "DrNaomiSutton",
        "location": "Sheffield, England",
        "url": "https://www.youbeforetwo.co.uk/the-fundamentals/",
        "description": "Consultant Physician #sexualhealth TV doctor #TheSexClinic. @savinglivesuk trustee. @eveappeal and @fparesources ambassador. UK Board Member @outspokensex_ed",
        "translator_type": "none",
        "protected": false,
        "verified": false,
        "verified_type": "blue",
        "followers_count": 2857,
        "friends_count": 1482,
        "listed_count": 9,
        "favourites_count": 7166,
        "statuses_count": 4461,
        "created_at": "Wed Jun 26 21:30:05 +0000 2013",
        "utc_offset": null,
        "time_zone": null,
        "geo_enabled": true,
        "lang": null,
        "contributors_enabled": false,
        "is_translator": false,
        "profile_background_color": "C0DEED",
        "profile_background_image_url": "http://abs.twimg.com/images/themes/theme1/bg.png",
        "profile_background_image_url_https": "https://abs.twimg.com/images/themes/theme1/bg.png",
        "profile_background_tile": false,
        "profile_link_color": "1DA1F2",
        "profile_sidebar_border_color": "C0DEED",
        "profile_sidebar_fill_color": "DDEEF6",
        "profile_text_color": "333333",
        "profile_use_background_image": true,
        "profile_image_url": "http://pbs.twimg.com/profile_images/1162067762094780417/HCdYn6wN_normal.jpg",
        "profile_image_url_https": "https://pbs.twimg.com/profile_images/1162067762094780417/HCdYn6wN_normal.jpg",
        "profile_banner_url": "https://pbs.twimg.com/profile_banners/1549146110/1643975572",
        "default_profile": true,
        "default_profile_image": false,
        "following": null,
        "follow_request_sent": null,
        "notifications": null,
        "withheld_in_countries": []
    },
    "geo": null,
    "coordinates": null,
    "place": null,
    "contributors": null,
    "retweeted_status": {
        "created_at": "Tue Jan 17 21:50:34 +0000 2023",
        "id": 1615466635309064200,
        "id_str": "1615466635309064200",
        "text": "Sex and Pregnancy https://t.co/qlE0vFKMY3 great article and very informative. Check it out on the website and why n… https://t.co/urnZiniqZj",
        "source": "<a href=\"http://twitter.com/download/iphone\" rel=\"nofollow\">Twitter for iPhone</a>",
        "truncated": true,
        "in_reply_to_status_id": null,
        "in_reply_to_status_id_str": null,
        "in_reply_to_user_id": null,
        "in_reply_to_user_id_str": null,
        "in_reply_to_screen_name": null,
        "user": {
            "id": 953309660,
            "id_str": "953309660",
            "name": "NATika Handan Ahmet-HA! H",
            "screen_name": "Natikaetal",
            "location": "London",
            "url": "http://www.nomads.org",
            "description": "@nomads #kindnessprojekt;#protectionprojekt; #voicesprojekt;🙏🏼#FireQueen🖤🧡🤍Heritage Lead @TccaHaringey SRH Matters ED/Project Manager http://fpa.org.uk",
            "translator_type": "none",
            "protected": false,
            "verified": false,
            "verified_type": "blue",
            "followers_count": 1747,
            "friends_count": 5001,
            "listed_count": 22,
            "favourites_count": 4221,
            "statuses_count": 8305,
            "created_at": "Sat Nov 17 10:19:36 +0000 2012",
            "utc_offset": null,
            "time_zone": null,
            "geo_enabled": true,
            "lang": null,
            "contributors_enabled": false,
            "is_translator": false,
            "profile_background_color": "000000",
            "profile_background_image_url": "http://abs.twimg.com/images/themes/theme1/bg.png",
            "profile_background_image_url_https": "https://abs.twimg.com/images/themes/theme1/bg.png",
            "profile_background_tile": false,
            "profile_link_color": "981CEB",
            "profile_sidebar_border_color": "000000",
            "profile_sidebar_fill_color": "000000",
            "profile_text_color": "000000",
            "profile_use_background_image": false,
            "profile_image_url": "http://pbs.twimg.com/profile_images/1599177910455336962/roG4PjbI_normal.jpg",
            "profile_image_url_https": "https://pbs.twimg.com/profile_images/1599177910455336962/roG4PjbI_normal.jpg",
            "profile_banner_url": "https://pbs.twimg.com/profile_banners/953309660/1670108711",
            "default_profile": false,
            "default_profile_image": false,
            "following": null,
            "follow_request_sent": null,
            "notifications": null,
            "withheld_in_countries": []
        },
        "geo": null,
        "coordinates": null,
        "place": null,
        "contributors": null,
        "is_quote_status": false,
        "extended_tweet": {
            "full_text": "Sex and Pregnancy https://t.co/qlE0vFKMY3 great article and very informative. Check it out on the website and why not give @FPA_Company a cheeky little follow! Article written by the fabulous @DrNaomiSutton #afterchildbirth #childbirth #maternity #pregnancy #sexualhealth",
            "display_text_range": [
                0,
                271
            ],
            "entities": {
                "hashtags": [
                    {
                        "text": "afterchildbirth",
                        "indices": [
                            207,
                            223
                        ]
                    },
                    {
                        "text": "childbirth",
                        "indices": [
                            224,
                            235
                        ]
                    },
                    {
                        "text": "maternity",
                        "indices": [
                            236,
                            246
                        ]
                    },
                    {
                        "text": "pregnancy",
                        "indices": [
                            247,
                            257
                        ]
                    },
                    {
                        "text": "sexualhealth",
                        "indices": [
                            258,
                            271
                        ]
                    }
                ],
                "urls": [
                    {
                        "url": "https://t.co/qlE0vFKMY3",
                        "expanded_url": "https://www.fpa.org.uk/sex-pregnancy/",
                        "display_url": "fpa.org.uk/sex-pregnancy/",
                        "indices": [
                            18,
                            41
                        ]
                    }
                ],
                "user_mentions": [
                    {
                        "screen_name": "FPA_Company",
                        "name": "FPA Company",
                        "id": 438278322,
                        "id_str": "438278322",
                        "indices": [
                            123,
                            135
                        ]
                    },
                    {
                        "screen_name": "DrNaomiSutton",
                        "name": "Naomi Sutton",
                        "id": 1549146110,
                        "id_str": "1549146110",
                        "indices": [
                            192,
                            206
                        ]
                    }
                ],
                "symbols": []
            }
        },
        "quote_count": 0,
        "reply_count": 0,
        "retweet_count": 1,
        "favorite_count": 2,
        "entities": {
            "hashtags": [],
            "urls": [
                {
                    "url": "https://t.co/qlE0vFKMY3",
                    "expanded_url": "https://www.fpa.org.uk/sex-pregnancy/",
                    "display_url": "fpa.org.uk/sex-pregnancy/",
                    "indices": [
                        18,
                        41
                    ]
                },
                {
                    "url": "https://t.co/urnZiniqZj",
                    "expanded_url": "https://twitter.com/i/web/status/1615466635309064200",
                    "display_url": "twitter.com/i/web/status/1…",
                    "indices": [
                        117,
                        140
                    ]
                }
            ],
            "user_mentions": [],
            "symbols": []
        },
        "favorited": false,
        "retweeted": false,
        "possibly_sensitive": false,
        "filter_level": "low",
        "lang": "en"
    },
    "is_quote_status": false,
    "quote_count": 0,
    "reply_count": 0,
    "retweet_count": 0,
    "favorite_count": 0,
    "entities": {
        "hashtags": [],
        "urls": [
            {
                "url": "https://t.co/qlE0vFKMY3",
                "expanded_url": "https://www.fpa.org.uk/sex-pregnancy/",
                "display_url": "fpa.org.uk/sex-pregnancy/",
                "indices": [
                    34,
                    57
                ]
            }
        ],
        "user_mentions": [
            {
                "screen_name": "Natikaetal",
                "name": "NATika Handan Ahmet-HA! H",
                "id": 953309660,
                "id_str": "953309660",
                "indices": [
                    3,
                    14
                ]
            }
        ],
        "symbols": []
    },
    "favorited": false,
    "retweeted": false,
    "possibly_sensitive": false,
    "filter_level": "low",
    "lang": "en",
    "timestamp_ms": "1674023862100"
}