{
    "created_at": "Wed Jan 18 06:37:52 +0000 2023",
    "id": 1615599333365129216,
    "id_str": "1615599333365129216",
    "text": "SURELY ELON MUSK IS NOT “OFF HIS ROCKER”!\nProspective jurors in a civil lawsuit against Elon Musk have expressed mi… https://t.co/xYVw4SUtP8",
    "source": "<a href=\"http://twitter.com/download/iphone\" rel=\"nofollow\">Twitter for iPhone</a>",
    "truncated": true,
    "in_reply_to_status_id": null,
    "in_reply_to_status_id_str": null,
    "in_reply_to_user_id": null,
    "in_reply_to_user_id_str": null,
    "in_reply_to_screen_name": null,
    "user": {
        "id": 297443753,
        "id_str": "297443753",
        "name": "Thus Spake",
        "screen_name": "thus_spake",
        "location": "England, Great Britain.",
        "url": null,
        "description": "While keeping the world better informed, rendering personal reflections on day-to-day happenings on this planet — and beyond!",
        "translator_type": "none",
        "protected": false,
        "verified": false,
        "verified_type": "blue",
        "followers_count": 2180,
        "friends_count": 671,
        "listed_count": 426,
        "favourites_count": 435,
        "statuses_count": 1814253,
        "created_at": "Thu May 12 14:37:23 +0000 2011",
        "utc_offset": null,
        "time_zone": null,
        "geo_enabled": false,
        "lang": null,
        "contributors_enabled": false,
        "is_translator": false,
        "profile_background_color": "131516",
        "profile_background_image_url": "http://abs.twimg.com/images/themes/theme14/bg.gif",
        "profile_background_image_url_https": "https://abs.twimg.com/images/themes/theme14/bg.gif",
        "profile_background_tile": false,
        "profile_link_color": "009999",
        "profile_sidebar_border_color": "EEEEEE",
        "profile_sidebar_fill_color": "EFEFEF",
        "profile_text_color": "333333",
        "profile_use_background_image": true,
        "profile_image_url": "http://pbs.twimg.com/profile_images/884437361509236736/QqtNYDEB_normal.jpg",
        "profile_image_url_https": "https://pbs.twimg.com/profile_images/884437361509236736/QqtNYDEB_normal.jpg",
        "profile_banner_url": "https://pbs.twimg.com/profile_banners/297443753/1499764808",
        "default_profile": false,
        "default_profile_image": false,
        "following": null,
        "follow_request_sent": null,
        "notifications": null,
        "withheld_in_countries": []
    },
    "geo": null,
    "coordinates": null,
    "place": null,
    "contributors": null,
    "is_quote_status": false,
    "extended_tweet": {
        "full_text": "SURELY ELON MUSK IS NOT “OFF HIS ROCKER”!\nProspective jurors in a civil lawsuit against Elon Musk have expressed mixed views of the Tesla boss, with some calling him smart and others saying he is \"off his rocker\".\n\nhttps://t.co/pZ0RBiIXhZ",
        "display_text_range": [
            0,
            238
        ],
        "entities": {
            "hashtags": [],
            "urls": [
                {
                    "url": "https://t.co/pZ0RBiIXhZ",
                    "expanded_url": "https://www.bbc.co.uk/news/world-us-canada-64293744",
                    "display_url": "bbc.co.uk/news/world-us-…",
                    "indices": [
                        215,
                        238
                    ]
                }
            ],
            "user_mentions": [],
            "symbols": []
        }
    },
    "quote_count": 0,
    "reply_count": 0,
    "retweet_count": 0,
    "favorite_count": 0,
    "entities": {
        "hashtags": [],
        "urls": [
            {
                "url": "https://t.co/xYVw4SUtP8",
                "expanded_url": "https://twitter.com/i/web/status/1615599333365129216",
                "display_url": "twitter.com/i/web/status/1…",
                "indices": [
                    117,
                    140
                ]
            }
        ],
        "user_mentions": [],
        "symbols": []
    },
    "favorited": false,
    "retweeted": false,
    "possibly_sensitive": false,
    "filter_level": "low",
    "lang": "en",
    "timestamp_ms": "1674023872115"
}