{
    "created_at": "Wed Jan 18 06:37:44 +0000 2023",
    "id": 1615599301291294720,
    "id_str": "1615599301291294720",
    "text": "RT @Reuters: As hundreds of millions of Chinese travel to reunite with families for the Lunar New Year holiday starting Jan. 21, many will…",
    "source": "<a href=\"http://twitter.com/download/android\" rel=\"nofollow\">Twitter for Android</a>",
    "truncated": false,
    "in_reply_to_status_id": null,
    "in_reply_to_status_id_str": null,
    "in_reply_to_user_id": null,
    "in_reply_to_user_id_str": null,
    "in_reply_to_screen_name": null,
    "user": {
        "id": 1612639225521885184,
        "id_str": "1612639225521885184",
        "name": "Ibrahim Muhammad Ali",
        "screen_name": "Ibrahim37644135",
        "location": null,
        "url": null,
        "description": null,
        "translator_type": "none",
        "protected": false,
        "verified": false,
        "verified_type": "blue",
        "followers_count": 22,
        "friends_count": 428,
        "listed_count": 0,
        "favourites_count": 83,
        "statuses_count": 2004,
        "created_at": "Tue Jan 10 02:37:19 +0000 2023",
        "utc_offset": null,
        "time_zone": null,
        "geo_enabled": true,
        "lang": null,
        "contributors_enabled": false,
        "is_translator": false,
        "profile_background_color": "F5F8FA",
        "profile_background_image_url": "",
        "profile_background_image_url_https": "",
        "profile_background_tile": false,
        "profile_link_color": "1DA1F2",
        "profile_sidebar_border_color": "C0DEED",
        "profile_sidebar_fill_color": "DDEEF6",
        "profile_text_color": "333333",
        "profile_use_background_image": true,
        "profile_image_url": "http://pbs.twimg.com/profile_images/1612897373436395520/7Y3lLXhG_normal.jpg",
        "profile_image_url_https": "https://pbs.twimg.com/profile_images/1612897373436395520/7Y3lLXhG_normal.jpg",
        "default_profile": true,
        "default_profile_image": false,
        "following": null,
        "follow_request_sent": null,
        "notifications": null,
        "withheld_in_countries": []
    },
    "geo": null,
    "coordinates": null,
    "place": null,
    "contributors": null,
    "retweeted_status": {
        "created_at": "Wed Jan 18 06:10:46 +0000 2023",
        "id": 1615592516950056964,
        "id_str": "1615592516950056964",
        "text": "As hundreds of millions of Chinese travel to reunite with families for the Lunar New Year holiday starting Jan. 21,… https://t.co/X0421dnJBu",
        "source": "<a href=\"http://www.socialflow.com\" rel=\"nofollow\">SocialFlow</a>",
        "truncated": true,
        "in_reply_to_status_id": null,
        "in_reply_to_status_id_str": null,
        "in_reply_to_user_id": null,
        "in_reply_to_user_id_str": null,
        "in_reply_to_screen_name": null,
        "user": {
            "id": 1652541,
            "id_str": "1652541",
            "name": "Reuters",
            "screen_name": "Reuters",
            "location": "Around the world",
            "url": "http://www.reuters.com",
            "description": "Top and breaking news, pictures and videos from Reuters. For more breaking business news, follow @ReutersBiz.",
            "translator_type": "regular",
            "protected": false,
            "verified": true,
            "verified_type": "business",
            "followers_count": 25710396,
            "friends_count": 1230,
            "listed_count": 135995,
            "favourites_count": 742,
            "statuses_count": 962459,
            "created_at": "Tue Mar 20 17:46:05 +0000 2007",
            "utc_offset": null,
            "time_zone": null,
            "geo_enabled": false,
            "lang": null,
            "contributors_enabled": false,
            "is_translator": false,
            "profile_background_color": "444444",
            "profile_background_image_url": "http://abs.twimg.com/images/themes/theme1/bg.png",
            "profile_background_image_url_https": "https://abs.twimg.com/images/themes/theme1/bg.png",
            "profile_background_tile": false,
            "profile_link_color": "006F97",
            "profile_sidebar_border_color": "000000",
            "profile_sidebar_fill_color": "F5F5F5",
            "profile_text_color": "000000",
            "profile_use_background_image": true,
            "profile_image_url": "http://pbs.twimg.com/profile_images/1194751949821939712/3VBu4_Sa_normal.jpg",
            "profile_image_url_https": "https://pbs.twimg.com/profile_images/1194751949821939712/3VBu4_Sa_normal.jpg",
            "profile_banner_url": "https://pbs.twimg.com/profile_banners/1652541/1573687397",
            "default_profile": false,
            "default_profile_image": false,
            "following": null,
            "follow_request_sent": null,
            "notifications": null,
            "withheld_in_countries": []
        },
        "geo": null,
        "coordinates": null,
        "place": null,
        "contributors": null,
        "is_quote_status": false,
        "extended_tweet": {
            "full_text": "As hundreds of millions of Chinese travel to reunite with families for the Lunar New Year holiday starting Jan. 21, many will do so after mourning relatives who died in the COVID wave that has raged across the world's largest population https://t.co/Y2ArCUYJGi",
            "display_text_range": [
                0,
                260
            ],
            "entities": {
                "hashtags": [],
                "urls": [
                    {
                        "url": "https://t.co/Y2ArCUYJGi",
                        "expanded_url": "https://reut.rs/3Hd8WxT",
                        "display_url": "reut.rs/3Hd8WxT",
                        "indices": [
                            237,
                            260
                        ]
                    }
                ],
                "user_mentions": [],
                "symbols": []
            }
        },
        "quote_count": 1,
        "reply_count": 9,
        "retweet_count": 17,
        "favorite_count": 40,
        "entities": {
            "hashtags": [],
            "urls": [
                {
                    "url": "https://t.co/X0421dnJBu",
                    "expanded_url": "https://twitter.com/i/web/status/1615592516950056964",
                    "display_url": "twitter.com/i/web/status/1…",
                    "indices": [
                        117,
                        140
                    ]
                }
            ],
            "user_mentions": [],
            "symbols": []
        },
        "favorited": false,
        "retweeted": false,
        "possibly_sensitive": false,
        "filter_level": "low",
        "lang": "en"
    },
    "is_quote_status": false,
    "quote_count": 0,
    "reply_count": 0,
    "retweet_count": 0,
    "favorite_count": 0,
    "entities": {
        "hashtags": [],
        "urls": [],
        "user_mentions": [
            {
                "screen_name": "Reuters",
                "name": "Reuters",
                "id": 1652541,
                "id_str": "1652541",
                "indices": [
                    3,
                    11
                ]
            }
        ],
        "symbols": []
    },
    "favorited": false,
    "retweeted": false,
    "filter_level": "low",
    "lang": "en",
    "timestamp_ms": "1674023864468"
}