{
    "created_at": "Wed Jan 18 06:37:50 +0000 2023",
    "id": 1615599327023349761,
    "id_str": "1615599327023349761",
    "text": "discord server leak discord server leak leaks telegram onlyfans leaked content teen content mega leak\nht@tps://nitr… https://t.co/wV62bAurJi",
    "source": "<a href=\"https://mobile.twitter.com\" rel=\"nofollow\">Twitter Web App</a>",
    "truncated": true,
    "in_reply_to_status_id": null,
    "in_reply_to_status_id_str": null,
    "in_reply_to_user_id": null,
    "in_reply_to_user_id_str": null,
    "in_reply_to_screen_name": null,
    "user": {
        "id": 3809048297,
        "id_str": "3809048297",
        "name": "leaked. cp. discord. leaks.teen. video. cp",
        "screen_name": "matias109937756",
        "location": null,
        "url": null,
        "description": null,
        "translator_type": "none",
        "protected": false,
        "verified": false,
        "verified_type": "blue",
        "followers_count": 8,
        "friends_count": 120,
        "listed_count": 0,
        "favourites_count": 26,
        "statuses_count": 264,
        "created_at": "Tue Sep 29 00:22:42 +0000 2015",
        "utc_offset": null,
        "time_zone": null,
        "geo_enabled": false,
        "lang": null,
        "contributors_enabled": false,
        "is_translator": false,
        "profile_background_color": "C0DEED",
        "profile_background_image_url": "http://abs.twimg.com/images/themes/theme1/bg.png",
        "profile_background_image_url_https": "https://abs.twimg.com/images/themes/theme1/bg.png",
        "profile_background_tile": false,
        "profile_link_color": "1DA1F2",
        "profile_sidebar_border_color": "C0DEED",
        "profile_sidebar_fill_color": "DDEEF6",
        "profile_text_color": "333333",
        "profile_use_background_image": true,
        "profile_image_url": "http://pbs.twimg.com/profile_images/1606024268583673868/T1W95u6B_normal.jpg",
        "profile_image_url_https": "https://pbs.twimg.com/profile_images/1606024268583673868/T1W95u6B_normal.jpg",
        "profile_banner_url": "https://pbs.twimg.com/profile_banners/3809048297/1671741003",
        "default_profile": true,
        "default_profile_image": false,
        "following": null,
        "follow_request_sent": null,
        "notifications": null,
        "withheld_in_countries": []
    },
    "geo": null,
    "coordinates": null,
    "place": null,
    "contributors": null,
    "is_quote_status": false,
    "extended_tweet": {
        "full_text": "discord server leak discord server leak leaks telegram onlyfans leaked content teen content mega leak\nht@tps://nitrivieksz.uk \n \n 1674023870.3802783",
        "display_text_range": [
            0,
            148
        ],
        "entities": {
            "hashtags": [],
            "urls": [],
            "user_mentions": [],
            "symbols": []
        }
    },
    "quote_count": 0,
    "reply_count": 0,
    "retweet_count": 0,
    "favorite_count": 0,
    "entities": {
        "hashtags": [],
        "urls": [
            {
                "url": "https://t.co/wV62bAurJi",
                "expanded_url": "https://twitter.com/i/web/status/1615599327023349761",
                "display_url": "twitter.com/i/web/status/1…",
                "indices": [
                    117,
                    140
                ]
            }
        ],
        "user_mentions": [],
        "symbols": []
    },
    "favorited": false,
    "retweeted": false,
    "filter_level": "low",
    "lang": "en",
    "timestamp_ms": "1674023870603"
}