{
    "created_at": "Wed Jan 18 06:37:41 +0000 2023",
    "id": 1615599289673330688,
    "id_str": "1615599289673330688",
    "text": "RT @falloutboy: The story begins tomorrow. \n\nLove From The Other Side\n\nJANUARY 18TH \n\nBerlin - 4pm CEST\nLondon - 3pm GMT\nCape Town - 5pm SA…",
    "source": "<a href=\"http://twitter.com/download/iphone\" rel=\"nofollow\">Twitter for iPhone</a>",
    "truncated": false,
    "in_reply_to_status_id": null,
    "in_reply_to_status_id_str": null,
    "in_reply_to_user_id": null,
    "in_reply_to_user_id_str": null,
    "in_reply_to_screen_name": null,
    "user": {
        "id": 828365334788894722,
        "id_str": "828365334788894722",
        "name": "kait",
        "screen_name": "hellocupkait",
        "location": "chicago / she/her/hers",
        "url": "https://linktr.ee/hellocupkait",
        "description": "watch a filipina slay in nerd stuff 🇵🇭🤟🏽| animation & voiceover✨ | CCC’23 🌟 | 1/2 of @the1224podcast | pfp by @poppliy, header by @ghostmouthart",
        "translator_type": "none",
        "protected": false,
        "verified": false,
        "verified_type": "blue",
        "followers_count": 2892,
        "friends_count": 1398,
        "listed_count": 25,
        "favourites_count": 27913,
        "statuses_count": 23673,
        "created_at": "Sun Feb 05 22:11:00 +0000 2017",
        "utc_offset": null,
        "time_zone": null,
        "geo_enabled": true,
        "lang": null,
        "contributors_enabled": false,
        "is_translator": false,
        "profile_background_color": "F5F8FA",
        "profile_background_image_url": "",
        "profile_background_image_url_https": "",
        "profile_background_tile": false,
        "profile_link_color": "1DA1F2",
        "profile_sidebar_border_color": "C0DEED",
        "profile_sidebar_fill_color": "DDEEF6",
        "profile_text_color": "333333",
        "profile_use_background_image": true,
        "profile_image_url": "http://pbs.twimg.com/profile_images/1607790568146354176/H7P5sre6_normal.jpg",
        "profile_image_url_https": "https://pbs.twimg.com/profile_images/1607790568146354176/H7P5sre6_normal.jpg",
        "profile_banner_url": "https://pbs.twimg.com/profile_banners/828365334788894722/1627568146",
        "default_profile": true,
        "default_profile_image": false,
        "following": null,
        "follow_request_sent": null,
        "notifications": null,
        "withheld_in_countries": []
    },
    "geo": null,
    "coordinates": null,
    "place": null,
    "contributors": null,
    "retweeted_status": {
        "created_at": "Tue Jan 17 18:14:21 +0000 2023",
        "id": 1615412224293539849,
        "id_str": "1615412224293539849",
        "text": "The story begins tomorrow. \n\nLove From The Other Side\n\nJANUARY 18TH \n\nBerlin - 4pm CEST\nLondon - 3pm GMT\nCape Town… https://t.co/yMgjqDxMh2",
        "display_text_range": [
            0,
            140
        ],
        "source": "<a href=\"http://twitter.com/download/iphone\" rel=\"nofollow\">Twitter for iPhone</a>",
        "truncated": true,
        "in_reply_to_status_id": null,
        "in_reply_to_status_id_str": null,
        "in_reply_to_user_id": null,
        "in_reply_to_user_id_str": null,
        "in_reply_to_screen_name": null,
        "user": {
            "id": 16212952,
            "id_str": "16212952",
            "name": "Fall Out Boy",
            "screen_name": "falloutboy",
            "location": "Chicago, IL",
            "url": "https://beacons.page/falloutboy",
            "description": "Love From The Other Side out everywhere January 18th ✨ lots more to come soon ✨",
            "translator_type": "regular",
            "protected": false,
            "verified": true,
            "verified_type": "blue",
            "followers_count": 3005562,
            "friends_count": 9962,
            "listed_count": 6272,
            "favourites_count": 1379,
            "statuses_count": 5159,
            "created_at": "Tue Sep 09 23:06:13 +0000 2008",
            "utc_offset": null,
            "time_zone": null,
            "geo_enabled": false,
            "lang": null,
            "contributors_enabled": false,
            "is_translator": false,
            "profile_background_color": "000000",
            "profile_background_image_url": "http://abs.twimg.com/images/themes/theme1/bg.png",
            "profile_background_image_url_https": "https://abs.twimg.com/images/themes/theme1/bg.png",
            "profile_background_tile": false,
            "profile_link_color": "000000",
            "profile_sidebar_border_color": "FFFFFF",
            "profile_sidebar_fill_color": "060A0D",
            "profile_text_color": "00A2FF",
            "profile_use_background_image": false,
            "profile_image_url": "http://pbs.twimg.com/profile_images/1607077637549166594/12JMtZdW_normal.jpg",
            "profile_image_url_https": "https://pbs.twimg.com/profile_images/1607077637549166594/12JMtZdW_normal.jpg",
            "profile_banner_url": "https://pbs.twimg.com/profile_banners/16212952/1671992142",
            "default_profile": false,
            "default_profile_image": false,
            "following": null,
            "follow_request_sent": null,
            "notifications": null,
            "withheld_in_countries": []
        },
        "geo": null,
        "coordinates": null,
        "place": null,
        "contributors": null,
        "is_quote_status": false,
        "extended_tweet": {
            "full_text": "The story begins tomorrow. \n\nLove From The Other Side\n\nJANUARY 18TH \n\nBerlin - 4pm CEST\nLondon - 3pm GMT\nCape Town - 5pm SAST\nSão Paulo - 12pm BST\nNew York - 10am EST\nChicago - 9am CST\nLos Angeles - 7am PST\n\nJANUARY 19TH \n\nTokyo - 12am JST\nSydney - 2am AEDT https://t.co/WVxUNhZTPf",
            "display_text_range": [
                0,
                257
            ],
            "entities": {
                "hashtags": [],
                "urls": [],
                "user_mentions": [],
                "symbols": [],
                "media": [
                    {
                        "id": 1615412186184093708,
                        "id_str": "1615412186184093708",
                        "indices": [
                            258,
                            281
                        ],
                        "additional_media_info": {
                            "monetizable": false
                        },
                        "media_url": "http://pbs.twimg.com/ext_tw_video_thumb/1615412186184093708/pu/img/83mfYmJVM_vofSL3.jpg",
                        "media_url_https": "https://pbs.twimg.com/ext_tw_video_thumb/1615412186184093708/pu/img/83mfYmJVM_vofSL3.jpg",
                        "url": "https://t.co/WVxUNhZTPf",
                        "display_url": "pic.twitter.com/WVxUNhZTPf",
                        "expanded_url": "https://twitter.com/falloutboy/status/1615412224293539849/video/1",
                        "type": "video",
                        "video_info": {
                            "aspect_ratio": [
                                9,
                                16
                            ],
                            "duration_millis": 13208,
                            "variants": [
                                {
                                    "bitrate": 632000,
                                    "content_type": "video/mp4",
                                    "url": "https://video.twimg.com/ext_tw_video/1615412186184093708/pu/vid/320x568/IiGqkjVCbg3_KuF2.mp4?tag=12"
                                },
                                {
                                    "bitrate": 2176000,
                                    "content_type": "video/mp4",
                                    "url": "https://video.twimg.com/ext_tw_video/1615412186184093708/pu/vid/720x1280/tKDhZ1QH3aLxDP8Z.mp4?tag=12"
                                },
                                {
                                    "content_type": "application/x-mpegURL",
                                    "url": "https://video.twimg.com/ext_tw_video/1615412186184093708/pu/pl/pvmvRCfHMKDkNwg1.m3u8?tag=12&container=fmp4"
                                },
                                {
                                    "bitrate": 950000,
                                    "content_type": "video/mp4",
                                    "url": "https://video.twimg.com/ext_tw_video/1615412186184093708/pu/vid/480x852/RdcSMAdSOL-n19u7.mp4?tag=12"
                                }
                            ]
                        },
                        "sizes": {
                            "thumb": {
                                "w": 150,
                                "h": 150,
                                "resize": "crop"
                            },
                            "small": {
                                "w": 383,
                                "h": 680,
                                "resize": "fit"
                            },
                            "large": {
                                "w": 720,
                                "h": 1280,
                                "resize": "fit"
                            },
                            "medium": {
                                "w": 675,
                                "h": 1200,
                                "resize": "fit"
                            }
                        }
                    }
                ]
            },
            "extended_entities": {
                "media": [
                    {
                        "id": 1615412186184093708,
                        "id_str": "1615412186184093708",
                        "indices": [
                            258,
                            281
                        ],
                        "additional_media_info": {
                            "monetizable": false
                        },
                        "media_url": "http://pbs.twimg.com/ext_tw_video_thumb/1615412186184093708/pu/img/83mfYmJVM_vofSL3.jpg",
                        "media_url_https": "https://pbs.twimg.com/ext_tw_video_thumb/1615412186184093708/pu/img/83mfYmJVM_vofSL3.jpg",
                        "url": "https://t.co/WVxUNhZTPf",
                        "display_url": "pic.twitter.com/WVxUNhZTPf",
                        "expanded_url": "https://twitter.com/falloutboy/status/1615412224293539849/video/1",
                        "type": "video",
                        "video_info": {
                            "aspect_ratio": [
                                9,
                                16
                            ],
                            "duration_millis": 13208,
                            "variants": [
                                {
                                    "bitrate": 632000,
                                    "content_type": "video/mp4",
                                    "url": "https://video.twimg.com/ext_tw_video/1615412186184093708/pu/vid/320x568/IiGqkjVCbg3_KuF2.mp4?tag=12"
                                },
                                {
                                    "bitrate": 2176000,
                                    "content_type": "video/mp4",
                                    "url": "https://video.twimg.com/ext_tw_video/1615412186184093708/pu/vid/720x1280/tKDhZ1QH3aLxDP8Z.mp4?tag=12"
                                },
                                {
                                    "content_type": "application/x-mpegURL",
                                    "url": "https://video.twimg.com/ext_tw_video/1615412186184093708/pu/pl/pvmvRCfHMKDkNwg1.m3u8?tag=12&container=fmp4"
                                },
                                {
                                    "bitrate": 950000,
                                    "content_type": "video/mp4",
                                    "url": "https://video.twimg.com/ext_tw_video/1615412186184093708/pu/vid/480x852/RdcSMAdSOL-n19u7.mp4?tag=12"
                                }
                            ]
                        },
                        "sizes": {
                            "thumb": {
                                "w": 150,
                                "h": 150,
                                "resize": "crop"
                            },
                            "small": {
                                "w": 383,
                                "h": 680,
                                "resize": "fit"
                            },
                            "large": {
                                "w": 720,
                                "h": 1280,
                                "resize": "fit"
                            },
                            "medium": {
                                "w": 675,
                                "h": 1200,
                                "resize": "fit"
                            }
                        }
                    }
                ]
            }
        },
        "quote_count": 728,
        "reply_count": 195,
        "retweet_count": 1532,
        "favorite_count": 6660,
        "entities": {
            "hashtags": [],
            "urls": [
                {
                    "url": "https://t.co/yMgjqDxMh2",
                    "expanded_url": "https://twitter.com/i/web/status/1615412224293539849",
                    "display_url": "twitter.com/i/web/status/1…",
                    "indices": [
                        116,
                        139
                    ]
                }
            ],
            "user_mentions": [],
            "symbols": []
        },
        "favorited": false,
        "retweeted": false,
        "possibly_sensitive": false,
        "filter_level": "low",
        "lang": "en"
    },
    "is_quote_status": false,
    "quote_count": 0,
    "reply_count": 0,
    "retweet_count": 0,
    "favorite_count": 0,
    "entities": {
        "hashtags": [],
        "urls": [],
        "user_mentions": [
            {
                "screen_name": "falloutboy",
                "name": "Fall Out Boy",
                "id": 16212952,
                "id_str": "16212952",
                "indices": [
                    3,
                    14
                ]
            }
        ],
        "symbols": []
    },
    "favorited": false,
    "retweeted": false,
    "filter_level": "low",
    "lang": "en",
    "timestamp_ms": "1674023861698"
}