{
    "created_at": "Wed Jan 18 06:37:51 +0000 2023",
    "id": 1615599330634653696,
    "id_str": "1615599330634653696",
    "text": "RT @Reuters: The Dow stumbled more than 1% after weak earnings from Goldman Sachs and a disappointing forecast from Travelers dragged the i…",
    "source": "<a href=\"http://twitter.com/download/iphone\" rel=\"nofollow\">Twitter for iPhone</a>",
    "truncated": false,
    "in_reply_to_status_id": null,
    "in_reply_to_status_id_str": null,
    "in_reply_to_user_id": null,
    "in_reply_to_user_id_str": null,
    "in_reply_to_screen_name": null,
    "user": {
        "id": 1478156389176553472,
        "id_str": "1478156389176553472",
        "name": "Marla Fernandez for HD3",
        "screen_name": "Marla4Denver",
        "location": "Miami, FL",
        "url": null,
        "description": "Americans for the Constitution. our rights are eroding. praying.",
        "translator_type": "none",
        "protected": false,
        "verified": true,
        "verified_type": "blue",
        "followers_count": 350,
        "friends_count": 1716,
        "listed_count": 6,
        "favourites_count": 3537,
        "statuses_count": 20616,
        "created_at": "Tue Jan 04 00:08:56 +0000 2022",
        "utc_offset": null,
        "time_zone": null,
        "geo_enabled": false,
        "lang": null,
        "contributors_enabled": false,
        "is_translator": false,
        "profile_background_color": "F5F8FA",
        "profile_background_image_url": "",
        "profile_background_image_url_https": "",
        "profile_background_tile": false,
        "profile_link_color": "1DA1F2",
        "profile_sidebar_border_color": "C0DEED",
        "profile_sidebar_fill_color": "DDEEF6",
        "profile_text_color": "333333",
        "profile_use_background_image": true,
        "profile_image_url": "http://pbs.twimg.com/profile_images/1603454934845997075/bwjXoZ9F_normal.jpg",
        "profile_image_url_https": "https://pbs.twimg.com/profile_images/1603454934845997075/bwjXoZ9F_normal.jpg",
        "profile_banner_url": "https://pbs.twimg.com/profile_banners/1478156389176553472/1671128433",
        "default_profile": true,
        "default_profile_image": false,
        "following": null,
        "follow_request_sent": null,
        "notifications": null,
        "withheld_in_countries": []
    },
    "geo": null,
    "coordinates": null,
    "place": null,
    "contributors": null,
    "retweeted_status": {
        "created_at": "Wed Jan 18 06:30:30 +0000 2023",
        "id": 1615597480762114048,
        "id_str": "1615597480762114048",
        "text": "The Dow stumbled more than 1% after weak earnings from Goldman Sachs and a disappointing forecast from Travelers dr… https://t.co/ceP20sXs83",
        "display_text_range": [
            0,
            140
        ],
        "source": "<a href=\"https://studio.twitter.com\" rel=\"nofollow\">Twitter Media Studio</a>",
        "truncated": true,
        "in_reply_to_status_id": null,
        "in_reply_to_status_id_str": null,
        "in_reply_to_user_id": null,
        "in_reply_to_user_id_str": null,
        "in_reply_to_screen_name": null,
        "user": {
            "id": 1652541,
            "id_str": "1652541",
            "name": "Reuters",
            "screen_name": "Reuters",
            "location": "Around the world",
            "url": "http://www.reuters.com",
            "description": "Top and breaking news, pictures and videos from Reuters. For more breaking business news, follow @ReutersBiz.",
            "translator_type": "regular",
            "protected": false,
            "verified": true,
            "verified_type": "business",
            "followers_count": 25710395,
            "friends_count": 1230,
            "listed_count": 135995,
            "favourites_count": 742,
            "statuses_count": 962459,
            "created_at": "Tue Mar 20 17:46:05 +0000 2007",
            "utc_offset": null,
            "time_zone": null,
            "geo_enabled": false,
            "lang": null,
            "contributors_enabled": false,
            "is_translator": false,
            "profile_background_color": "444444",
            "profile_background_image_url": "http://abs.twimg.com/images/themes/theme1/bg.png",
            "profile_background_image_url_https": "https://abs.twimg.com/images/themes/theme1/bg.png",
            "profile_background_tile": false,
            "profile_link_color": "006F97",
            "profile_sidebar_border_color": "000000",
            "profile_sidebar_fill_color": "F5F5F5",
            "profile_text_color": "000000",
            "profile_use_background_image": true,
            "profile_image_url": "http://pbs.twimg.com/profile_images/1194751949821939712/3VBu4_Sa_normal.jpg",
            "profile_image_url_https": "https://pbs.twimg.com/profile_images/1194751949821939712/3VBu4_Sa_normal.jpg",
            "profile_banner_url": "https://pbs.twimg.com/profile_banners/1652541/1573687397",
            "default_profile": false,
            "default_profile_image": false,
            "following": null,
            "follow_request_sent": null,
            "notifications": null,
            "withheld_in_countries": []
        },
        "geo": null,
        "coordinates": null,
        "place": null,
        "contributors": null,
        "is_quote_status": false,
        "extended_tweet": {
            "full_text": "The Dow stumbled more than 1% after weak earnings from Goldman Sachs and a disappointing forecast from Travelers dragged the index lower https://t.co/hxJsiDM0Cj $GS $TRV https://t.co/coDaPs18qu",
            "display_text_range": [
                0,
                169
            ],
            "entities": {
                "hashtags": [],
                "urls": [
                    {
                        "url": "https://t.co/hxJsiDM0Cj",
                        "expanded_url": "https://reut.rs/3CXFBVw",
                        "display_url": "reut.rs/3CXFBVw",
                        "indices": [
                            137,
                            160
                        ]
                    }
                ],
                "user_mentions": [],
                "symbols": [
                    {
                        "text": "GS",
                        "indices": [
                            161,
                            164
                        ]
                    },
                    {
                        "text": "TRV",
                        "indices": [
                            165,
                            169
                        ]
                    }
                ],
                "media": [
                    {
                        "id": 1615497604229648386,
                        "id_str": "1615497604229648386",
                        "indices": [
                            170,
                            193
                        ],
                        "additional_media_info": {
                            "title": "Goldman Sachs, Travelers drag Dow lower – Business",
                            "description": "",
                            "embeddable": true,
                            "monetizable": true
                        },
                        "media_url": "http://pbs.twimg.com/amplify_video_thumb/1615497604229648386/img/hoYH095hGXbcisrQ.jpg",
                        "media_url_https": "https://pbs.twimg.com/amplify_video_thumb/1615497604229648386/img/hoYH095hGXbcisrQ.jpg",
                        "url": "https://t.co/coDaPs18qu",
                        "display_url": "pic.twitter.com/coDaPs18qu",
                        "expanded_url": "https://twitter.com/Reuters/status/1615597480762114048/video/1",
                        "type": "video",
                        "video_info": {
                            "aspect_ratio": [
                                16,
                                9
                            ],
                            "duration_millis": 98906,
                            "variants": [
                                {
                                    "bitrate": 288000,
                                    "content_type": "video/mp4",
                                    "url": "https://video.twimg.com/amplify_video/1615497604229648386/vid/480x270/CsiEyQlmozub2ZVF.mp4?tag=16"
                                },
                                {
                                    "bitrate": 2176000,
                                    "content_type": "video/mp4",
                                    "url": "https://video.twimg.com/amplify_video/1615497604229648386/vid/1280x720/EQbfzJzHXrJC6jwg.mp4?tag=16"
                                },
                                {
                                    "bitrate": 832000,
                                    "content_type": "video/mp4",
                                    "url": "https://video.twimg.com/amplify_video/1615497604229648386/vid/640x360/hzC5cfMPoAhTy-uS.mp4?tag=16"
                                },
                                {
                                    "content_type": "application/x-mpegURL",
                                    "url": "https://video.twimg.com/amplify_video/1615497604229648386/pl/O45yzQ68gubi1IUt.m3u8?tag=16&container=fmp4"
                                },
                                {
                                    "bitrate": 10368000,
                                    "content_type": "video/mp4",
                                    "url": "https://video.twimg.com/amplify_video/1615497604229648386/vid/1920x1080/e3M99o_9TXQXKC21.mp4?tag=16"
                                }
                            ]
                        },
                        "sizes": {
                            "thumb": {
                                "w": 150,
                                "h": 150,
                                "resize": "crop"
                            },
                            "large": {
                                "w": 1920,
                                "h": 1080,
                                "resize": "fit"
                            },
                            "medium": {
                                "w": 1200,
                                "h": 675,
                                "resize": "fit"
                            },
                            "small": {
                                "w": 680,
                                "h": 383,
                                "resize": "fit"
                            }
                        }
                    }
                ]
            },
            "extended_entities": {
                "media": [
                    {
                        "id": 1615497604229648386,
                        "id_str": "1615497604229648386",
                        "indices": [
                            170,
                            193
                        ],
                        "additional_media_info": {
                            "title": "Goldman Sachs, Travelers drag Dow lower – Business",
                            "description": "",
                            "embeddable": true,
                            "monetizable": true
                        },
                        "media_url": "http://pbs.twimg.com/amplify_video_thumb/1615497604229648386/img/hoYH095hGXbcisrQ.jpg",
                        "media_url_https": "https://pbs.twimg.com/amplify_video_thumb/1615497604229648386/img/hoYH095hGXbcisrQ.jpg",
                        "url": "https://t.co/coDaPs18qu",
                        "display_url": "pic.twitter.com/coDaPs18qu",
                        "expanded_url": "https://twitter.com/Reuters/status/1615597480762114048/video/1",
                        "type": "video",
                        "video_info": {
                            "aspect_ratio": [
                                16,
                                9
                            ],
                            "duration_millis": 98906,
                            "variants": [
                                {
                                    "bitrate": 288000,
                                    "content_type": "video/mp4",
                                    "url": "https://video.twimg.com/amplify_video/1615497604229648386/vid/480x270/CsiEyQlmozub2ZVF.mp4?tag=16"
                                },
                                {
                                    "bitrate": 2176000,
                                    "content_type": "video/mp4",
                                    "url": "https://video.twimg.com/amplify_video/1615497604229648386/vid/1280x720/EQbfzJzHXrJC6jwg.mp4?tag=16"
                                },
                                {
                                    "bitrate": 832000,
                                    "content_type": "video/mp4",
                                    "url": "https://video.twimg.com/amplify_video/1615497604229648386/vid/640x360/hzC5cfMPoAhTy-uS.mp4?tag=16"
                                },
                                {
                                    "content_type": "application/x-mpegURL",
                                    "url": "https://video.twimg.com/amplify_video/1615497604229648386/pl/O45yzQ68gubi1IUt.m3u8?tag=16&container=fmp4"
                                },
                                {
                                    "bitrate": 10368000,
                                    "content_type": "video/mp4",
                                    "url": "https://video.twimg.com/amplify_video/1615497604229648386/vid/1920x1080/e3M99o_9TXQXKC21.mp4?tag=16"
                                }
                            ]
                        },
                        "sizes": {
                            "thumb": {
                                "w": 150,
                                "h": 150,
                                "resize": "crop"
                            },
                            "large": {
                                "w": 1920,
                                "h": 1080,
                                "resize": "fit"
                            },
                            "medium": {
                                "w": 1200,
                                "h": 675,
                                "resize": "fit"
                            },
                            "small": {
                                "w": 680,
                                "h": 383,
                                "resize": "fit"
                            }
                        }
                    }
                ]
            }
        },
        "quote_count": 0,
        "reply_count": 0,
        "retweet_count": 2,
        "favorite_count": 3,
        "entities": {
            "hashtags": [],
            "urls": [
                {
                    "url": "https://t.co/ceP20sXs83",
                    "expanded_url": "https://twitter.com/i/web/status/1615597480762114048",
                    "display_url": "twitter.com/i/web/status/1…",
                    "indices": [
                        117,
                        140
                    ]
                }
            ],
            "user_mentions": [],
            "symbols": []
        },
        "favorited": false,
        "retweeted": false,
        "possibly_sensitive": false,
        "filter_level": "low",
        "lang": "en"
    },
    "is_quote_status": false,
    "quote_count": 0,
    "reply_count": 0,
    "retweet_count": 0,
    "favorite_count": 0,
    "entities": {
        "hashtags": [],
        "urls": [],
        "user_mentions": [
            {
                "screen_name": "Reuters",
                "name": "Reuters",
                "id": 1652541,
                "id_str": "1652541",
                "indices": [
                    3,
                    11
                ]
            }
        ],
        "symbols": []
    },
    "favorited": false,
    "retweeted": false,
    "filter_level": "low",
    "lang": "en",
    "timestamp_ms": "1674023871464"
}