{
    "created_at": "Wed Jan 18 06:37:47 +0000 2023",
    "id": 1615599316055515137,
    "id_str": "1615599316055515137",
    "text": "RT @utdreport: Who is Manchester United's most important player? https://t.co/mfkaCuKe3D",
    "source": "<a href=\"http://twitter.com/download/iphone\" rel=\"nofollow\">Twitter for iPhone</a>",
    "truncated": false,
    "in_reply_to_status_id": null,
    "in_reply_to_status_id_str": null,
    "in_reply_to_user_id": null,
    "in_reply_to_user_id_str": null,
    "in_reply_to_screen_name": null,
    "user": {
        "id": 1306245927468847104,
        "id_str": "1306245927468847104",
        "name": "Shank",
        "screen_name": "shanky2202",
        "location": "East Region, Singapore",
        "url": null,
        "description": null,
        "translator_type": "none",
        "protected": false,
        "verified": false,
        "verified_type": "blue",
        "followers_count": 95,
        "friends_count": 255,
        "listed_count": 0,
        "favourites_count": 6743,
        "statuses_count": 2867,
        "created_at": "Wed Sep 16 14:58:03 +0000 2020",
        "utc_offset": null,
        "time_zone": null,
        "geo_enabled": true,
        "lang": null,
        "contributors_enabled": false,
        "is_translator": false,
        "profile_background_color": "F5F8FA",
        "profile_background_image_url": "",
        "profile_background_image_url_https": "",
        "profile_background_tile": false,
        "profile_link_color": "1DA1F2",
        "profile_sidebar_border_color": "C0DEED",
        "profile_sidebar_fill_color": "DDEEF6",
        "profile_text_color": "333333",
        "profile_use_background_image": true,
        "profile_image_url": "http://pbs.twimg.com/profile_images/1312451685197914112/oQ_uKSOX_normal.jpg",
        "profile_image_url_https": "https://pbs.twimg.com/profile_images/1312451685197914112/oQ_uKSOX_normal.jpg",
        "profile_banner_url": "https://pbs.twimg.com/profile_banners/1306245927468847104/1631207005",
        "default_profile": true,
        "default_profile_image": false,
        "following": null,
        "follow_request_sent": null,
        "notifications": null,
        "withheld_in_countries": []
    },
    "geo": null,
    "coordinates": null,
    "place": null,
    "contributors": null,
    "retweeted_status": {
        "created_at": "Tue Jan 17 13:50:07 +0000 2023",
        "id": 1615345725826531328,
        "id_str": "1615345725826531328",
        "text": "Who is Manchester United's most important player? https://t.co/mfkaCuKe3D",
        "display_text_range": [
            0,
            49
        ],
        "source": "<a href=\"https://about.twitter.com/products/tweetdeck\" rel=\"nofollow\">TweetDeck</a>",
        "truncated": false,
        "in_reply_to_status_id": null,
        "in_reply_to_status_id_str": null,
        "in_reply_to_user_id": null,
        "in_reply_to_user_id_str": null,
        "in_reply_to_screen_name": null,
        "user": {
            "id": 2430359540,
            "id_str": "2430359540",
            "name": "utdreport",
            "screen_name": "utdreport",
            "location": "Manchester, England",
            "url": "http://utdreport.co.uk",
            "description": "The original hub of all the latest #mufc news — including quotes, stats, live match coverage & more",
            "translator_type": "none",
            "protected": false,
            "verified": false,
            "verified_type": "blue",
            "followers_count": 1271817,
            "friends_count": 130,
            "listed_count": 3587,
            "favourites_count": 3,
            "statuses_count": 74814,
            "created_at": "Sun Apr 06 12:06:07 +0000 2014",
            "utc_offset": null,
            "time_zone": null,
            "geo_enabled": true,
            "lang": null,
            "contributors_enabled": false,
            "is_translator": false,
            "profile_background_color": "ABB8C2",
            "profile_background_image_url": "http://abs.twimg.com/images/themes/theme1/bg.png",
            "profile_background_image_url_https": "https://abs.twimg.com/images/themes/theme1/bg.png",
            "profile_background_tile": true,
            "profile_link_color": "ABB8C2",
            "profile_sidebar_border_color": "FFFFFF",
            "profile_sidebar_fill_color": "DDEEF6",
            "profile_text_color": "333333",
            "profile_use_background_image": true,
            "profile_image_url": "http://pbs.twimg.com/profile_images/1260280391178563584/kFkGySR7_normal.jpg",
            "profile_image_url_https": "https://pbs.twimg.com/profile_images/1260280391178563584/kFkGySR7_normal.jpg",
            "profile_banner_url": "https://pbs.twimg.com/profile_banners/2430359540/1672922959",
            "default_profile": false,
            "default_profile_image": false,
            "following": null,
            "follow_request_sent": null,
            "notifications": null,
            "withheld_in_countries": []
        },
        "geo": null,
        "coordinates": null,
        "place": null,
        "contributors": null,
        "is_quote_status": false,
        "quote_count": 632,
        "reply_count": 1789,
        "retweet_count": 772,
        "favorite_count": 18108,
        "entities": {
            "hashtags": [],
            "urls": [],
            "user_mentions": [],
            "symbols": [],
            "media": [
                {
                    "id": 1615345700140912642,
                    "id_str": "1615345700140912642",
                    "indices": [
                        50,
                        73
                    ],
                    "media_url": "http://pbs.twimg.com/media/FmrcWxZakAIcL-j.jpg",
                    "media_url_https": "https://pbs.twimg.com/media/FmrcWxZakAIcL-j.jpg",
                    "url": "https://t.co/mfkaCuKe3D",
                    "display_url": "pic.twitter.com/mfkaCuKe3D",
                    "expanded_url": "https://twitter.com/utdreport/status/1615345725826531328/photo/1",
                    "type": "photo",
                    "sizes": {
                        "thumb": {
                            "w": 150,
                            "h": 150,
                            "resize": "crop"
                        },
                        "small": {
                            "w": 680,
                            "h": 680,
                            "resize": "fit"
                        },
                        "large": {
                            "w": 1000,
                            "h": 1000,
                            "resize": "fit"
                        },
                        "medium": {
                            "w": 1000,
                            "h": 1000,
                            "resize": "fit"
                        }
                    }
                }
            ]
        },
        "extended_entities": {
            "media": [
                {
                    "id": 1615345700140912642,
                    "id_str": "1615345700140912642",
                    "indices": [
                        50,
                        73
                    ],
                    "media_url": "http://pbs.twimg.com/media/FmrcWxZakAIcL-j.jpg",
                    "media_url_https": "https://pbs.twimg.com/media/FmrcWxZakAIcL-j.jpg",
                    "url": "https://t.co/mfkaCuKe3D",
                    "display_url": "pic.twitter.com/mfkaCuKe3D",
                    "expanded_url": "https://twitter.com/utdreport/status/1615345725826531328/photo/1",
                    "type": "photo",
                    "sizes": {
                        "thumb": {
                            "w": 150,
                            "h": 150,
                            "resize": "crop"
                        },
                        "small": {
                            "w": 680,
                            "h": 680,
                            "resize": "fit"
                        },
                        "large": {
                            "w": 1000,
                            "h": 1000,
                            "resize": "fit"
                        },
                        "medium": {
                            "w": 1000,
                            "h": 1000,
                            "resize": "fit"
                        }
                    }
                },
                {
                    "id": 1615345700438704130,
                    "id_str": "1615345700438704130",
                    "indices": [
                        50,
                        73
                    ],
                    "media_url": "http://pbs.twimg.com/media/FmrcWygagAIjx3W.jpg",
                    "media_url_https": "https://pbs.twimg.com/media/FmrcWygagAIjx3W.jpg",
                    "url": "https://t.co/mfkaCuKe3D",
                    "display_url": "pic.twitter.com/mfkaCuKe3D",
                    "expanded_url": "https://twitter.com/utdreport/status/1615345725826531328/photo/1",
                    "type": "photo",
                    "sizes": {
                        "thumb": {
                            "w": 150,
                            "h": 150,
                            "resize": "crop"
                        },
                        "large": {
                            "w": 1000,
                            "h": 1000,
                            "resize": "fit"
                        },
                        "small": {
                            "w": 680,
                            "h": 680,
                            "resize": "fit"
                        },
                        "medium": {
                            "w": 1000,
                            "h": 1000,
                            "resize": "fit"
                        }
                    }
                },
                {
                    "id": 1615345700140888072,
                    "id_str": "1615345700140888072",
                    "indices": [
                        50,
                        73
                    ],
                    "media_url": "http://pbs.twimg.com/media/FmrcWxZaMAgeTgw.jpg",
                    "media_url_https": "https://pbs.twimg.com/media/FmrcWxZaMAgeTgw.jpg",
                    "url": "https://t.co/mfkaCuKe3D",
                    "display_url": "pic.twitter.com/mfkaCuKe3D",
                    "expanded_url": "https://twitter.com/utdreport/status/1615345725826531328/photo/1",
                    "type": "photo",
                    "sizes": {
                        "thumb": {
                            "w": 150,
                            "h": 150,
                            "resize": "crop"
                        },
                        "small": {
                            "w": 680,
                            "h": 680,
                            "resize": "fit"
                        },
                        "large": {
                            "w": 1000,
                            "h": 1000,
                            "resize": "fit"
                        },
                        "medium": {
                            "w": 1000,
                            "h": 1000,
                            "resize": "fit"
                        }
                    }
                },
                {
                    "id": 1615345700149276675,
                    "id_str": "1615345700149276675",
                    "indices": [
                        50,
                        73
                    ],
                    "media_url": "http://pbs.twimg.com/media/FmrcWxbaMAMw9vc.jpg",
                    "media_url_https": "https://pbs.twimg.com/media/FmrcWxbaMAMw9vc.jpg",
                    "url": "https://t.co/mfkaCuKe3D",
                    "display_url": "pic.twitter.com/mfkaCuKe3D",
                    "expanded_url": "https://twitter.com/utdreport/status/1615345725826531328/photo/1",
                    "type": "photo",
                    "sizes": {
                        "thumb": {
                            "w": 150,
                            "h": 150,
                            "resize": "crop"
                        },
                        "medium": {
                            "w": 1000,
                            "h": 1000,
                            "resize": "fit"
                        },
                        "large": {
                            "w": 1000,
                            "h": 1000,
                            "resize": "fit"
                        },
                        "small": {
                            "w": 680,
                            "h": 680,
                            "resize": "fit"
                        }
                    }
                }
            ]
        },
        "favorited": false,
        "retweeted": false,
        "possibly_sensitive": false,
        "filter_level": "low",
        "lang": "en"
    },
    "is_quote_status": false,
    "quote_count": 0,
    "reply_count": 0,
    "retweet_count": 0,
    "favorite_count": 0,
    "entities": {
        "hashtags": [],
        "urls": [],
        "user_mentions": [
            {
                "screen_name": "utdreport",
                "name": "utdreport",
                "id": 2430359540,
                "id_str": "2430359540",
                "indices": [
                    3,
                    13
                ]
            }
        ],
        "symbols": [],
        "media": [
            {
                "id": 1615345700140912642,
                "id_str": "1615345700140912642",
                "indices": [
                    65,
                    88
                ],
                "media_url": "http://pbs.twimg.com/media/FmrcWxZakAIcL-j.jpg",
                "media_url_https": "https://pbs.twimg.com/media/FmrcWxZakAIcL-j.jpg",
                "url": "https://t.co/mfkaCuKe3D",
                "display_url": "pic.twitter.com/mfkaCuKe3D",
                "expanded_url": "https://twitter.com/utdreport/status/1615345725826531328/photo/1",
                "type": "photo",
                "sizes": {
                    "thumb": {
                        "w": 150,
                        "h": 150,
                        "resize": "crop"
                    },
                    "small": {
                        "w": 680,
                        "h": 680,
                        "resize": "fit"
                    },
                    "large": {
                        "w": 1000,
                        "h": 1000,
                        "resize": "fit"
                    },
                    "medium": {
                        "w": 1000,
                        "h": 1000,
                        "resize": "fit"
                    }
                },
                "source_status_id": 1615345725826531328,
                "source_status_id_str": "1615345725826531328",
                "source_user_id": 2430359540,
                "source_user_id_str": "2430359540"
            }
        ]
    },
    "extended_entities": {
        "media": [
            {
                "id": 1615345700140912642,
                "id_str": "1615345700140912642",
                "indices": [
                    65,
                    88
                ],
                "media_url": "http://pbs.twimg.com/media/FmrcWxZakAIcL-j.jpg",
                "media_url_https": "https://pbs.twimg.com/media/FmrcWxZakAIcL-j.jpg",
                "url": "https://t.co/mfkaCuKe3D",
                "display_url": "pic.twitter.com/mfkaCuKe3D",
                "expanded_url": "https://twitter.com/utdreport/status/1615345725826531328/photo/1",
                "type": "photo",
                "sizes": {
                    "thumb": {
                        "w": 150,
                        "h": 150,
                        "resize": "crop"
                    },
                    "small": {
                        "w": 680,
                        "h": 680,
                        "resize": "fit"
                    },
                    "large": {
                        "w": 1000,
                        "h": 1000,
                        "resize": "fit"
                    },
                    "medium": {
                        "w": 1000,
                        "h": 1000,
                        "resize": "fit"
                    }
                },
                "source_status_id": 1615345725826531328,
                "source_status_id_str": "1615345725826531328",
                "source_user_id": 2430359540,
                "source_user_id_str": "2430359540"
            },
            {
                "id": 1615345700438704130,
                "id_str": "1615345700438704130",
                "indices": [
                    65,
                    88
                ],
                "media_url": "http://pbs.twimg.com/media/FmrcWygagAIjx3W.jpg",
                "media_url_https": "https://pbs.twimg.com/media/FmrcWygagAIjx3W.jpg",
                "url": "https://t.co/mfkaCuKe3D",
                "display_url": "pic.twitter.com/mfkaCuKe3D",
                "expanded_url": "https://twitter.com/utdreport/status/1615345725826531328/photo/1",
                "type": "photo",
                "sizes": {
                    "thumb": {
                        "w": 150,
                        "h": 150,
                        "resize": "crop"
                    },
                    "large": {
                        "w": 1000,
                        "h": 1000,
                        "resize": "fit"
                    },
                    "small": {
                        "w": 680,
                        "h": 680,
                        "resize": "fit"
                    },
                    "medium": {
                        "w": 1000,
                        "h": 1000,
                        "resize": "fit"
                    }
                },
                "source_status_id": 1615345725826531328,
                "source_status_id_str": "1615345725826531328",
                "source_user_id": 2430359540,
                "source_user_id_str": "2430359540"
            },
            {
                "id": 1615345700140888072,
                "id_str": "1615345700140888072",
                "indices": [
                    65,
                    88
                ],
                "media_url": "http://pbs.twimg.com/media/FmrcWxZaMAgeTgw.jpg",
                "media_url_https": "https://pbs.twimg.com/media/FmrcWxZaMAgeTgw.jpg",
                "url": "https://t.co/mfkaCuKe3D",
                "display_url": "pic.twitter.com/mfkaCuKe3D",
                "expanded_url": "https://twitter.com/utdreport/status/1615345725826531328/photo/1",
                "type": "photo",
                "sizes": {
                    "thumb": {
                        "w": 150,
                        "h": 150,
                        "resize": "crop"
                    },
                    "small": {
                        "w": 680,
                        "h": 680,
                        "resize": "fit"
                    },
                    "large": {
                        "w": 1000,
                        "h": 1000,
                        "resize": "fit"
                    },
                    "medium": {
                        "w": 1000,
                        "h": 1000,
                        "resize": "fit"
                    }
                },
                "source_status_id": 1615345725826531328,
                "source_status_id_str": "1615345725826531328",
                "source_user_id": 2430359540,
                "source_user_id_str": "2430359540"
            },
            {
                "id": 1615345700149276675,
                "id_str": "1615345700149276675",
                "indices": [
                    65,
                    88
                ],
                "media_url": "http://pbs.twimg.com/media/FmrcWxbaMAMw9vc.jpg",
                "media_url_https": "https://pbs.twimg.com/media/FmrcWxbaMAMw9vc.jpg",
                "url": "https://t.co/mfkaCuKe3D",
                "display_url": "pic.twitter.com/mfkaCuKe3D",
                "expanded_url": "https://twitter.com/utdreport/status/1615345725826531328/photo/1",
                "type": "photo",
                "sizes": {
                    "thumb": {
                        "w": 150,
                        "h": 150,
                        "resize": "crop"
                    },
                    "medium": {
                        "w": 1000,
                        "h": 1000,
                        "resize": "fit"
                    },
                    "large": {
                        "w": 1000,
                        "h": 1000,
                        "resize": "fit"
                    },
                    "small": {
                        "w": 680,
                        "h": 680,
                        "resize": "fit"
                    }
                },
                "source_status_id": 1615345725826531328,
                "source_status_id_str": "1615345725826531328",
                "source_user_id": 2430359540,
                "source_user_id_str": "2430359540"
            }
        ]
    },
    "favorited": false,
    "retweeted": false,
    "possibly_sensitive": false,
    "filter_level": "low",
    "lang": "en",
    "timestamp_ms": "1674023867988"
}