{
    "created_at": "Wed Jan 18 06:37:48 +0000 2023",
    "id": 1615599316919549957,
    "id_str": "1615599316919549957",
    "text": "RT @changu311: Just loved the way @narendramodi gave her the taste of her own medicine. “Do not preach Indians about human rights.” This pr…",
    "source": "<a href=\"http://twitter.com/download/iphone\" rel=\"nofollow\">Twitter for iPhone</a>",
    "truncated": false,
    "in_reply_to_status_id": null,
    "in_reply_to_status_id_str": null,
    "in_reply_to_user_id": null,
    "in_reply_to_user_id_str": null,
    "in_reply_to_screen_name": null,
    "user": {
        "id": 70058398,
        "id_str": "70058398",
        "name": "Ek Sevak",
        "screen_name": "EkSevak",
        "location": null,
        "url": null,
        "description": "~ Virgo ~ Poet by Heart, Movie Freak, Practical, Foody, Born with Attitude, Crazy, Daring, Passionate, Obsessive",
        "translator_type": "none",
        "protected": false,
        "verified": false,
        "verified_type": "blue",
        "followers_count": 704,
        "friends_count": 1597,
        "listed_count": 2,
        "favourites_count": 20224,
        "statuses_count": 13205,
        "created_at": "Sun Aug 30 05:29:52 +0000 2009",
        "utc_offset": null,
        "time_zone": null,
        "geo_enabled": true,
        "lang": null,
        "contributors_enabled": false,
        "is_translator": false,
        "profile_background_color": "1A1B1F",
        "profile_background_image_url": "http://abs.twimg.com/images/themes/theme9/bg.gif",
        "profile_background_image_url_https": "https://abs.twimg.com/images/themes/theme9/bg.gif",
        "profile_background_tile": false,
        "profile_link_color": "2FC2EF",
        "profile_sidebar_border_color": "181A1E",
        "profile_sidebar_fill_color": "252429",
        "profile_text_color": "666666",
        "profile_use_background_image": true,
        "profile_image_url": "http://pbs.twimg.com/profile_images/1338036630045687808/jXy6Ev1a_normal.jpg",
        "profile_image_url_https": "https://pbs.twimg.com/profile_images/1338036630045687808/jXy6Ev1a_normal.jpg",
        "profile_banner_url": "https://pbs.twimg.com/profile_banners/70058398/1589620981",
        "default_profile": false,
        "default_profile_image": false,
        "following": null,
        "follow_request_sent": null,
        "notifications": null,
        "withheld_in_countries": []
    },
    "geo": null,
    "coordinates": null,
    "place": null,
    "contributors": null,
    "retweeted_status": {
        "created_at": "Tue Jan 17 22:30:11 +0000 2023",
        "id": 1615476605425434628,
        "id_str": "1615476605425434628",
        "text": "Just loved the way @narendramodi gave her the taste of her own medicine. “Do not preach Indians about human rights.… https://t.co/NKNhSBdiOF",
        "display_text_range": [
            0,
            140
        ],
        "source": "<a href=\"http://twitter.com/download/iphone\" rel=\"nofollow\">Twitter for iPhone</a>",
        "truncated": true,
        "in_reply_to_status_id": null,
        "in_reply_to_status_id_str": null,
        "in_reply_to_user_id": null,
        "in_reply_to_user_id_str": null,
        "in_reply_to_screen_name": null,
        "user": {
            "id": 1242265366274834432,
            "id_str": "1242265366274834432",
            "name": "Gayatri 🇬🇧🇮🇳(BharatKiBeti)",
            "screen_name": "changu311",
            "location": "England, United Kingdom",
            "url": null,
            "description": "Passionate to serve the community,NatureLover,Athlete,Traveller, #Nationalist #ProudHindu #ProudBrahmin .My tweets are my personal views.",
            "translator_type": "none",
            "protected": false,
            "verified": false,
            "verified_type": "blue",
            "followers_count": 21160,
            "friends_count": 4283,
            "listed_count": 19,
            "favourites_count": 54555,
            "statuses_count": 34832,
            "created_at": "Tue Mar 24 01:42:09 +0000 2020",
            "utc_offset": null,
            "time_zone": null,
            "geo_enabled": false,
            "lang": null,
            "contributors_enabled": false,
            "is_translator": false,
            "profile_background_color": "F5F8FA",
            "profile_background_image_url": "",
            "profile_background_image_url_https": "",
            "profile_background_tile": false,
            "profile_link_color": "1DA1F2",
            "profile_sidebar_border_color": "C0DEED",
            "profile_sidebar_fill_color": "DDEEF6",
            "profile_text_color": "333333",
            "profile_use_background_image": true,
            "profile_image_url": "http://pbs.twimg.com/profile_images/1584682957926793217/XmubHQ4L_normal.jpg",
            "profile_image_url_https": "https://pbs.twimg.com/profile_images/1584682957926793217/XmubHQ4L_normal.jpg",
            "profile_banner_url": "https://pbs.twimg.com/profile_banners/1242265366274834432/1649849960",
            "default_profile": true,
            "default_profile_image": false,
            "following": null,
            "follow_request_sent": null,
            "notifications": null,
            "withheld_in_countries": []
        },
        "geo": null,
        "coordinates": null,
        "place": null,
        "contributors": null,
        "is_quote_status": false,
        "extended_tweet": {
            "full_text": "Just loved the way @narendramodi gave her the taste of her own medicine. “Do not preach Indians about human rights.” This program of @BBCWorld was to defame Hindus worldwide and specifically in British soil because of the ongoing trade deal between India &amp; UK under a Hindu PM. https://t.co/yhvj0jkTVp",
            "display_text_range": [
                0,
                281
            ],
            "entities": {
                "hashtags": [],
                "urls": [],
                "user_mentions": [
                    {
                        "screen_name": "narendramodi",
                        "name": "Narendra Modi",
                        "id": 18839785,
                        "id_str": "18839785",
                        "indices": [
                            19,
                            32
                        ]
                    },
                    {
                        "screen_name": "BBCWorld",
                        "name": "BBC News (World)",
                        "id": 742143,
                        "id_str": "742143",
                        "indices": [
                            133,
                            142
                        ]
                    }
                ],
                "symbols": [],
                "media": [
                    {
                        "id": 1615476488047828994,
                        "id_str": "1615476488047828994",
                        "indices": [
                            282,
                            305
                        ],
                        "additional_media_info": {
                            "monetizable": false
                        },
                        "media_url": "http://pbs.twimg.com/amplify_video_thumb/1615476488047828994/img/VBUtDFCVkLlCON2-.jpg",
                        "media_url_https": "https://pbs.twimg.com/amplify_video_thumb/1615476488047828994/img/VBUtDFCVkLlCON2-.jpg",
                        "url": "https://t.co/yhvj0jkTVp",
                        "display_url": "pic.twitter.com/yhvj0jkTVp",
                        "expanded_url": "https://twitter.com/changu311/status/1615476605425434628/video/1",
                        "type": "video",
                        "video_info": {
                            "aspect_ratio": [
                                20,
                                11
                            ],
                            "duration_millis": 91586,
                            "variants": [
                                {
                                    "bitrate": 832000,
                                    "content_type": "video/mp4",
                                    "url": "https://video.twimg.com/amplify_video/1615476488047828994/vid/640x352/sF20FADa16Qc2Co-.mp4?tag=16"
                                },
                                {
                                    "content_type": "application/x-mpegURL",
                                    "url": "https://video.twimg.com/amplify_video/1615476488047828994/pl/cuar2GmyOtV0On-L.m3u8?tag=16&container=fmp4"
                                },
                                {
                                    "bitrate": 288000,
                                    "content_type": "video/mp4",
                                    "url": "https://video.twimg.com/amplify_video/1615476488047828994/vid/490x270/Q0wcuwJmafZEnG1Q.mp4?tag=16"
                                }
                            ]
                        },
                        "sizes": {
                            "thumb": {
                                "w": 150,
                                "h": 150,
                                "resize": "crop"
                            },
                            "small": {
                                "w": 640,
                                "h": 352,
                                "resize": "fit"
                            },
                            "medium": {
                                "w": 640,
                                "h": 352,
                                "resize": "fit"
                            },
                            "large": {
                                "w": 640,
                                "h": 352,
                                "resize": "fit"
                            }
                        }
                    }
                ]
            },
            "extended_entities": {
                "media": [
                    {
                        "id": 1615476488047828994,
                        "id_str": "1615476488047828994",
                        "indices": [
                            282,
                            305
                        ],
                        "additional_media_info": {
                            "monetizable": false
                        },
                        "media_url": "http://pbs.twimg.com/amplify_video_thumb/1615476488047828994/img/VBUtDFCVkLlCON2-.jpg",
                        "media_url_https": "https://pbs.twimg.com/amplify_video_thumb/1615476488047828994/img/VBUtDFCVkLlCON2-.jpg",
                        "url": "https://t.co/yhvj0jkTVp",
                        "display_url": "pic.twitter.com/yhvj0jkTVp",
                        "expanded_url": "https://twitter.com/changu311/status/1615476605425434628/video/1",
                        "type": "video",
                        "video_info": {
                            "aspect_ratio": [
                                20,
                                11
                            ],
                            "duration_millis": 91586,
                            "variants": [
                                {
                                    "bitrate": 832000,
                                    "content_type": "video/mp4",
                                    "url": "https://video.twimg.com/amplify_video/1615476488047828994/vid/640x352/sF20FADa16Qc2Co-.mp4?tag=16"
                                },
                                {
                                    "content_type": "application/x-mpegURL",
                                    "url": "https://video.twimg.com/amplify_video/1615476488047828994/pl/cuar2GmyOtV0On-L.m3u8?tag=16&container=fmp4"
                                },
                                {
                                    "bitrate": 288000,
                                    "content_type": "video/mp4",
                                    "url": "https://video.twimg.com/amplify_video/1615476488047828994/vid/490x270/Q0wcuwJmafZEnG1Q.mp4?tag=16"
                                }
                            ]
                        },
                        "sizes": {
                            "thumb": {
                                "w": 150,
                                "h": 150,
                                "resize": "crop"
                            },
                            "small": {
                                "w": 640,
                                "h": 352,
                                "resize": "fit"
                            },
                            "medium": {
                                "w": 640,
                                "h": 352,
                                "resize": "fit"
                            },
                            "large": {
                                "w": 640,
                                "h": 352,
                                "resize": "fit"
                            }
                        }
                    }
                ]
            }
        },
        "quote_count": 14,
        "reply_count": 29,
        "retweet_count": 337,
        "favorite_count": 885,
        "entities": {
            "hashtags": [],
            "urls": [
                {
                    "url": "https://t.co/NKNhSBdiOF",
                    "expanded_url": "https://twitter.com/i/web/status/1615476605425434628",
                    "display_url": "twitter.com/i/web/status/1…",
                    "indices": [
                        117,
                        140
                    ]
                }
            ],
            "user_mentions": [
                {
                    "screen_name": "narendramodi",
                    "name": "Narendra Modi",
                    "id": 18839785,
                    "id_str": "18839785",
                    "indices": [
                        19,
                        32
                    ]
                }
            ],
            "symbols": []
        },
        "favorited": false,
        "retweeted": false,
        "possibly_sensitive": false,
        "filter_level": "low",
        "lang": "en"
    },
    "is_quote_status": false,
    "quote_count": 0,
    "reply_count": 0,
    "retweet_count": 0,
    "favorite_count": 0,
    "entities": {
        "hashtags": [],
        "urls": [],
        "user_mentions": [
            {
                "screen_name": "changu311",
                "name": "Gayatri 🇬🇧🇮🇳(BharatKiBeti)",
                "id": 1242265366274834432,
                "id_str": "1242265366274834432",
                "indices": [
                    3,
                    13
                ]
            },
            {
                "screen_name": "narendramodi",
                "name": "Narendra Modi",
                "id": 18839785,
                "id_str": "18839785",
                "indices": [
                    34,
                    47
                ]
            }
        ],
        "symbols": []
    },
    "favorited": false,
    "retweeted": false,
    "filter_level": "low",
    "lang": "en",
    "timestamp_ms": "1674023868194"
}