{
    "created_at": "Wed Jan 18 06:37:50 +0000 2023",
    "id": 1615599327036182528,
    "id_str": "1615599327036182528",
    "text": "RT @alrightgeez: \"Harry and Meghan are determined not to move on but to wallow in grievance. This is their whole shtick now — the House of…",
    "source": "<a href=\"http://twitter.com/download/android\" rel=\"nofollow\">Twitter for Android</a>",
    "truncated": false,
    "in_reply_to_status_id": null,
    "in_reply_to_status_id_str": null,
    "in_reply_to_user_id": null,
    "in_reply_to_user_id_str": null,
    "in_reply_to_screen_name": null,
    "user": {
        "id": 1558200025863307264,
        "id_str": "1558200025863307264",
        "name": "🇬🇧😍loyal-royal",
        "screen_name": "PRockchick",
        "location": null,
        "url": null,
        "description": null,
        "translator_type": "none",
        "protected": false,
        "verified": false,
        "verified_type": "blue",
        "followers_count": 119,
        "friends_count": 468,
        "listed_count": 1,
        "favourites_count": 1239,
        "statuses_count": 379,
        "created_at": "Fri Aug 12 21:13:44 +0000 2022",
        "utc_offset": null,
        "time_zone": null,
        "geo_enabled": true,
        "lang": null,
        "contributors_enabled": false,
        "is_translator": false,
        "profile_background_color": "F5F8FA",
        "profile_background_image_url": "",
        "profile_background_image_url_https": "",
        "profile_background_tile": false,
        "profile_link_color": "1DA1F2",
        "profile_sidebar_border_color": "C0DEED",
        "profile_sidebar_fill_color": "DDEEF6",
        "profile_text_color": "333333",
        "profile_use_background_image": true,
        "profile_image_url": "http://pbs.twimg.com/profile_images/1599854262665809920/lTUO4sjl_normal.jpg",
        "profile_image_url_https": "https://pbs.twimg.com/profile_images/1599854262665809920/lTUO4sjl_normal.jpg",
        "profile_banner_url": "https://pbs.twimg.com/profile_banners/1558200025863307264/1665919956",
        "default_profile": true,
        "default_profile_image": false,
        "following": null,
        "follow_request_sent": null,
        "notifications": null,
        "withheld_in_countries": []
    },
    "geo": null,
    "coordinates": null,
    "place": null,
    "contributors": null,
    "retweeted_status": {
        "created_at": "Tue Jan 17 14:21:22 +0000 2023",
        "id": 1615353591518138369,
        "id_str": "1615353591518138369",
        "text": "\"Harry and Meghan are determined not to move on but to wallow in grievance. This is their whole shtick now — the Ho… https://t.co/8DKCEnlmV6",
        "source": "<a href=\"https://mobile.twitter.com\" rel=\"nofollow\">Twitter Web App</a>",
        "truncated": true,
        "in_reply_to_status_id": null,
        "in_reply_to_status_id_str": null,
        "in_reply_to_user_id": null,
        "in_reply_to_user_id_str": null,
        "in_reply_to_screen_name": null,
        "user": {
            "id": 1542435094782164994,
            "id_str": "1542435094782164994",
            "name": "Herbie 🏴󠁧󠁢󠁥󠁮󠁧󠁿",
            "screen_name": "alrightgeez",
            "location": null,
            "url": null,
            "description": "Enjoy yourself.",
            "translator_type": "none",
            "protected": false,
            "verified": false,
            "verified_type": "blue",
            "followers_count": 377,
            "friends_count": 287,
            "listed_count": 3,
            "favourites_count": 6947,
            "statuses_count": 2632,
            "created_at": "Thu Jun 30 09:09:57 +0000 2022",
            "utc_offset": null,
            "time_zone": null,
            "geo_enabled": false,
            "lang": null,
            "contributors_enabled": false,
            "is_translator": false,
            "profile_background_color": "F5F8FA",
            "profile_background_image_url": "",
            "profile_background_image_url_https": "",
            "profile_background_tile": false,
            "profile_link_color": "1DA1F2",
            "profile_sidebar_border_color": "C0DEED",
            "profile_sidebar_fill_color": "DDEEF6",
            "profile_text_color": "333333",
            "profile_use_background_image": true,
            "profile_image_url": "http://pbs.twimg.com/profile_images/1542570363959316481/lkE3GzoP_normal.jpg",
            "profile_image_url_https": "https://pbs.twimg.com/profile_images/1542570363959316481/lkE3GzoP_normal.jpg",
            "profile_banner_url": "https://pbs.twimg.com/profile_banners/1542435094782164994/1656582909",
            "default_profile": true,
            "default_profile_image": false,
            "following": null,
            "follow_request_sent": null,
            "notifications": null,
            "withheld_in_countries": []
        },
        "geo": null,
        "coordinates": null,
        "place": null,
        "contributors": null,
        "is_quote_status": false,
        "extended_tweet": {
            "full_text": "\"Harry and Meghan are determined not to move on but to wallow in grievance. This is their whole shtick now — the House of Sussex is a double-headed media machine devoted to stewing over the past. \"\n#HarryAndMeghanAreFinished \nhttps://t.co/heanbK2LMi via @spectator",
            "display_text_range": [
                0,
                264
            ],
            "entities": {
                "hashtags": [
                    {
                        "text": "HarryAndMeghanAreFinished",
                        "indices": [
                            198,
                            224
                        ]
                    }
                ],
                "urls": [
                    {
                        "url": "https://t.co/heanbK2LMi",
                        "expanded_url": "https://www.spectator.co.uk/article/who-do-harry-and-meghan-think-they-are/",
                        "display_url": "spectator.co.uk/article/who-do…",
                        "indices": [
                            226,
                            249
                        ]
                    }
                ],
                "user_mentions": [
                    {
                        "screen_name": "spectator",
                        "name": "The Spectator",
                        "id": 16683666,
                        "id_str": "16683666",
                        "indices": [
                            254,
                            264
                        ]
                    }
                ],
                "symbols": []
            }
        },
        "quote_count": 4,
        "reply_count": 28,
        "retweet_count": 81,
        "favorite_count": 453,
        "entities": {
            "hashtags": [],
            "urls": [
                {
                    "url": "https://t.co/8DKCEnlmV6",
                    "expanded_url": "https://twitter.com/i/web/status/1615353591518138369",
                    "display_url": "twitter.com/i/web/status/1…",
                    "indices": [
                        117,
                        140
                    ]
                }
            ],
            "user_mentions": [],
            "symbols": []
        },
        "favorited": false,
        "retweeted": false,
        "possibly_sensitive": false,
        "filter_level": "low",
        "lang": "en"
    },
    "is_quote_status": false,
    "quote_count": 0,
    "reply_count": 0,
    "retweet_count": 0,
    "favorite_count": 0,
    "entities": {
        "hashtags": [],
        "urls": [],
        "user_mentions": [
            {
                "screen_name": "alrightgeez",
                "name": "Herbie 🏴󠁧󠁢󠁥󠁮󠁧󠁿",
                "id": 1542435094782164994,
                "id_str": "1542435094782164994",
                "indices": [
                    3,
                    15
                ]
            }
        ],
        "symbols": []
    },
    "favorited": false,
    "retweeted": false,
    "filter_level": "low",
    "lang": "en",
    "timestamp_ms": "1674023870606"
}