{
    "created_at": "Wed Jan 18 06:37:44 +0000 2023",
    "id": 1615599301090213889,
    "id_str": "1615599301090213889",
    "text": "RT @buntybagshoe: 'Paying strike-breaking nurses is a bit rich - what a pity we can't sack the Tories' - The Mirror https://t.co/bm6tln5fZf",
    "source": "<a href=\"https://mobile.twitter.com\" rel=\"nofollow\">Twitter Web App</a>",
    "truncated": false,
    "in_reply_to_status_id": null,
    "in_reply_to_status_id_str": null,
    "in_reply_to_user_id": null,
    "in_reply_to_user_id_str": null,
    "in_reply_to_screen_name": null,
    "user": {
        "id": 314727834,
        "id_str": "314727834",
        "name": "wayne",
        "screen_name": "v1115",
        "location": "Essex",
        "url": null,
        "description": "Beer, Argyle and Anderlecht.🌻",
        "translator_type": "none",
        "protected": false,
        "verified": false,
        "verified_type": "blue",
        "followers_count": 625,
        "friends_count": 683,
        "listed_count": 0,
        "favourites_count": 62632,
        "statuses_count": 42132,
        "created_at": "Fri Jun 10 18:21:44 +0000 2011",
        "utc_offset": null,
        "time_zone": null,
        "geo_enabled": false,
        "lang": null,
        "contributors_enabled": false,
        "is_translator": false,
        "profile_background_color": "C0DEED",
        "profile_background_image_url": "http://abs.twimg.com/images/themes/theme1/bg.png",
        "profile_background_image_url_https": "https://abs.twimg.com/images/themes/theme1/bg.png",
        "profile_background_tile": false,
        "profile_link_color": "1DA1F2",
        "profile_sidebar_border_color": "C0DEED",
        "profile_sidebar_fill_color": "DDEEF6",
        "profile_text_color": "333333",
        "profile_use_background_image": true,
        "profile_image_url": "http://pbs.twimg.com/profile_images/1366689070496243712/UBWiSxzT_normal.jpg",
        "profile_image_url_https": "https://pbs.twimg.com/profile_images/1366689070496243712/UBWiSxzT_normal.jpg",
        "default_profile": true,
        "default_profile_image": false,
        "following": null,
        "follow_request_sent": null,
        "notifications": null,
        "withheld_in_countries": []
    },
    "geo": null,
    "coordinates": null,
    "place": null,
    "contributors": null,
    "retweeted_status": {
        "created_at": "Wed Jan 18 06:29:27 +0000 2023",
        "id": 1615597218265808896,
        "id_str": "1615597218265808896",
        "text": "'Paying strike-breaking nurses is a bit rich - what a pity we can't sack the Tories' - The Mirror https://t.co/bm6tln5fZf",
        "source": "<a href=\"http://twitter.com/#!/download/ipad\" rel=\"nofollow\">Twitter for iPad</a>",
        "truncated": false,
        "in_reply_to_status_id": null,
        "in_reply_to_status_id_str": null,
        "in_reply_to_user_id": null,
        "in_reply_to_user_id_str": null,
        "in_reply_to_screen_name": null,
        "user": {
            "id": 780524779,
            "id_str": "780524779",
            "name": "Elaine",
            "screen_name": "buntybagshoe",
            "location": "Europe",
            "url": null,
            "description": "European, Irish, english. Genealogy, wildlife,reading. Detest tories,this government in particular. No DMs please.",
            "translator_type": "none",
            "protected": false,
            "verified": false,
            "verified_type": "blue",
            "followers_count": 3864,
            "friends_count": 4054,
            "listed_count": 8,
            "favourites_count": 75053,
            "statuses_count": 66320,
            "created_at": "Sat Aug 25 15:27:21 +0000 2012",
            "utc_offset": null,
            "time_zone": null,
            "geo_enabled": true,
            "lang": null,
            "contributors_enabled": false,
            "is_translator": false,
            "profile_background_color": "C0DEED",
            "profile_background_image_url": "http://abs.twimg.com/images/themes/theme1/bg.png",
            "profile_background_image_url_https": "https://abs.twimg.com/images/themes/theme1/bg.png",
            "profile_background_tile": false,
            "profile_link_color": "0084B4",
            "profile_sidebar_border_color": "FFFFFF",
            "profile_sidebar_fill_color": "DDEEF6",
            "profile_text_color": "333333",
            "profile_use_background_image": true,
            "profile_image_url": "http://pbs.twimg.com/profile_images/1537381938134192129/H_hugcAL_normal.jpg",
            "profile_image_url_https": "https://pbs.twimg.com/profile_images/1537381938134192129/H_hugcAL_normal.jpg",
            "profile_banner_url": "https://pbs.twimg.com/profile_banners/780524779/1458475623",
            "default_profile": false,
            "default_profile_image": false,
            "following": null,
            "follow_request_sent": null,
            "notifications": null,
            "withheld_in_countries": []
        },
        "geo": null,
        "coordinates": null,
        "place": null,
        "contributors": null,
        "is_quote_status": false,
        "quote_count": 0,
        "reply_count": 0,
        "retweet_count": 2,
        "favorite_count": 4,
        "entities": {
            "hashtags": [],
            "urls": [
                {
                    "url": "https://t.co/bm6tln5fZf",
                    "expanded_url": "https://apple.news/AwJlrTvIiS1iZLcXAW78tXg",
                    "display_url": "apple.news/AwJlrTvIiS1iZL…",
                    "indices": [
                        98,
                        121
                    ]
                }
            ],
            "user_mentions": [],
            "symbols": []
        },
        "favorited": false,
        "retweeted": false,
        "possibly_sensitive": false,
        "filter_level": "low",
        "lang": "en"
    },
    "is_quote_status": false,
    "quote_count": 0,
    "reply_count": 0,
    "retweet_count": 0,
    "favorite_count": 0,
    "entities": {
        "hashtags": [],
        "urls": [
            {
                "url": "https://t.co/bm6tln5fZf",
                "expanded_url": "https://apple.news/AwJlrTvIiS1iZLcXAW78tXg",
                "display_url": "apple.news/AwJlrTvIiS1iZL…",
                "indices": [
                    116,
                    139
                ]
            }
        ],
        "user_mentions": [
            {
                "screen_name": "buntybagshoe",
                "name": "Elaine",
                "id": 780524779,
                "id_str": "780524779",
                "indices": [
                    3,
                    16
                ]
            }
        ],
        "symbols": []
    },
    "favorited": false,
    "retweeted": false,
    "possibly_sensitive": false,
    "filter_level": "low",
    "lang": "en",
    "timestamp_ms": "1674023864420"
}