{
    "created_at": "Wed Jan 18 06:37:49 +0000 2023",
    "id": 1615599324062171136,
    "id_str": "1615599324062171136",
    "text": "@LeroySkeete @illrev2 Imo we cant afford the tories, they all need to go. We can then put the money into services w… https://t.co/BJiWL2Va35",
    "display_text_range": [
        22,
        140
    ],
    "source": "<a href=\"http://twitter.com/#!/download/ipad\" rel=\"nofollow\">Twitter for iPad</a>",
    "truncated": true,
    "in_reply_to_status_id": 1615355763899129863,
    "in_reply_to_status_id_str": "1615355763899129863",
    "in_reply_to_user_id": 95221637,
    "in_reply_to_user_id_str": "95221637",
    "in_reply_to_screen_name": "LeroySkeete",
    "user": {
        "id": 1028004461409648645,
        "id_str": "1028004461409648645",
        "name": "susan darley💙#notmovingon#stopchartercities#GENOW",
        "screen_name": "darley_susan",
        "location": null,
        "url": null,
        "description": null,
        "translator_type": "none",
        "protected": false,
        "verified": false,
        "verified_type": "blue",
        "followers_count": 219,
        "friends_count": 465,
        "listed_count": 1,
        "favourites_count": 7284,
        "statuses_count": 10178,
        "created_at": "Fri Aug 10 19:45:37 +0000 2018",
        "utc_offset": null,
        "time_zone": null,
        "geo_enabled": false,
        "lang": null,
        "contributors_enabled": false,
        "is_translator": false,
        "profile_background_color": "F5F8FA",
        "profile_background_image_url": "",
        "profile_background_image_url_https": "",
        "profile_background_tile": false,
        "profile_link_color": "1DA1F2",
        "profile_sidebar_border_color": "C0DEED",
        "profile_sidebar_fill_color": "DDEEF6",
        "profile_text_color": "333333",
        "profile_use_background_image": true,
        "profile_image_url": "http://pbs.twimg.com/profile_images/1060474636532617218/RsdV2K8R_normal.jpg",
        "profile_image_url_https": "https://pbs.twimg.com/profile_images/1060474636532617218/RsdV2K8R_normal.jpg",
        "profile_banner_url": "https://pbs.twimg.com/profile_banners/1028004461409648645/1639592130",
        "default_profile": true,
        "default_profile_image": false,
        "following": null,
        "follow_request_sent": null,
        "notifications": null,
        "withheld_in_countries": []
    },
    "geo": null,
    "coordinates": null,
    "place": null,
    "contributors": null,
    "is_quote_status": false,
    "extended_tweet": {
        "full_text": "@LeroySkeete @illrev2 Imo we cant afford the tories, they all need to go. We can then put the money into services we need. Claw back the cronies illgotten gains and send them to jail. #GeneralElectionNow",
        "display_text_range": [
            22,
            203
        ],
        "entities": {
            "hashtags": [
                {
                    "text": "GeneralElectionNow",
                    "indices": [
                        184,
                        203
                    ]
                }
            ],
            "urls": [],
            "user_mentions": [
                {
                    "screen_name": "LeroySkeete",
                    "name": "✊🏿 Leroy Skeete ✊🏿",
                    "id": 95221637,
                    "id_str": "95221637",
                    "indices": [
                        0,
                        12
                    ]
                },
                {
                    "screen_name": "illrev2",
                    "name": "Steve J BSc(Hon) 3.5%FBCoalition2024 🇬🇧🇪🇺🇻🇨",
                    "id": 23297599,
                    "id_str": "23297599",
                    "indices": [
                        13,
                        21
                    ]
                }
            ],
            "symbols": []
        }
    },
    "quote_count": 0,
    "reply_count": 0,
    "retweet_count": 0,
    "favorite_count": 0,
    "entities": {
        "hashtags": [],
        "urls": [
            {
                "url": "https://t.co/BJiWL2Va35",
                "expanded_url": "https://twitter.com/i/web/status/1615599324062171136",
                "display_url": "twitter.com/i/web/status/1…",
                "indices": [
                    117,
                    140
                ]
            }
        ],
        "user_mentions": [
            {
                "screen_name": "LeroySkeete",
                "name": "✊🏿 Leroy Skeete ✊🏿",
                "id": 95221637,
                "id_str": "95221637",
                "indices": [
                    0,
                    12
                ]
            },
            {
                "screen_name": "illrev2",
                "name": "Steve J BSc(Hon) 3.5%FBCoalition2024 🇬🇧🇪🇺🇻🇨",
                "id": 23297599,
                "id_str": "23297599",
                "indices": [
                    13,
                    21
                ]
            }
        ],
        "symbols": []
    },
    "favorited": false,
    "retweeted": false,
    "filter_level": "low",
    "lang": "en",
    "timestamp_ms": "1674023869897"
}