{
    "created_at": "Wed Jan 18 06:37:51 +0000 2023",
    "id": 1615599330395820039,
    "id_str": "1615599330395820039",
    "text": "RT @TheDailyCPEC: Expressing regret over his calls for funds to friendly countries, Pakistan Prime Minister Shehbaz Sharif said on Saturday…",
    "source": "<a href=\"http://twitter.com/download/android\" rel=\"nofollow\">Twitter for Android</a>",
    "truncated": false,
    "in_reply_to_status_id": null,
    "in_reply_to_status_id_str": null,
    "in_reply_to_user_id": null,
    "in_reply_to_user_id_str": null,
    "in_reply_to_screen_name": null,
    "user": {
        "id": 1612095348369154052,
        "id_str": "1612095348369154052",
        "name": "zeeshan qureshi",
        "screen_name": "zeeshan89706900",
        "location": null,
        "url": null,
        "description": null,
        "translator_type": "none",
        "protected": false,
        "verified": false,
        "verified_type": "blue",
        "followers_count": 0,
        "friends_count": 37,
        "listed_count": 0,
        "favourites_count": 10,
        "statuses_count": 140,
        "created_at": "Sun Jan 08 14:34:26 +0000 2023",
        "utc_offset": null,
        "time_zone": null,
        "geo_enabled": false,
        "lang": null,
        "contributors_enabled": false,
        "is_translator": false,
        "profile_background_color": "F5F8FA",
        "profile_background_image_url": "",
        "profile_background_image_url_https": "",
        "profile_background_tile": false,
        "profile_link_color": "1DA1F2",
        "profile_sidebar_border_color": "C0DEED",
        "profile_sidebar_fill_color": "DDEEF6",
        "profile_text_color": "333333",
        "profile_use_background_image": true,
        "profile_image_url": "http://abs.twimg.com/sticky/default_profile_images/default_profile_normal.png",
        "profile_image_url_https": "https://abs.twimg.com/sticky/default_profile_images/default_profile_normal.png",
        "default_profile": true,
        "default_profile_image": false,
        "following": null,
        "follow_request_sent": null,
        "notifications": null,
        "withheld_in_countries": []
    },
    "geo": null,
    "coordinates": null,
    "place": null,
    "contributors": null,
    "retweeted_status": {
        "created_at": "Mon Jan 16 15:23:24 +0000 2023",
        "id": 1615006812947861505,
        "id_str": "1615006812947861505",
        "text": "Expressing regret over his calls for funds to friendly countries, Pakistan Prime Minister Shehbaz Sharif said on Sa… https://t.co/Bzum4a0ztM",
        "display_text_range": [
            0,
            140
        ],
        "source": "<a href=\"https://www.canva.com\" rel=\"nofollow\">Canva</a>",
        "truncated": true,
        "in_reply_to_status_id": null,
        "in_reply_to_status_id_str": null,
        "in_reply_to_user_id": null,
        "in_reply_to_user_id_str": null,
        "in_reply_to_screen_name": null,
        "user": {
            "id": 1288058097420972032,
            "id_str": "1288058097420972032",
            "name": "The Daily CPEC",
            "screen_name": "TheDailyCPEC",
            "location": null,
            "url": "http://thedailycpec.com",
            "description": "#1 Source of News on China-Pakistan Economic Corridor (CPEC), BRI & World.",
            "translator_type": "none",
            "protected": false,
            "verified": false,
            "verified_type": "blue",
            "followers_count": 5133,
            "friends_count": 97,
            "listed_count": 26,
            "favourites_count": 3488,
            "statuses_count": 6958,
            "created_at": "Tue Jul 28 10:26:11 +0000 2020",
            "utc_offset": null,
            "time_zone": null,
            "geo_enabled": true,
            "lang": null,
            "contributors_enabled": false,
            "is_translator": false,
            "profile_background_color": "F5F8FA",
            "profile_background_image_url": "",
            "profile_background_image_url_https": "",
            "profile_background_tile": false,
            "profile_link_color": "1DA1F2",
            "profile_sidebar_border_color": "C0DEED",
            "profile_sidebar_fill_color": "DDEEF6",
            "profile_text_color": "333333",
            "profile_use_background_image": true,
            "profile_image_url": "http://pbs.twimg.com/profile_images/1519365710006427649/48xYeezb_normal.jpg",
            "profile_image_url_https": "https://pbs.twimg.com/profile_images/1519365710006427649/48xYeezb_normal.jpg",
            "profile_banner_url": "https://pbs.twimg.com/profile_banners/1288058097420972032/1611039277",
            "default_profile": true,
            "default_profile_image": false,
            "following": null,
            "follow_request_sent": null,
            "notifications": null,
            "withheld_in_countries": []
        },
        "geo": null,
        "coordinates": null,
        "place": null,
        "contributors": null,
        "is_quote_status": false,
        "extended_tweet": {
            "full_text": "Expressing regret over his calls for funds to friendly countries, Pakistan Prime Minister Shehbaz Sharif said on Saturday that it really embarrassed him to ask for further loans, media reports said. https://t.co/dWLUepi2jO",
            "display_text_range": [
                0,
                198
            ],
            "entities": {
                "hashtags": [],
                "urls": [],
                "user_mentions": [],
                "symbols": [],
                "media": [
                    {
                        "id": 1615006811060330498,
                        "id_str": "1615006811060330498",
                        "indices": [
                            199,
                            222
                        ],
                        "media_url": "http://pbs.twimg.com/media/FmmoI1MWYAI-IAG.jpg",
                        "media_url_https": "https://pbs.twimg.com/media/FmmoI1MWYAI-IAG.jpg",
                        "url": "https://t.co/dWLUepi2jO",
                        "display_url": "pic.twitter.com/dWLUepi2jO",
                        "expanded_url": "https://twitter.com/TheDailyCPEC/status/1615006812947861505/photo/1",
                        "type": "photo",
                        "sizes": {
                            "thumb": {
                                "w": 150,
                                "h": 150,
                                "resize": "crop"
                            },
                            "small": {
                                "w": 680,
                                "h": 680,
                                "resize": "fit"
                            },
                            "medium": {
                                "w": 1080,
                                "h": 1080,
                                "resize": "fit"
                            },
                            "large": {
                                "w": 1080,
                                "h": 1080,
                                "resize": "fit"
                            }
                        }
                    }
                ]
            },
            "extended_entities": {
                "media": [
                    {
                        "id": 1615006811060330498,
                        "id_str": "1615006811060330498",
                        "indices": [
                            199,
                            222
                        ],
                        "media_url": "http://pbs.twimg.com/media/FmmoI1MWYAI-IAG.jpg",
                        "media_url_https": "https://pbs.twimg.com/media/FmmoI1MWYAI-IAG.jpg",
                        "url": "https://t.co/dWLUepi2jO",
                        "display_url": "pic.twitter.com/dWLUepi2jO",
                        "expanded_url": "https://twitter.com/TheDailyCPEC/status/1615006812947861505/photo/1",
                        "type": "photo",
                        "sizes": {
                            "thumb": {
                                "w": 150,
                                "h": 150,
                                "resize": "crop"
                            },
                            "small": {
                                "w": 680,
                                "h": 680,
                                "resize": "fit"
                            },
                            "medium": {
                                "w": 1080,
                                "h": 1080,
                                "resize": "fit"
                            },
                            "large": {
                                "w": 1080,
                                "h": 1080,
                                "resize": "fit"
                            }
                        }
                    }
                ]
            }
        },
        "quote_count": 1,
        "reply_count": 0,
        "retweet_count": 142,
        "favorite_count": 76,
        "entities": {
            "hashtags": [],
            "urls": [
                {
                    "url": "https://t.co/Bzum4a0ztM",
                    "expanded_url": "https://twitter.com/i/web/status/1615006812947861505",
                    "display_url": "twitter.com/i/web/status/1…",
                    "indices": [
                        117,
                        140
                    ]
                }
            ],
            "user_mentions": [],
            "symbols": []
        },
        "favorited": false,
        "retweeted": false,
        "possibly_sensitive": false,
        "filter_level": "low",
        "lang": "en"
    },
    "is_quote_status": false,
    "quote_count": 0,
    "reply_count": 0,
    "retweet_count": 0,
    "favorite_count": 0,
    "entities": {
        "hashtags": [],
        "urls": [],
        "user_mentions": [
            {
                "screen_name": "TheDailyCPEC",
                "name": "The Daily CPEC",
                "id": 1288058097420972032,
                "id_str": "1288058097420972032",
                "indices": [
                    3,
                    16
                ]
            }
        ],
        "symbols": []
    },
    "favorited": false,
    "retweeted": false,
    "filter_level": "low",
    "lang": "en",
    "timestamp_ms": "1674023871407"
}