{
    "created_at": "Wed Jan 18 06:37:42 +0000 2023",
    "id": 1615599293221556226,
    "id_str": "1615599293221556226",
    "text": "RT @RyszardJonski: 1⃣UK Defense Secretary B Wallace is accelerating the Mobile Fires program, instead of delivering it in the 2030s, he wil…",
    "source": "<a href=\"https://mobile.twitter.com\" rel=\"nofollow\">Twitter Web App</a>",
    "truncated": false,
    "in_reply_to_status_id": null,
    "in_reply_to_status_id_str": null,
    "in_reply_to_user_id": null,
    "in_reply_to_user_id_str": null,
    "in_reply_to_screen_name": null,
    "user": {
        "id": 584985919,
        "id_str": "584985919",
        "name": "Marcin 'Marciani' Kwaśniewski No Nonsense TT",
        "screen_name": "SekretarzXXL",
        "location": null,
        "url": null,
        "description": "#TakDziałaRuchObywatelski\n\nhttp://marcinalkwasniewski.wordpress.com\n\nWORLD TWISTS \nDADA HUNTS \nGUGA TWEETS",
        "translator_type": "none",
        "protected": false,
        "verified": false,
        "verified_type": "blue",
        "followers_count": 6661,
        "friends_count": 4497,
        "listed_count": 77,
        "favourites_count": 73564,
        "statuses_count": 157232,
        "created_at": "Sat May 19 18:19:01 +0000 2012",
        "utc_offset": null,
        "time_zone": null,
        "geo_enabled": false,
        "lang": null,
        "contributors_enabled": false,
        "is_translator": false,
        "profile_background_color": "709397",
        "profile_background_image_url": "http://abs.twimg.com/images/themes/theme6/bg.gif",
        "profile_background_image_url_https": "https://abs.twimg.com/images/themes/theme6/bg.gif",
        "profile_background_tile": false,
        "profile_link_color": "FF3300",
        "profile_sidebar_border_color": "000000",
        "profile_sidebar_fill_color": "A0C5C7",
        "profile_text_color": "333333",
        "profile_use_background_image": false,
        "profile_image_url": "http://pbs.twimg.com/profile_images/1322616596041531403/lxslNv5w_normal.jpg",
        "profile_image_url_https": "https://pbs.twimg.com/profile_images/1322616596041531403/lxslNv5w_normal.jpg",
        "profile_banner_url": "https://pbs.twimg.com/profile_banners/584985919/1666471780",
        "default_profile": false,
        "default_profile_image": false,
        "following": null,
        "follow_request_sent": null,
        "notifications": null,
        "withheld_in_countries": []
    },
    "geo": null,
    "coordinates": null,
    "place": null,
    "contributors": null,
    "retweeted_status": {
        "created_at": "Tue Jan 17 15:30:25 +0000 2023",
        "id": 1615370969152978945,
        "id_str": "1615370969152978945",
        "text": "1⃣UK Defense Secretary B Wallace is accelerating the Mobile Fires program, instead of delivering it in the 2030s, h… https://t.co/uFdOXfC0Tr",
        "display_text_range": [
            0,
            140
        ],
        "source": "<a href=\"https://mobile.twitter.com\" rel=\"nofollow\">Twitter Web App</a>",
        "truncated": true,
        "in_reply_to_status_id": null,
        "in_reply_to_status_id_str": null,
        "in_reply_to_user_id": null,
        "in_reply_to_user_id_str": null,
        "in_reply_to_screen_name": null,
        "user": {
            "id": 1428737953904402438,
            "id_str": "1428737953904402438",
            "name": "Junsupreme",
            "screen_name": "RyszardJonski",
            "location": "UK",
            "url": null,
            "description": "Interest in military and a bit of photography exclusively as a hobby. A fan of British tanks and air museums.",
            "translator_type": "none",
            "protected": false,
            "verified": false,
            "verified_type": "blue",
            "followers_count": 3447,
            "friends_count": 172,
            "listed_count": 36,
            "favourites_count": 7109,
            "statuses_count": 2349,
            "created_at": "Fri Aug 20 15:17:48 +0000 2021",
            "utc_offset": null,
            "time_zone": null,
            "geo_enabled": true,
            "lang": null,
            "contributors_enabled": false,
            "is_translator": false,
            "profile_background_color": "F5F8FA",
            "profile_background_image_url": "",
            "profile_background_image_url_https": "",
            "profile_background_tile": false,
            "profile_link_color": "1DA1F2",
            "profile_sidebar_border_color": "C0DEED",
            "profile_sidebar_fill_color": "DDEEF6",
            "profile_text_color": "333333",
            "profile_use_background_image": true,
            "profile_image_url": "http://pbs.twimg.com/profile_images/1512460365917048834/laEvyk3K_normal.jpg",
            "profile_image_url_https": "https://pbs.twimg.com/profile_images/1512460365917048834/laEvyk3K_normal.jpg",
            "profile_banner_url": "https://pbs.twimg.com/profile_banners/1428737953904402438/1649515737",
            "default_profile": true,
            "default_profile_image": false,
            "following": null,
            "follow_request_sent": null,
            "notifications": null,
            "withheld_in_countries": []
        },
        "geo": null,
        "coordinates": null,
        "place": null,
        "contributors": null,
        "is_quote_status": false,
        "extended_tweet": {
            "full_text": "1⃣UK Defense Secretary B Wallace is accelerating the Mobile Fires program, instead of delivering it in the 2030s, he will do so earlier in this decade.\n2⃣Team Thunder representatives  visit  the production plant of the Hanwha K9 SPH in Changwon.\n1⃣➕2⃣🟰❓\nhttps://t.co/n4bhorLA2y https://t.co/ZmnbyiFMKF",
            "display_text_range": [
                0,
                277
            ],
            "entities": {
                "hashtags": [],
                "urls": [
                    {
                        "url": "https://t.co/n4bhorLA2y",
                        "expanded_url": "https://www.koreaittimes.com/news/articleView.html?idxno=118825",
                        "display_url": "koreaittimes.com/news/articleVi…",
                        "indices": [
                            254,
                            277
                        ]
                    }
                ],
                "user_mentions": [],
                "symbols": [],
                "media": [
                    {
                        "id": 1615369643144650755,
                        "id_str": "1615369643144650755",
                        "indices": [
                            278,
                            301
                        ],
                        "media_url": "http://pbs.twimg.com/media/FmryIcCWIAM8Qto.jpg",
                        "media_url_https": "https://pbs.twimg.com/media/FmryIcCWIAM8Qto.jpg",
                        "url": "https://t.co/ZmnbyiFMKF",
                        "display_url": "pic.twitter.com/ZmnbyiFMKF",
                        "expanded_url": "https://twitter.com/RyszardJonski/status/1615370969152978945/photo/1",
                        "type": "photo",
                        "sizes": {
                            "thumb": {
                                "w": 150,
                                "h": 150,
                                "resize": "crop"
                            },
                            "large": {
                                "w": 1080,
                                "h": 720,
                                "resize": "fit"
                            },
                            "small": {
                                "w": 680,
                                "h": 453,
                                "resize": "fit"
                            },
                            "medium": {
                                "w": 1080,
                                "h": 720,
                                "resize": "fit"
                            }
                        }
                    }
                ]
            },
            "extended_entities": {
                "media": [
                    {
                        "id": 1615369643144650755,
                        "id_str": "1615369643144650755",
                        "indices": [
                            278,
                            301
                        ],
                        "media_url": "http://pbs.twimg.com/media/FmryIcCWIAM8Qto.jpg",
                        "media_url_https": "https://pbs.twimg.com/media/FmryIcCWIAM8Qto.jpg",
                        "url": "https://t.co/ZmnbyiFMKF",
                        "display_url": "pic.twitter.com/ZmnbyiFMKF",
                        "expanded_url": "https://twitter.com/RyszardJonski/status/1615370969152978945/photo/1",
                        "type": "photo",
                        "sizes": {
                            "thumb": {
                                "w": 150,
                                "h": 150,
                                "resize": "crop"
                            },
                            "large": {
                                "w": 1080,
                                "h": 720,
                                "resize": "fit"
                            },
                            "small": {
                                "w": 680,
                                "h": 453,
                                "resize": "fit"
                            },
                            "medium": {
                                "w": 1080,
                                "h": 720,
                                "resize": "fit"
                            }
                        }
                    }
                ]
            }
        },
        "quote_count": 4,
        "reply_count": 12,
        "retweet_count": 22,
        "favorite_count": 229,
        "entities": {
            "hashtags": [],
            "urls": [
                {
                    "url": "https://t.co/uFdOXfC0Tr",
                    "expanded_url": "https://twitter.com/i/web/status/1615370969152978945",
                    "display_url": "twitter.com/i/web/status/1…",
                    "indices": [
                        117,
                        140
                    ]
                }
            ],
            "user_mentions": [],
            "symbols": []
        },
        "favorited": false,
        "retweeted": false,
        "possibly_sensitive": false,
        "filter_level": "low",
        "lang": "en"
    },
    "is_quote_status": false,
    "quote_count": 0,
    "reply_count": 0,
    "retweet_count": 0,
    "favorite_count": 0,
    "entities": {
        "hashtags": [],
        "urls": [],
        "user_mentions": [
            {
                "screen_name": "RyszardJonski",
                "name": "Junsupreme",
                "id": 1428737953904402438,
                "id_str": "1428737953904402438",
                "indices": [
                    3,
                    17
                ]
            }
        ],
        "symbols": []
    },
    "favorited": false,
    "retweeted": false,
    "filter_level": "low",
    "lang": "en",
    "timestamp_ms": "1674023862544"
}