{
    "created_at": "Wed Jan 18 06:37:52 +0000 2023",
    "id": 1615599335802294275,
    "id_str": "1615599335802294275",
    "text": "RT @krystalball: This is truly evil",
    "source": "<a href=\"http://twitter.com/download/android\" rel=\"nofollow\">Twitter for Android</a>",
    "truncated": false,
    "in_reply_to_status_id": null,
    "in_reply_to_status_id_str": null,
    "in_reply_to_user_id": null,
    "in_reply_to_user_id_str": null,
    "in_reply_to_screen_name": null,
    "user": {
        "id": 1486443429370417153,
        "id_str": "1486443429370417153",
        "name": "Mary List",
        "screen_name": "MaryList1957",
        "location": null,
        "url": null,
        "description": null,
        "translator_type": "none",
        "protected": false,
        "verified": false,
        "verified_type": "blue",
        "followers_count": 10,
        "friends_count": 61,
        "listed_count": 0,
        "favourites_count": 1328,
        "statuses_count": 2272,
        "created_at": "Wed Jan 26 20:59:28 +0000 2022",
        "utc_offset": null,
        "time_zone": null,
        "geo_enabled": false,
        "lang": null,
        "contributors_enabled": false,
        "is_translator": false,
        "profile_background_color": "F5F8FA",
        "profile_background_image_url": "",
        "profile_background_image_url_https": "",
        "profile_background_tile": false,
        "profile_link_color": "1DA1F2",
        "profile_sidebar_border_color": "C0DEED",
        "profile_sidebar_fill_color": "DDEEF6",
        "profile_text_color": "333333",
        "profile_use_background_image": true,
        "profile_image_url": "http://pbs.twimg.com/profile_images/1486443698103721989/Mbc-ibvP_normal.png",
        "profile_image_url_https": "https://pbs.twimg.com/profile_images/1486443698103721989/Mbc-ibvP_normal.png",
        "default_profile": true,
        "default_profile_image": false,
        "following": null,
        "follow_request_sent": null,
        "notifications": null,
        "withheld_in_countries": []
    },
    "geo": null,
    "coordinates": null,
    "place": null,
    "contributors": null,
    "retweeted_status": {
        "created_at": "Wed Jan 18 01:07:58 +0000 2023",
        "id": 1615516312427536386,
        "id_str": "1615516312427536386",
        "text": "This is truly evil",
        "source": "<a href=\"http://twitter.com/download/iphone\" rel=\"nofollow\">Twitter for iPhone</a>",
        "truncated": false,
        "in_reply_to_status_id": null,
        "in_reply_to_status_id_str": null,
        "in_reply_to_user_id": null,
        "in_reply_to_user_id_str": null,
        "in_reply_to_screen_name": null,
        "user": {
            "id": 21862217,
            "id_str": "21862217",
            "name": "Krystal Ball",
            "screen_name": "krystalball",
            "location": "King George, VA",
            "url": "http://krystalandsaagar.com",
            "description": "Krystal Kyle & Friends. Host of Breaking Points. Ella, Lolo and Ida Rose's Mama! Author of bestselling book: The Populist’s Guide to 2020. insta @krystalmball",
            "translator_type": "none",
            "protected": false,
            "verified": true,
            "verified_type": "blue",
            "followers_count": 571514,
            "friends_count": 4883,
            "listed_count": 3905,
            "favourites_count": 4814,
            "statuses_count": 31323,
            "created_at": "Wed Feb 25 12:58:53 +0000 2009",
            "utc_offset": null,
            "time_zone": null,
            "geo_enabled": true,
            "lang": null,
            "contributors_enabled": false,
            "is_translator": false,
            "profile_background_color": "EBEBEB",
            "profile_background_image_url": "http://abs.twimg.com/images/themes/theme7/bg.gif",
            "profile_background_image_url_https": "https://abs.twimg.com/images/themes/theme7/bg.gif",
            "profile_background_tile": false,
            "profile_link_color": "990000",
            "profile_sidebar_border_color": "DFDFDF",
            "profile_sidebar_fill_color": "F3F3F3",
            "profile_text_color": "333333",
            "profile_use_background_image": false,
            "profile_image_url": "http://pbs.twimg.com/profile_images/1345169573730004993/0Q9x3RSs_normal.jpg",
            "profile_image_url_https": "https://pbs.twimg.com/profile_images/1345169573730004993/0Q9x3RSs_normal.jpg",
            "profile_banner_url": "https://pbs.twimg.com/profile_banners/21862217/1622560412",
            "default_profile": false,
            "default_profile_image": false,
            "following": null,
            "follow_request_sent": null,
            "notifications": null,
            "withheld_in_countries": []
        },
        "geo": null,
        "coordinates": null,
        "place": null,
        "contributors": null,
        "quoted_status_id": 1615500714964549632,
        "quoted_status_id_str": "1615500714964549632",
        "quoted_status": {
            "created_at": "Wed Jan 18 00:05:59 +0000 2023",
            "id": 1615500714964549632,
            "id_str": "1615500714964549632",
            "text": "Two veterans allege that George Santos set up a GoFundMe for a service dog, then kept the $3,000 raised that she ne… https://t.co/C83y2YGV2B",
            "source": "<a href=\"https://mobile.twitter.com\" rel=\"nofollow\">Twitter Web App</a>",
            "truncated": true,
            "in_reply_to_status_id": null,
            "in_reply_to_status_id_str": null,
            "in_reply_to_user_id": null,
            "in_reply_to_user_id_str": null,
            "in_reply_to_screen_name": null,
            "user": {
                "id": 286998245,
                "id_str": "286998245",
                "name": "philip lewis",
                "screen_name": "Phil_Lewis_",
                "location": "Washington, DC",
                "url": "https://phillewis.substack.com/",
                "description": "detroit native. senior front page editor @huffpost. subscribe to my newsletter! 👇🏾",
                "translator_type": "none",
                "protected": false,
                "verified": true,
                "verified_type": "blue",
                "followers_count": 296222,
                "friends_count": 2696,
                "listed_count": 2151,
                "favourites_count": 21883,
                "statuses_count": 223564,
                "created_at": "Sun Apr 24 03:45:44 +0000 2011",
                "utc_offset": null,
                "time_zone": null,
                "geo_enabled": true,
                "lang": null,
                "contributors_enabled": false,
                "is_translator": false,
                "profile_background_color": "000000",
                "profile_background_image_url": "http://abs.twimg.com/images/themes/theme1/bg.png",
                "profile_background_image_url_https": "https://abs.twimg.com/images/themes/theme1/bg.png",
                "profile_background_tile": false,
                "profile_link_color": "4A913C",
                "profile_sidebar_border_color": "000000",
                "profile_sidebar_fill_color": "000000",
                "profile_text_color": "000000",
                "profile_use_background_image": false,
                "profile_image_url": "http://pbs.twimg.com/profile_images/1367933008616038403/pY-eIQWA_normal.jpg",
                "profile_image_url_https": "https://pbs.twimg.com/profile_images/1367933008616038403/pY-eIQWA_normal.jpg",
                "profile_banner_url": "https://pbs.twimg.com/profile_banners/286998245/1590459223",
                "default_profile": false,
                "default_profile_image": false,
                "following": null,
                "follow_request_sent": null,
                "notifications": null,
                "withheld_in_countries": []
            },
            "geo": null,
            "coordinates": null,
            "place": null,
            "contributors": null,
            "is_quote_status": false,
            "extended_tweet": {
                "full_text": "Two veterans allege that George Santos set up a GoFundMe for a service dog, then kept the $3,000 raised that she needed for a lifesaving surgery. \n\nThey say Santos closed the GoFundMe, disappeared, and the dog died. \n\nhttps://t.co/GZaAllo5DM",
                "display_text_range": [
                    0,
                    241
                ],
                "entities": {
                    "hashtags": [],
                    "urls": [
                        {
                            "url": "https://t.co/GZaAllo5DM",
                            "expanded_url": "https://patch.com/new-york/oysterbay/disabled-veteran-george-santos-took-3k-dying-dogs-gofundme",
                            "display_url": "patch.com/new-york/oyste…",
                            "indices": [
                                218,
                                241
                            ]
                        }
                    ],
                    "user_mentions": [],
                    "symbols": []
                }
            },
            "quote_count": 176,
            "reply_count": 85,
            "retweet_count": 677,
            "favorite_count": 1377,
            "entities": {
                "hashtags": [],
                "urls": [
                    {
                        "url": "https://t.co/C83y2YGV2B",
                        "expanded_url": "https://twitter.com/i/web/status/1615500714964549632",
                        "display_url": "twitter.com/i/web/status/1…",
                        "indices": [
                            117,
                            140
                        ]
                    }
                ],
                "user_mentions": [],
                "symbols": []
            },
            "favorited": false,
            "retweeted": false,
            "possibly_sensitive": false,
            "filter_level": "low",
            "lang": "en"
        },
        "quoted_status_permalink": {
            "url": "https://t.co/J9KW0PoS10",
            "expanded": "https://twitter.com/Phil_Lewis_/status/1615500714964549632",
            "display": "twitter.com/Phil_Lewis_/st…"
        },
        "is_quote_status": true,
        "quote_count": 2,
        "reply_count": 40,
        "retweet_count": 29,
        "favorite_count": 389,
        "entities": {
            "hashtags": [],
            "urls": [],
            "user_mentions": [],
            "symbols": []
        },
        "favorited": false,
        "retweeted": false,
        "filter_level": "low",
        "lang": "en"
    },
    "quoted_status_id": 1615500714964549632,
    "quoted_status_id_str": "1615500714964549632",
    "quoted_status": {
        "created_at": "Wed Jan 18 00:05:59 +0000 2023",
        "id": 1615500714964549632,
        "id_str": "1615500714964549632",
        "text": "Two veterans allege that George Santos set up a GoFundMe for a service dog, then kept the $3,000 raised that she ne… https://t.co/C83y2YGV2B",
        "source": "<a href=\"https://mobile.twitter.com\" rel=\"nofollow\">Twitter Web App</a>",
        "truncated": true,
        "in_reply_to_status_id": null,
        "in_reply_to_status_id_str": null,
        "in_reply_to_user_id": null,
        "in_reply_to_user_id_str": null,
        "in_reply_to_screen_name": null,
        "user": {
            "id": 286998245,
            "id_str": "286998245",
            "name": "philip lewis",
            "screen_name": "Phil_Lewis_",
            "location": "Washington, DC",
            "url": "https://phillewis.substack.com/",
            "description": "detroit native. senior front page editor @huffpost. subscribe to my newsletter! 👇🏾",
            "translator_type": "none",
            "protected": false,
            "verified": true,
            "verified_type": "blue",
            "followers_count": 296222,
            "friends_count": 2696,
            "listed_count": 2151,
            "favourites_count": 21883,
            "statuses_count": 223564,
            "created_at": "Sun Apr 24 03:45:44 +0000 2011",
            "utc_offset": null,
            "time_zone": null,
            "geo_enabled": true,
            "lang": null,
            "contributors_enabled": false,
            "is_translator": false,
            "profile_background_color": "000000",
            "profile_background_image_url": "http://abs.twimg.com/images/themes/theme1/bg.png",
            "profile_background_image_url_https": "https://abs.twimg.com/images/themes/theme1/bg.png",
            "profile_background_tile": false,
            "profile_link_color": "4A913C",
            "profile_sidebar_border_color": "000000",
            "profile_sidebar_fill_color": "000000",
            "profile_text_color": "000000",
            "profile_use_background_image": false,
            "profile_image_url": "http://pbs.twimg.com/profile_images/1367933008616038403/pY-eIQWA_normal.jpg",
            "profile_image_url_https": "https://pbs.twimg.com/profile_images/1367933008616038403/pY-eIQWA_normal.jpg",
            "profile_banner_url": "https://pbs.twimg.com/profile_banners/286998245/1590459223",
            "default_profile": false,
            "default_profile_image": false,
            "following": null,
            "follow_request_sent": null,
            "notifications": null,
            "withheld_in_countries": []
        },
        "geo": null,
        "coordinates": null,
        "place": null,
        "contributors": null,
        "is_quote_status": false,
        "extended_tweet": {
            "full_text": "Two veterans allege that George Santos set up a GoFundMe for a service dog, then kept the $3,000 raised that she needed for a lifesaving surgery. \n\nThey say Santos closed the GoFundMe, disappeared, and the dog died. \n\nhttps://t.co/GZaAllo5DM",
            "display_text_range": [
                0,
                241
            ],
            "entities": {
                "hashtags": [],
                "urls": [
                    {
                        "url": "https://t.co/GZaAllo5DM",
                        "expanded_url": "https://patch.com/new-york/oysterbay/disabled-veteran-george-santos-took-3k-dying-dogs-gofundme",
                        "display_url": "patch.com/new-york/oyste…",
                        "indices": [
                            218,
                            241
                        ]
                    }
                ],
                "user_mentions": [],
                "symbols": []
            }
        },
        "quote_count": 176,
        "reply_count": 85,
        "retweet_count": 677,
        "favorite_count": 1377,
        "entities": {
            "hashtags": [],
            "urls": [
                {
                    "url": "https://t.co/C83y2YGV2B",
                    "expanded_url": "https://twitter.com/i/web/status/1615500714964549632",
                    "display_url": "twitter.com/i/web/status/1…",
                    "indices": [
                        117,
                        140
                    ]
                }
            ],
            "user_mentions": [],
            "symbols": []
        },
        "favorited": false,
        "retweeted": false,
        "possibly_sensitive": false,
        "filter_level": "low",
        "lang": "en"
    },
    "quoted_status_permalink": {
        "url": "https://t.co/J9KW0PoS10",
        "expanded": "https://twitter.com/Phil_Lewis_/status/1615500714964549632",
        "display": "twitter.com/Phil_Lewis_/st…"
    },
    "is_quote_status": true,
    "quote_count": 0,
    "reply_count": 0,
    "retweet_count": 0,
    "favorite_count": 0,
    "entities": {
        "hashtags": [],
        "urls": [],
        "user_mentions": [
            {
                "screen_name": "krystalball",
                "name": "Krystal Ball",
                "id": 21862217,
                "id_str": "21862217",
                "indices": [
                    3,
                    15
                ]
            }
        ],
        "symbols": []
    },
    "favorited": false,
    "retweeted": false,
    "filter_level": "low",
    "lang": "en",
    "timestamp_ms": "1674023872696"
}