{
    "created_at": "Wed Jan 18 06:37:48 +0000 2023",
    "id": 1615599316923723776,
    "id_str": "1615599316923723776",
    "text": "Join the World Bank, UNHCR, and UK Government on January 18th for the global launch of Social Cohesion and Forced D… https://t.co/l01Msf8hUB",
    "source": "<a href=\"https://mobile.twitter.com\" rel=\"nofollow\">Twitter Web App</a>",
    "truncated": true,
    "in_reply_to_status_id": null,
    "in_reply_to_status_id_str": null,
    "in_reply_to_user_id": null,
    "in_reply_to_user_id_str": null,
    "in_reply_to_screen_name": null,
    "user": {
        "id": 1595538432,
        "id_str": "1595538432",
        "name": "Paterson lonsa",
        "screen_name": "LonsaBrown",
        "location": "Usa and Africa",
        "url": "https://www.facebook.com/G.FashionKinshasa",
        "description": "loving somebody requires understanding   :\n    MBA / Entrepreneur/",
        "translator_type": "none",
        "protected": false,
        "verified": false,
        "verified_type": "blue",
        "followers_count": 204,
        "friends_count": 90,
        "listed_count": 5,
        "favourites_count": 16055,
        "statuses_count": 6009,
        "created_at": "Mon Jul 15 10:49:41 +0000 2013",
        "utc_offset": null,
        "time_zone": null,
        "geo_enabled": false,
        "lang": null,
        "contributors_enabled": false,
        "is_translator": false,
        "profile_background_color": "C0DEED",
        "profile_background_image_url": "http://abs.twimg.com/images/themes/theme1/bg.png",
        "profile_background_image_url_https": "https://abs.twimg.com/images/themes/theme1/bg.png",
        "profile_background_tile": false,
        "profile_link_color": "1DA1F2",
        "profile_sidebar_border_color": "C0DEED",
        "profile_sidebar_fill_color": "DDEEF6",
        "profile_text_color": "333333",
        "profile_use_background_image": true,
        "profile_image_url": "http://pbs.twimg.com/profile_images/1595732373609631745/T39I_8zx_normal.jpg",
        "profile_image_url_https": "https://pbs.twimg.com/profile_images/1595732373609631745/T39I_8zx_normal.jpg",
        "profile_banner_url": "https://pbs.twimg.com/profile_banners/1595538432/1669287165",
        "default_profile": true,
        "default_profile_image": false,
        "following": null,
        "follow_request_sent": null,
        "notifications": null,
        "withheld_in_countries": []
    },
    "geo": null,
    "coordinates": null,
    "place": null,
    "contributors": null,
    "is_quote_status": false,
    "extended_tweet": {
        "full_text": "Join the World Bank, UNHCR, and UK Government on January 18th for the global launch of Social Cohesion and Forced Displacement: A Synthesis of New Research. https://t.co/v7FhP8htmD via @worldbanklive",
        "display_text_range": [
            0,
            199
        ],
        "entities": {
            "hashtags": [],
            "urls": [
                {
                    "url": "https://t.co/v7FhP8htmD",
                    "expanded_url": "https://live.worldbank.org/events/social-cohesion-forced-displacement?cid=ECR_FB_worldbank_EN_EXT?cid=shr_wblivetweetable_en_ext",
                    "display_url": "live.worldbank.org/events/social-…",
                    "indices": [
                        157,
                        180
                    ]
                }
            ],
            "user_mentions": [
                {
                    "screen_name": "WorldBankLive",
                    "name": "World Bank Live",
                    "id": 357588709,
                    "id_str": "357588709",
                    "indices": [
                        185,
                        199
                    ]
                }
            ],
            "symbols": []
        }
    },
    "quote_count": 0,
    "reply_count": 0,
    "retweet_count": 0,
    "favorite_count": 0,
    "entities": {
        "hashtags": [],
        "urls": [
            {
                "url": "https://t.co/l01Msf8hUB",
                "expanded_url": "https://twitter.com/i/web/status/1615599316923723776",
                "display_url": "twitter.com/i/web/status/1…",
                "indices": [
                    117,
                    140
                ]
            }
        ],
        "user_mentions": [],
        "symbols": []
    },
    "favorited": false,
    "retweeted": false,
    "possibly_sensitive": false,
    "filter_level": "low",
    "lang": "en",
    "timestamp_ms": "1674023868195"
}