{
    "created_at": "Wed Jan 18 06:37:48 +0000 2023",
    "id": 1615599317871480832,
    "id_str": "1615599317871480832",
    "text": "RT @AdoptionsUk: Please retweet to help Tommy and Ruby find a home together #ABERDEENSHIRE #SCOTLAND #UK \n\nBONDED PAIR, Jack Russells cross…",
    "source": "<a href=\"http://twitter.com/download/iphone\" rel=\"nofollow\">Twitter for iPhone</a>",
    "truncated": false,
    "in_reply_to_status_id": null,
    "in_reply_to_status_id_str": null,
    "in_reply_to_user_id": null,
    "in_reply_to_user_id_str": null,
    "in_reply_to_screen_name": null,
    "user": {
        "id": 3523646541,
        "id_str": "3523646541",
        "name": "Vanessa",
        "screen_name": "_AlwaysWondered",
        "location": null,
        "url": null,
        "description": "Travel Mad - Work hard, Play harder ! Ex Beauty Therapist now Executive Assistant",
        "translator_type": "none",
        "protected": false,
        "verified": false,
        "verified_type": "blue",
        "followers_count": 2314,
        "friends_count": 3118,
        "listed_count": 1,
        "favourites_count": 112710,
        "statuses_count": 20536,
        "created_at": "Wed Sep 02 13:36:13 +0000 2015",
        "utc_offset": null,
        "time_zone": null,
        "geo_enabled": false,
        "lang": null,
        "contributors_enabled": false,
        "is_translator": false,
        "profile_background_color": "C0DEED",
        "profile_background_image_url": "http://abs.twimg.com/images/themes/theme1/bg.png",
        "profile_background_image_url_https": "https://abs.twimg.com/images/themes/theme1/bg.png",
        "profile_background_tile": false,
        "profile_link_color": "1DA1F2",
        "profile_sidebar_border_color": "C0DEED",
        "profile_sidebar_fill_color": "DDEEF6",
        "profile_text_color": "333333",
        "profile_use_background_image": true,
        "profile_image_url": "http://pbs.twimg.com/profile_images/1526438878688813056/l-5XteW4_normal.jpg",
        "profile_image_url_https": "https://pbs.twimg.com/profile_images/1526438878688813056/l-5XteW4_normal.jpg",
        "profile_banner_url": "https://pbs.twimg.com/profile_banners/3523646541/1550694742",
        "default_profile": true,
        "default_profile_image": false,
        "following": null,
        "follow_request_sent": null,
        "notifications": null,
        "withheld_in_countries": []
    },
    "geo": null,
    "coordinates": null,
    "place": null,
    "contributors": null,
    "retweeted_status": {
        "created_at": "Mon Jan 16 11:58:34 +0000 2023",
        "id": 1614955267883499520,
        "id_str": "1614955267883499520",
        "text": "Please retweet to help Tommy and Ruby find a home together #ABERDEENSHIRE #SCOTLAND #UK \n\nBONDED PAIR, Jack Russell… https://t.co/MkhcqmBJ1R",
        "display_text_range": [
            0,
            140
        ],
        "source": "<a href=\"https://mobile.twitter.com\" rel=\"nofollow\">Twitter Web App</a>",
        "truncated": true,
        "in_reply_to_status_id": null,
        "in_reply_to_status_id_str": null,
        "in_reply_to_user_id": null,
        "in_reply_to_user_id_str": null,
        "in_reply_to_screen_name": null,
        "user": {
            "id": 1231514832479948802,
            "id_str": "1231514832479948802",
            "name": "Animal Adoptions UK 🐕‍🦺🐈🐎❤️",
            "screen_name": "AdoptionsUk",
            "location": "Wales ,UK",
            "url": "https://animaladoptions.uk/",
            "description": "Please share the animals on my page to help them find homes, all with charities in the UK.",
            "translator_type": "none",
            "protected": false,
            "verified": false,
            "verified_type": "blue",
            "followers_count": 66334,
            "friends_count": 56205,
            "listed_count": 125,
            "favourites_count": 72061,
            "statuses_count": 96511,
            "created_at": "Sun Feb 23 09:43:26 +0000 2020",
            "utc_offset": null,
            "time_zone": null,
            "geo_enabled": true,
            "lang": null,
            "contributors_enabled": false,
            "is_translator": false,
            "profile_background_color": "F5F8FA",
            "profile_background_image_url": "",
            "profile_background_image_url_https": "",
            "profile_background_tile": false,
            "profile_link_color": "1DA1F2",
            "profile_sidebar_border_color": "C0DEED",
            "profile_sidebar_fill_color": "DDEEF6",
            "profile_text_color": "333333",
            "profile_use_background_image": true,
            "profile_image_url": "http://pbs.twimg.com/profile_images/1231515403769217024/CMcHwLEh_normal.jpg",
            "profile_image_url_https": "https://pbs.twimg.com/profile_images/1231515403769217024/CMcHwLEh_normal.jpg",
            "profile_banner_url": "https://pbs.twimg.com/profile_banners/1231514832479948802/1582451457",
            "default_profile": true,
            "default_profile_image": false,
            "following": null,
            "follow_request_sent": null,
            "notifications": null,
            "withheld_in_countries": []
        },
        "geo": null,
        "coordinates": null,
        "place": null,
        "contributors": null,
        "is_quote_status": false,
        "extended_tweet": {
            "full_text": "Please retweet to help Tommy and Ruby find a home together #ABERDEENSHIRE #SCOTLAND #UK \n\nBONDED PAIR, Jack Russells crosses, aged 7. They are looking for an adult home as the only pets ❤️\n\nDETAILS or APPLY👇\nhttps://t.co/IS4a0Jsy60…\n\n#dogs #RescueDogs  #pets #AdoptDontShop https://t.co/8vbHjezZcO",
            "display_text_range": [
                0,
                273
            ],
            "entities": {
                "hashtags": [
                    {
                        "text": "ABERDEENSHIRE",
                        "indices": [
                            59,
                            73
                        ]
                    },
                    {
                        "text": "SCOTLAND",
                        "indices": [
                            74,
                            83
                        ]
                    },
                    {
                        "text": "UK",
                        "indices": [
                            84,
                            87
                        ]
                    },
                    {
                        "text": "dogs",
                        "indices": [
                            234,
                            239
                        ]
                    },
                    {
                        "text": "RescueDogs",
                        "indices": [
                            240,
                            251
                        ]
                    },
                    {
                        "text": "pets",
                        "indices": [
                            253,
                            258
                        ]
                    },
                    {
                        "text": "AdoptDontShop",
                        "indices": [
                            259,
                            273
                        ]
                    }
                ],
                "urls": [
                    {
                        "url": "https://t.co/IS4a0Jsy60",
                        "expanded_url": "https://scottishspca.org/rehome-a-pet/9638-tommy-and-ruby",
                        "display_url": "scottishspca.org/rehome-a-pet/9…",
                        "indices": [
                            208,
                            231
                        ]
                    }
                ],
                "user_mentions": [],
                "symbols": [],
                "media": [
                    {
                        "id": 1614955249009131521,
                        "id_str": "1614955249009131521",
                        "indices": [
                            274,
                            297
                        ],
                        "media_url": "http://pbs.twimg.com/media/Fml5PhlXgAEmgQP.jpg",
                        "media_url_https": "https://pbs.twimg.com/media/Fml5PhlXgAEmgQP.jpg",
                        "url": "https://t.co/8vbHjezZcO",
                        "display_url": "pic.twitter.com/8vbHjezZcO",
                        "expanded_url": "https://twitter.com/AdoptionsUk/status/1614955267883499520/photo/1",
                        "type": "photo",
                        "sizes": {
                            "thumb": {
                                "w": 150,
                                "h": 150,
                                "resize": "crop"
                            },
                            "medium": {
                                "w": 847,
                                "h": 530,
                                "resize": "fit"
                            },
                            "large": {
                                "w": 847,
                                "h": 530,
                                "resize": "fit"
                            },
                            "small": {
                                "w": 680,
                                "h": 426,
                                "resize": "fit"
                            }
                        }
                    }
                ]
            },
            "extended_entities": {
                "media": [
                    {
                        "id": 1614955249009131521,
                        "id_str": "1614955249009131521",
                        "indices": [
                            274,
                            297
                        ],
                        "media_url": "http://pbs.twimg.com/media/Fml5PhlXgAEmgQP.jpg",
                        "media_url_https": "https://pbs.twimg.com/media/Fml5PhlXgAEmgQP.jpg",
                        "url": "https://t.co/8vbHjezZcO",
                        "display_url": "pic.twitter.com/8vbHjezZcO",
                        "expanded_url": "https://twitter.com/AdoptionsUk/status/1614955267883499520/photo/1",
                        "type": "photo",
                        "sizes": {
                            "thumb": {
                                "w": 150,
                                "h": 150,
                                "resize": "crop"
                            },
                            "medium": {
                                "w": 847,
                                "h": 530,
                                "resize": "fit"
                            },
                            "large": {
                                "w": 847,
                                "h": 530,
                                "resize": "fit"
                            },
                            "small": {
                                "w": 680,
                                "h": 426,
                                "resize": "fit"
                            }
                        }
                    }
                ]
            }
        },
        "quote_count": 0,
        "reply_count": 0,
        "retweet_count": 155,
        "favorite_count": 88,
        "entities": {
            "hashtags": [
                {
                    "text": "ABERDEENSHIRE",
                    "indices": [
                        59,
                        73
                    ]
                },
                {
                    "text": "SCOTLAND",
                    "indices": [
                        74,
                        83
                    ]
                },
                {
                    "text": "UK",
                    "indices": [
                        84,
                        87
                    ]
                }
            ],
            "urls": [
                {
                    "url": "https://t.co/MkhcqmBJ1R",
                    "expanded_url": "https://twitter.com/i/web/status/1614955267883499520",
                    "display_url": "twitter.com/i/web/status/1…",
                    "indices": [
                        117,
                        140
                    ]
                }
            ],
            "user_mentions": [],
            "symbols": []
        },
        "favorited": false,
        "retweeted": false,
        "possibly_sensitive": false,
        "filter_level": "low",
        "lang": "en"
    },
    "is_quote_status": false,
    "quote_count": 0,
    "reply_count": 0,
    "retweet_count": 0,
    "favorite_count": 0,
    "entities": {
        "hashtags": [
            {
                "text": "ABERDEENSHIRE",
                "indices": [
                    76,
                    90
                ]
            },
            {
                "text": "SCOTLAND",
                "indices": [
                    91,
                    100
                ]
            },
            {
                "text": "UK",
                "indices": [
                    101,
                    104
                ]
            }
        ],
        "urls": [],
        "user_mentions": [
            {
                "screen_name": "AdoptionsUk",
                "name": "Animal Adoptions UK 🐕‍🦺🐈🐎❤️",
                "id": 1231514832479948802,
                "id_str": "1231514832479948802",
                "indices": [
                    3,
                    15
                ]
            }
        ],
        "symbols": []
    },
    "favorited": false,
    "retweeted": false,
    "filter_level": "low",
    "lang": "en",
    "timestamp_ms": "1674023868421"
}