{
    "created_at": "Wed Jan 18 06:37:42 +0000 2023",
    "id": 1615599292814598147,
    "id_str": "1615599292814598147",
    "text": "RT @shaynedelande_: I landed back in London after nearly two months back in Caribbean on Thursday morning. I booked my flight back home on…",
    "source": "<a href=\"http://twitter.com/download/iphone\" rel=\"nofollow\">Twitter for iPhone</a>",
    "truncated": false,
    "in_reply_to_status_id": null,
    "in_reply_to_status_id_str": null,
    "in_reply_to_user_id": null,
    "in_reply_to_user_id_str": null,
    "in_reply_to_screen_name": null,
    "user": {
        "id": 19989093,
        "id_str": "19989093",
        "name": "ً",
        "screen_name": "drewskt",
        "location": null,
        "url": null,
        "description": "• 🇬🇭 • just vibes",
        "translator_type": "none",
        "protected": false,
        "verified": false,
        "verified_type": "blue",
        "followers_count": 630,
        "friends_count": 633,
        "listed_count": 8,
        "favourites_count": 77029,
        "statuses_count": 52230,
        "created_at": "Tue Feb 03 17:59:45 +0000 2009",
        "utc_offset": null,
        "time_zone": null,
        "geo_enabled": true,
        "lang": null,
        "contributors_enabled": false,
        "is_translator": false,
        "profile_background_color": "1A1B1F",
        "profile_background_image_url": "http://abs.twimg.com/images/themes/theme9/bg.gif",
        "profile_background_image_url_https": "https://abs.twimg.com/images/themes/theme9/bg.gif",
        "profile_background_tile": true,
        "profile_link_color": "DD2E44",
        "profile_sidebar_border_color": "FFFFFF",
        "profile_sidebar_fill_color": "252429",
        "profile_text_color": "666666",
        "profile_use_background_image": true,
        "profile_image_url": "http://pbs.twimg.com/profile_images/1568211574627700742/RtzcQH77_normal.jpg",
        "profile_image_url_https": "https://pbs.twimg.com/profile_images/1568211574627700742/RtzcQH77_normal.jpg",
        "profile_banner_url": "https://pbs.twimg.com/profile_banners/19989093/1534731461",
        "default_profile": false,
        "default_profile_image": false,
        "following": null,
        "follow_request_sent": null,
        "notifications": null,
        "withheld_in_countries": []
    },
    "geo": null,
    "coordinates": null,
    "place": null,
    "contributors": null,
    "retweeted_status": {
        "created_at": "Mon Jan 16 15:38:41 +0000 2023",
        "id": 1615010658721857539,
        "id_str": "1615010658721857539",
        "text": "I landed back in London after nearly two months back in Caribbean on Thursday morning. I booked my flight back home on Thursday afternoon.",
        "source": "<a href=\"http://twitter.com/download/iphone\" rel=\"nofollow\">Twitter for iPhone</a>",
        "truncated": false,
        "in_reply_to_status_id": null,
        "in_reply_to_status_id_str": null,
        "in_reply_to_user_id": null,
        "in_reply_to_user_id_str": null,
        "in_reply_to_screen_name": null,
        "user": {
            "id": 1087526212145160193,
            "id_str": "1087526212145160193",
            "name": "Shayne.",
            "screen_name": "shaynedelande_",
            "location": "South London",
            "url": null,
            "description": "🇹🇹 Historian of Radical Caribbean history and culture. The local hood farmer and Gardener. Post Grad Student of Global Black Studies.",
            "translator_type": "none",
            "protected": false,
            "verified": false,
            "verified_type": "blue",
            "followers_count": 3558,
            "friends_count": 1431,
            "listed_count": 15,
            "favourites_count": 15793,
            "statuses_count": 8845,
            "created_at": "Tue Jan 22 01:43:49 +0000 2019",
            "utc_offset": null,
            "time_zone": null,
            "geo_enabled": false,
            "lang": null,
            "contributors_enabled": false,
            "is_translator": false,
            "profile_background_color": "F5F8FA",
            "profile_background_image_url": "",
            "profile_background_image_url_https": "",
            "profile_background_tile": false,
            "profile_link_color": "1DA1F2",
            "profile_sidebar_border_color": "C0DEED",
            "profile_sidebar_fill_color": "DDEEF6",
            "profile_text_color": "333333",
            "profile_use_background_image": true,
            "profile_image_url": "http://pbs.twimg.com/profile_images/1607847732076580870/dSzq4Zz6_normal.jpg",
            "profile_image_url_https": "https://pbs.twimg.com/profile_images/1607847732076580870/dSzq4Zz6_normal.jpg",
            "profile_banner_url": "https://pbs.twimg.com/profile_banners/1087526212145160193/1653417966",
            "default_profile": true,
            "default_profile_image": false,
            "following": null,
            "follow_request_sent": null,
            "notifications": null,
            "withheld_in_countries": []
        },
        "geo": null,
        "coordinates": null,
        "place": null,
        "contributors": null,
        "is_quote_status": false,
        "quote_count": 71,
        "reply_count": 16,
        "retweet_count": 183,
        "favorite_count": 2588,
        "entities": {
            "hashtags": [],
            "urls": [],
            "user_mentions": [],
            "symbols": []
        },
        "favorited": false,
        "retweeted": false,
        "filter_level": "low",
        "lang": "en"
    },
    "is_quote_status": false,
    "quote_count": 0,
    "reply_count": 0,
    "retweet_count": 0,
    "favorite_count": 0,
    "entities": {
        "hashtags": [],
        "urls": [],
        "user_mentions": [
            {
                "screen_name": "shaynedelande_",
                "name": "Shayne.",
                "id": 1087526212145160193,
                "id_str": "1087526212145160193",
                "indices": [
                    3,
                    18
                ]
            }
        ],
        "symbols": []
    },
    "favorited": false,
    "retweeted": false,
    "filter_level": "low",
    "lang": "en",
    "timestamp_ms": "1674023862447"
}