{
    "created_at": "Wed Jan 18 06:37:42 +0000 2023",
    "id": 1615599292005355523,
    "id_str": "1615599292005355523",
    "text": "MORE Russian money for the Sunak’s!",
    "source": "<a href=\"http://twitter.com/#!/download/ipad\" rel=\"nofollow\">Twitter for iPad</a>",
    "truncated": false,
    "in_reply_to_status_id": null,
    "in_reply_to_status_id_str": null,
    "in_reply_to_user_id": null,
    "in_reply_to_user_id_str": null,
    "in_reply_to_screen_name": null,
    "user": {
        "id": 1239257282644520965,
        "id_str": "1239257282644520965",
        "name": "Tom Johnson",
        "screen_name": "TomJohnson1965",
        "location": "In Exile.",
        "url": null,
        "description": "#SaveOurNHS #BLM #LGBTQ #RejoinEU #GTTO TomJohnson1965@mastodon.sdf.org",
        "translator_type": "none",
        "protected": false,
        "verified": false,
        "verified_type": "blue",
        "followers_count": 6709,
        "friends_count": 7380,
        "listed_count": 6,
        "favourites_count": 125360,
        "statuses_count": 36778,
        "created_at": "Sun Mar 15 18:29:23 +0000 2020",
        "utc_offset": null,
        "time_zone": null,
        "geo_enabled": true,
        "lang": null,
        "contributors_enabled": false,
        "is_translator": false,
        "profile_background_color": "F5F8FA",
        "profile_background_image_url": "",
        "profile_background_image_url_https": "",
        "profile_background_tile": false,
        "profile_link_color": "1DA1F2",
        "profile_sidebar_border_color": "C0DEED",
        "profile_sidebar_fill_color": "DDEEF6",
        "profile_text_color": "333333",
        "profile_use_background_image": true,
        "profile_image_url": "http://pbs.twimg.com/profile_images/1603285215941726209/PiY17wP6_normal.jpg",
        "profile_image_url_https": "https://pbs.twimg.com/profile_images/1603285215941726209/PiY17wP6_normal.jpg",
        "profile_banner_url": "https://pbs.twimg.com/profile_banners/1239257282644520965/1671087992",
        "default_profile": true,
        "default_profile_image": false,
        "following": null,
        "follow_request_sent": null,
        "notifications": null,
        "withheld_in_countries": []
    },
    "geo": null,
    "coordinates": null,
    "place": null,
    "contributors": null,
    "quoted_status_id": 1615597990206668801,
    "quoted_status_id_str": "1615597990206668801",
    "quoted_status": {
        "created_at": "Wed Jan 18 06:32:31 +0000 2023",
        "id": 1615597990206668801,
        "id_str": "1615597990206668801",
        "text": "https://t.co/Se3vUOB8VR",
        "display_text_range": [
            0,
            0
        ],
        "source": "<a href=\"https://mobile.twitter.com\" rel=\"nofollow\">Twitter Web App</a>",
        "truncated": false,
        "in_reply_to_status_id": null,
        "in_reply_to_status_id_str": null,
        "in_reply_to_user_id": null,
        "in_reply_to_user_id_str": null,
        "in_reply_to_screen_name": null,
        "user": {
            "id": 1479537824529633280,
            "id_str": "1479537824529633280",
            "name": "Cue🌞🐟 #EnoughIsEnough #UniteB1 #UpRise #WeROne",
            "screen_name": "Saccaguru",
            "location": "An atom in the multiverse",
            "url": null,
            "description": "Silent Whisper Theorist #AntiToryCoalition #ClimateCrises #NHS  #VoteSmart #TacticalAlliance #TruthKind #FactsMatter\n#UniteB1 #SaveOurNHS\n#UpRise \n#PutinsBrexit",
            "translator_type": "none",
            "protected": false,
            "verified": false,
            "verified_type": "blue",
            "followers_count": 7010,
            "friends_count": 6992,
            "listed_count": 3,
            "favourites_count": 93206,
            "statuses_count": 156554,
            "created_at": "Fri Jan 07 19:39:15 +0000 2022",
            "utc_offset": null,
            "time_zone": null,
            "geo_enabled": false,
            "lang": null,
            "contributors_enabled": false,
            "is_translator": false,
            "profile_background_color": "F5F8FA",
            "profile_background_image_url": "",
            "profile_background_image_url_https": "",
            "profile_background_tile": false,
            "profile_link_color": "1DA1F2",
            "profile_sidebar_border_color": "C0DEED",
            "profile_sidebar_fill_color": "DDEEF6",
            "profile_text_color": "333333",
            "profile_use_background_image": true,
            "profile_image_url": "http://pbs.twimg.com/profile_images/1600411716650733568/DT8FcHlS_normal.jpg",
            "profile_image_url_https": "https://pbs.twimg.com/profile_images/1600411716650733568/DT8FcHlS_normal.jpg",
            "profile_banner_url": "https://pbs.twimg.com/profile_banners/1479537824529633280/1670186742",
            "default_profile": true,
            "default_profile_image": false,
            "following": null,
            "follow_request_sent": null,
            "notifications": null,
            "withheld_in_countries": []
        },
        "geo": null,
        "coordinates": null,
        "place": null,
        "contributors": null,
        "is_quote_status": false,
        "quote_count": 0,
        "reply_count": 0,
        "retweet_count": 0,
        "favorite_count": 0,
        "entities": {
            "hashtags": [],
            "urls": [],
            "user_mentions": [],
            "symbols": [],
            "media": [
                {
                    "id": 1615597975249510401,
                    "id_str": "1615597975249510401",
                    "indices": [
                        0,
                        23
                    ],
                    "media_url": "http://pbs.twimg.com/media/FmvBzHaWYAErmin.jpg",
                    "media_url_https": "https://pbs.twimg.com/media/FmvBzHaWYAErmin.jpg",
                    "url": "https://t.co/Se3vUOB8VR",
                    "display_url": "pic.twitter.com/Se3vUOB8VR",
                    "expanded_url": "https://twitter.com/Saccaguru/status/1615597990206668801/photo/1",
                    "type": "photo",
                    "sizes": {
                        "medium": {
                            "w": 690,
                            "h": 1008,
                            "resize": "fit"
                        },
                        "thumb": {
                            "w": 150,
                            "h": 150,
                            "resize": "crop"
                        },
                        "large": {
                            "w": 690,
                            "h": 1008,
                            "resize": "fit"
                        },
                        "small": {
                            "w": 465,
                            "h": 680,
                            "resize": "fit"
                        }
                    }
                }
            ]
        },
        "extended_entities": {
            "media": [
                {
                    "id": 1615597975249510401,
                    "id_str": "1615597975249510401",
                    "indices": [
                        0,
                        23
                    ],
                    "media_url": "http://pbs.twimg.com/media/FmvBzHaWYAErmin.jpg",
                    "media_url_https": "https://pbs.twimg.com/media/FmvBzHaWYAErmin.jpg",
                    "url": "https://t.co/Se3vUOB8VR",
                    "display_url": "pic.twitter.com/Se3vUOB8VR",
                    "expanded_url": "https://twitter.com/Saccaguru/status/1615597990206668801/photo/1",
                    "type": "photo",
                    "sizes": {
                        "medium": {
                            "w": 690,
                            "h": 1008,
                            "resize": "fit"
                        },
                        "thumb": {
                            "w": 150,
                            "h": 150,
                            "resize": "crop"
                        },
                        "large": {
                            "w": 690,
                            "h": 1008,
                            "resize": "fit"
                        },
                        "small": {
                            "w": 465,
                            "h": 680,
                            "resize": "fit"
                        }
                    }
                }
            ]
        },
        "favorited": false,
        "retweeted": false,
        "possibly_sensitive": false,
        "filter_level": "low",
        "lang": "zxx"
    },
    "quoted_status_permalink": {
        "url": "https://t.co/l7DDduJEcJ",
        "expanded": "https://twitter.com/saccaguru/status/1615597990206668801",
        "display": "twitter.com/saccaguru/stat…"
    },
    "is_quote_status": true,
    "quote_count": 0,
    "reply_count": 0,
    "retweet_count": 0,
    "favorite_count": 0,
    "entities": {
        "hashtags": [],
        "urls": [],
        "user_mentions": [],
        "symbols": []
    },
    "favorited": false,
    "retweeted": false,
    "filter_level": "low",
    "lang": "en",
    "timestamp_ms": "1674023862254"
}