{
    "created_at": "Wed Jan 18 06:37:49 +0000 2023",
    "id": 1615599321063227393,
    "id_str": "1615599321063227393",
    "text": "Link: https://t.co/NInGyfgXbE...",
    "source": "<a href=\"https://ausverkauf.eu\" rel=\"nofollow\">ausverkauf.eu</a>",
    "truncated": false,
    "in_reply_to_status_id": null,
    "in_reply_to_status_id_str": null,
    "in_reply_to_user_id": null,
    "in_reply_to_user_id_str": null,
    "in_reply_to_screen_name": null,
    "user": {
        "id": 1277193540892856320,
        "id_str": "1277193540892856320",
        "name": "ausverkauf.eu",
        "screen_name": "AusverkaufE",
        "location": null,
        "url": null,
        "description": null,
        "translator_type": "none",
        "protected": false,
        "verified": false,
        "verified_type": "blue",
        "followers_count": 4,
        "friends_count": 148,
        "listed_count": 0,
        "favourites_count": 0,
        "statuses_count": 1231204,
        "created_at": "Sun Jun 28 10:54:15 +0000 2020",
        "utc_offset": null,
        "time_zone": null,
        "geo_enabled": false,
        "lang": null,
        "contributors_enabled": false,
        "is_translator": false,
        "profile_background_color": "F5F8FA",
        "profile_background_image_url": "",
        "profile_background_image_url_https": "",
        "profile_background_tile": false,
        "profile_link_color": "1DA1F2",
        "profile_sidebar_border_color": "C0DEED",
        "profile_sidebar_fill_color": "DDEEF6",
        "profile_text_color": "333333",
        "profile_use_background_image": true,
        "profile_image_url": "http://abs.twimg.com/sticky/default_profile_images/default_profile_normal.png",
        "profile_image_url_https": "https://abs.twimg.com/sticky/default_profile_images/default_profile_normal.png",
        "default_profile": true,
        "default_profile_image": false,
        "following": null,
        "follow_request_sent": null,
        "notifications": null,
        "withheld_in_countries": []
    },
    "geo": null,
    "coordinates": null,
    "place": null,
    "contributors": null,
    "is_quote_status": false,
    "quote_count": 0,
    "reply_count": 0,
    "retweet_count": 0,
    "favorite_count": 0,
    "entities": {
        "hashtags": [],
        "urls": [
            {
                "url": "https://t.co/NInGyfgXbE",
                "expanded_url": "https://shoppingtown24.de/?product=mcombo-racing-gaming-stuhl-mit-hocker-360drehbarer-relaxsessel-mit-liegefunktion-moderner-fer",
                "display_url": "shoppingtown24.de/?product=mcomb…",
                "indices": [
                    6,
                    29
                ]
            }
        ],
        "user_mentions": [],
        "symbols": []
    },
    "favorited": false,
    "retweeted": false,
    "possibly_sensitive": false,
    "filter_level": "low",
    "lang": "en",
    "timestamp_ms": "1674023869182"
}